date,symbol,regime_entry,regime_now,unrealized_pct,days_held,ml_rank_entry,ml_rank_now,stop_pct,vix_now,recovered_10d
2017-04-04,NVDA,CHOPPY,CHOPPY,-0.077,11,0.9974,0.9842,0.0734,12.38,0
2017-06-15,ADBE,TRENDING_BULL,TRENDING_BULL,-0.0346,21,0.9182,0.7704,0.0623,10.64,1
2017-07-06,INTU,TRENDING_BULL,CHOPPY,-0.0641,23,0.9604,0.9736,0.04,11.07,0
2017-07-06,NEE,TRENDING_BULL,CHOPPY,-0.0136,21,0.9974,0.9789,0.04,11.07,1
2017-07-12,RH,CHOPPY,CHOPPY,0.0978,1,0.9235,0.5224,0.146,10.89,1
2017-07-18,BLK,TRENDING_BULL,CHOPPY,0.0004,21,0.9499,0.8734,0.0403,9.82,1
2017-08-03,ICE,TRENDING_BULL,TRENDING_BULL,-0.0333,9,0.8549,0.4301,0.0453,10.28,0
2017-08-08,ORCL,TRENDING_BULL,TRENDING_BULL,-0.0375,14,0.8892,0.7889,0.04,9.93,0
2017-08-17,LLY,TRENDING_BULL,CHOPPY,-0.0503,21,0.9156,0.9446,0.04,11.74,1
2017-08-18,LLY,TRENDING_BULL,CHOPPY,-0.0592,22,0.9156,0.9446,0.04,15.55,1
2017-08-21,LLY,TRENDING_BULL,CHOPPY,-0.0555,25,0.9156,0.9789,0.04,14.26,1
2017-08-21,BLK,TRENDING_BULL,CHOPPY,-0.0334,11,0.8813,0.8734,0.04,14.26,0
2017-08-22,LLY,TRENDING_BULL,CHOPPY,-0.0447,26,0.9156,0.9789,0.04,13.19,1
2017-08-23,LLY,TRENDING_BULL,CHOPPY,-0.0461,27,0.9156,0.9657,0.04,11.35,1
2017-08-29,BLK,TRENDING_BULL,CHOPPY,-0.0363,19,0.8813,0.8026,0.04,11.32,1
2017-09-15,ORCL,CHOPPY,TRENDING_BULL,-0.0477,9,0.8711,0.7947,0.0547,10.44,0
2017-09-27,AAPL,CHOPPY,TRENDING_BULL,-0.054,21,0.9211,0.8105,0.0575,10.17,0
2017-11-09,PANW,TRENDING_BULL,CHOPPY,-0.0614,9,0.8953,0.6815,0.0652,9.78,1
2017-11-20,MRVL,TRENDING_BULL,CHOPPY,0.1761,20,0.8874,0.9504,0.065,11.43,1
2017-11-29,AAPL,CHOPPY,CHOPPY,-0.0111,12,0.9582,0.9399,0.04,10.03,1
2017-12-01,ANET,CHOPPY,CHOPPY,-0.0535,7,0.8616,0.9739,0.0783,11.28,0
2017-12-06,AAPL,CHOPPY,CHOPPY,-0.0138,19,0.9582,0.7807,0.0419,11.33,1
2017-12-07,NRG,CHOPPY,CHOPPY,-0.0428,9,0.9843,0.9191,0.0585,11.02,1
2018-01-31,MCD,TRENDING_BULL,TRENDING_BULL,-0.0156,21,0.9582,0.7859,0.0434,14.79,0
2018-02-02,ROST,TRENDING_BULL,TRENDING_BULL,-0.0181,23,0.953,0.8486,0.0673,13.47,1
2018-02-05,MSFT,TRENDING_BULL,CHOPPY,-0.0004,26,0.9321,0.9373,0.0573,17.31,1
2018-02-05,INTU,TRENDING_BULL,CHOPPY,-0.0429,26,0.9138,0.9765,0.0437,17.31,1
2018-02-05,ROST,TRENDING_BULL,CHOPPY,-0.0452,26,0.953,0.8486,0.057,17.31,1
2018-02-05,NVDA,TRENDING_BULL,CHOPPY,-0.1078,12,0.9713,0.9817,0.0984,17.31,1
2018-02-05,MS,TRENDING_BULL,CHOPPY,-0.0718,4,0.9217,0.7572,0.0609,17.31,1
2018-02-05,BLK,TRENDING_BULL,CHOPPY,-0.0668,4,0.8642,0.3368,0.0629,17.31,0
2018-02-06,MSFT,TRENDING_BULL,CHOPPY,0.0374,27,0.9321,0.9295,0.0636,37.32,1
2018-02-06,INTU,TRENDING_BULL,CHOPPY,-0.0233,27,0.9138,0.9582,0.0494,37.32,1
2018-02-07,INTU,TRENDING_BULL,CHOPPY,-0.0208,28,0.9138,0.9582,0.0546,29.98,1
2018-02-08,INTU,TRENDING_BULL,CHOPPY,-0.0726,29,0.9138,0.9608,0.0637,27.73,1
2018-02-09,INTU,TRENDING_BULL,CHOPPY,-0.0464,30,0.9138,0.9608,0.0691,33.46,1
2018-02-09,NOW,TRENDING_BULL,CHOPPY,-0.0454,8,0.8721,0.9791,0.0959,33.46,1
2018-02-12,INTU,TRENDING_BULL,CHOPPY,-0.0324,33,0.9138,0.9452,0.07,29.06,1
2018-02-13,INTU,TRENDING_BULL,CHOPPY,-0.0325,34,0.9138,0.9452,0.0728,25.61,1
2018-02-16,ANET,CHOPPY,CHOPPY,-0.1863,1,1.0,0.9818,0.1863,19.13,1
2018-03-23,CME,CHOPPY,TRENDING_BULL,-0.0564,24,0.9375,0.5039,0.0737,23.34,1
2018-03-23,AAPL,TRENDING_BULL,TRENDING_BULL,-0.0778,8,0.9584,0.8312,0.0545,23.34,1
2018-03-23,BSX,TRENDING_BULL,TRENDING_BULL,-0.0649,8,0.8857,0.7506,0.0578,23.34,1
2018-03-28,ISRG,TRENDING_BULL,CHOPPY,-0.0731,9,0.9247,0.7403,0.0683,22.5,1
2018-04-02,PGR,TRENDING_BULL,CHOPPY,-0.0302,18,0.9247,0.9351,0.0505,19.97,1
2018-04-02,TMO,TRENDING_BULL,CHOPPY,-0.0382,14,0.8545,0.7065,0.0529,19.97,1
2018-04-25,SJM,CHOPPY,CHOPPY,-0.0447,7,0.7403,0.4093,0.0534,18.02,0
2018-05-03,SHOP,BEAR,BEAR,0.083,0,0.9896,0.9896,0.0971,15.97,1
2018-06-21,CAT,TRENDING_BULL,TRENDING_BULL,-0.0973,23,0.8889,0.8398,0.0684,12.79,0
2018-06-25,MRVL,TRENDING_BULL,TRENDING_BULL,-0.0965,21,0.9096,0.8217,0.1,13.77,1
2018-06-26,MRVL,TRENDING_BULL,TRENDING_BULL,-0.1086,22,0.9096,0.8217,0.1021,17.33,1
2018-06-27,AVGO,TRENDING_BULL,TRENDING_BULL,-0.0527,15,0.9173,0.7545,0.0729,15.92,0
2018-06-28,BA,TRENDING_BULL,CHOPPY,-0.0663,30,0.8527,0.9767,0.0592,17.91,1
2018-06-28,AVGO,TRENDING_BULL,CHOPPY,-0.0611,16,0.9173,0.7545,0.057,17.91,0
2018-06-28,NVDA,TRENDING_BULL,CHOPPY,-0.0787,9,0.8915,0.9716,0.0697,17.91,1
2018-06-29,BA,TRENDING_BULL,CHOPPY,-0.0639,31,0.8527,0.9225,0.0595,16.85,1
2018-06-29,AVGO,TRENDING_BULL,CHOPPY,-0.0698,17,0.9173,0.8114,0.0567,16.85,0
2018-07-02,AVGO,TRENDING_BULL,CHOPPY,-0.0721,20,0.9173,0.8114,0.0582,16.09,0
2018-07-03,AVGO,TRENDING_BULL,CHOPPY,-0.0827,21,0.9173,0.9535,0.0582,15.6,1
2018-07-05,AVGO,TRENDING_BULL,CHOPPY,-0.0592,23,0.9173,0.9535,0.0573,16.14,0
2018-07-06,AVGO,TRENDING_BULL,CHOPPY,-0.0505,24,0.9173,0.8915,0.0559,14.97,0
2018-07-09,AVGO,TRENDING_BULL,CHOPPY,-0.0514,27,0.9173,0.8915,0.0543,13.37,0
2018-07-10,AVGO,TRENDING_BULL,CHOPPY,-0.0395,28,0.9173,0.9044,0.0496,12.69,0
2018-07-24,NFLX,CHOPPY,CHOPPY,-0.1044,8,0.9974,0.8217,0.1013,12.62,0
2018-08-31,CMG,TRENDING_BULL,TRENDING_BULL,-0.0781,8,0.9251,0.8346,0.0928,13.53,1
2018-10-08,INTU,TRENDING_BULL,TRENDING_BULL,-0.0096,13,0.969,0.739,0.0667,14.82,1
2018-10-08,BKNG,TRENDING_BULL,TRENDING_BULL,-0.0433,5,0.8553,0.6305,0.0495,14.82,0
2018-10-10,AAPL,TRENDING_BULL,TRENDING_BULL,-0.0118,21,0.9225,0.7313,0.0681,15.95,1
2018-10-10,DHR,TRENDING_BULL,TRENDING_BULL,-0.0522,8,0.9276,0.4548,0.0413,15.95,0
2018-10-10,VRTX,TRENDING_BULL,TRENDING_BULL,-0.0822,8,0.9173,0.7494,0.0702,15.95,1
2018-10-11,MDT,TRENDING_BULL,CHOPPY,-0.0301,23,0.863,0.1938,0.0454,22.96,1
2018-10-11,AAPL,TRENDING_BULL,CHOPPY,-0.0205,22,0.9225,0.7726,0.0599,22.96,1
2018-10-11,INTU,TRENDING_BULL,CHOPPY,-0.0854,16,0.969,0.9509,0.0736,22.96,1
2018-10-11,LLY,TRENDING_BULL,CHOPPY,0.0154,15,0.9561,0.8501,0.0525,22.96,1
2018-10-11,VRTX,TRENDING_BULL,CHOPPY,-0.0862,9,0.9173,0.6951,0.0623,22.96,1
2018-10-12,MDT,TRENDING_BULL,CHOPPY,-0.0137,24,0.863,0.3385,0.0461,24.98,1
2018-10-12,AAPL,TRENDING_BULL,CHOPPY,0.0145,23,0.9225,0.7183,0.0609,24.98,1
2018-10-12,LLY,TRENDING_BULL,CHOPPY,0.0396,16,0.9561,0.8811,0.0546,24.98,1
2018-10-15,MDT,TRENDING_BULL,CHOPPY,-0.0227,27,0.863,0.186,0.0478,21.31,1
2018-10-15,AAPL,TRENDING_BULL,CHOPPY,-0.0072,26,0.9225,0.7416,0.0636,21.31,1
2018-10-16,AAPL,TRENDING_BULL,CHOPPY,0.0147,27,0.9225,0.7416,0.064,21.3,1
2018-10-24,EOG,CHOPPY,CHOPPY,-0.1047,6,0.8734,0.7158,0.0862,20.71,0
2018-10-26,ISRG,TRENDING_BULL,CHOPPY,-0.0791,17,0.863,0.8786,0.1107,24.22,1
2018-12-24,FAST,BEAR,BEAR,-0.0871,10,0.6985,0.3995,0.0724,30.11,1
2019-02-22,INTU,CHOPPY,CHOPPY,0.131,17,0.9332,0.9666,0.0486,14.46,1
2019-02-27,AVGO,CHOPPY,CHOPPY,-0.0323,14,0.9332,0.8895,0.0463,15.17,1
2019-02-28,AVGO,CHOPPY,CHOPPY,-0.0185,15,0.9332,0.9049,0.0438,14.7,0
2019-03-04,FTNT,CHOPPY,CHOPPY,-0.0476,4,0.8535,0.946,0.0553,13.57,0
2019-03-05,FTNT,CHOPPY,CHOPPY,-0.0498,5,0.8535,0.946,0.0543,14.63,0
2019-04-25,AVGO,TRENDING_BULL,TRENDING_BULL,0.0165,23,0.8872,0.741,0.0429,13.14,1
2019-05-09,ORCL,TRENDING_BULL,TRENDING_BULL,-0.0055,21,0.9205,0.8179,0.04,19.4,1
2019-05-13,ANET,TRENDING_BULL,CHOPPY,-0.2464,21,0.9462,0.9693,0.1386,16.04,0
2019-05-13,AVGO,TRENDING_BULL,CHOPPY,-0.0655,13,0.9769,0.9284,0.0629,16.04,1
2019-05-13,NVDA,TRENDING_BULL,CHOPPY,-0.1257,11,0.8949,0.9795,0.1115,16.04,0
2019-05-13,AAPL,TRENDING_BULL,CHOPPY,-0.0997,6,0.9564,0.9156,0.0814,16.04,0
2019-05-31,BX,CHOPPY,CHOPPY,-0.08,8,0.9592,0.9821,0.0626,17.3,1
2019-06-03,ADBE,CHOPPY,CHOPPY,-0.0682,12,0.9745,0.9439,0.0657,18.71,1
2019-06-03,INTU,CHOPPY,CHOPPY,-0.0295,12,0.9668,0.9872,0.0696,18.71,1
2019-06-04,INTU,CHOPPY,CHOPPY,0.0073,13,0.9668,0.9745,0.0693,18.86,1
2019-06-26,AMT,CHOPPY,TRENDING_BULL,-0.0173,12,0.9439,0.6607,0.0522,16.28,1
2019-06-27,AMT,CHOPPY,TRENDING_BULL,-0.017,13,0.9439,0.6607,0.0524,16.21,1
2019-06-28,AMT,CHOPPY,TRENDING_BULL,-0.0237,14,0.9439,0.6378,0.0515,15.82,1
2019-07-01,AMT,CHOPPY,TRENDING_BULL,-0.034,17,0.9439,0.6378,0.0552,15.08,1
2019-07-02,AMT,CHOPPY,TRENDING_BULL,-0.0181,18,0.9439,0.6122,0.0549,14.06,1
2019-07-31,BKNG,TRENDING_BULL,TRENDING_BULL,0.0016,15,0.9008,0.6768,0.0459,13.94,1
2019-08-06,ADBE,TRENDING_BULL,CHOPPY,-0.0726,21,0.9033,0.9796,0.0614,24.59,1
2019-08-06,NVDA,TRENDING_BULL,CHOPPY,-0.0904,20,0.9975,0.7099,0.0939,24.59,1
2019-08-06,NOW,TRENDING_BULL,CHOPPY,-0.1147,14,0.8626,0.9567,0.0898,24.59,0
2019-08-06,ORCL,TRENDING_BULL,CHOPPY,-0.0725,14,0.855,0.8753,0.0467,24.59,0
2019-08-07,ADBE,TRENDING_BULL,CHOPPY,-0.0635,22,0.9033,0.967,0.0634,20.17,0
2019-09-26,BKNG,TRENDING_BULL,TRENDING_BULL,-0.045,9,0.8633,0.8127,0.0521,15.96,0
2019-10-02,EBAY,TRENDING_BULL,TRENDING_BULL,-0.0519,21,0.8532,0.7392,0.0605,18.56,0
2019-10-08,INTU,CHOPPY,CHOPPY,-0.0467,49,0.9671,0.962,0.0579,17.86,1
2019-10-21,BA,CHOPPY,CHOPPY,-0.1058,5,0.9063,0.9116,0.0653,14.25,1
2019-11-26,PANW,TRENDING_BULL,CHOPPY,-0.0348,28,0.8914,0.8967,0.0716,11.87,1
2019-11-26,OXY,TRENDING_BULL,CHOPPY,-0.0868,21,0.8791,0.8892,0.084,11.87,0
2020-01-31,DHR,TRENDING_BULL,CHOPPY,-0.0068,15,0.8543,0.2714,0.0435,15.49,1
2020-02-03,AAPL,TRENDING_BULL,CHOPPY,-0.0331,12,0.8568,0.9422,0.0585,18.84,1
2020-02-24,INTU,CHOPPY,CHOPPY,-0.0249,17,0.9447,0.9874,0.0603,17.08,0
2020-02-24,NVDA,CHOPPY,CHOPPY,0.0203,13,0.8769,0.9774,0.1122,17.08,1
2020-02-24,ADBE,CHOPPY,CHOPPY,-0.0707,5,0.9573,0.9749,0.0595,17.08,0
2020-02-25,INTU,CHOPPY,CHOPPY,-0.0305,18,0.9447,0.9874,0.0657,25.03,0
2020-02-25,NVDA,CHOPPY,CHOPPY,-0.0217,14,0.8769,0.9774,0.126,25.03,1
2020-02-26,INTU,CHOPPY,CHOPPY,-0.0465,19,0.9447,0.9623,0.0668,27.85,1
2020-02-26,NVDA,CHOPPY,CHOPPY,-0.0008,15,0.8769,0.8643,0.1288,27.85,1
2020-02-26,PODD,CHOPPY,CHOPPY,-0.1394,1,0.9899,0.995,0.1079,27.85,0
2020-02-27,INTU,CHOPPY,CHOPPY,-0.0851,20,0.9447,0.9623,0.0744,27.56,1
2020-02-27,NVDA,CHOPPY,CHOPPY,-0.057,16,0.8769,0.8643,0.146,27.56,1
2020-02-28,INTU,CHOPPY,CHOPPY,-0.095,21,0.9447,0.9925,0.081,39.16,1
2020-02-28,NVDA,CHOPPY,CHOPPY,0.0083,17,0.8769,0.7915,0.1544,39.16,1
2020-03-02,INTU,CHOPPY,CHOPPY,-0.0428,24,0.9447,0.9925,0.0852,40.11,0
2020-03-02,NVDA,CHOPPY,CHOPPY,0.032,20,0.8769,0.7915,0.1542,40.11,1
2020-03-03,INTU,CHOPPY,CHOPPY,-0.0869,25,0.9447,0.9899,0.1007,33.42,1
2020-03-04,INTU,CHOPPY,CHOPPY,-0.0279,26,0.9447,0.9899,0.1033,36.82,0
2020-03-05,INTU,CHOPPY,BEAR,-0.0224,27,0.9447,0.9899,0.0879,31.99,0
2020-03-06,INTU,CHOPPY,BEAR,-0.0598,28,0.9447,0.9824,0.0976,39.62,0
2020-03-09,INTU,CHOPPY,BEAR,-0.1148,31,0.9447,0.9774,0.1165,41.94,0
2020-03-10,INTU,CHOPPY,BEAR,-0.082,32,0.9447,0.9774,0.117,54.46,0
2020-03-11,INTU,CHOPPY,BEAR,-0.1111,33,0.9447,0.9824,0.1235,47.3,0
2020-03-12,INTU,CHOPPY,BEAR,-0.19,34,0.9447,0.9824,0.1455,53.9,0
2020-03-13,INTU,CHOPPY,BEAR,-0.1107,35,0.9447,0.9799,0.1362,75.47,0
2020-03-16,INTU,CHOPPY,BEAR,-0.2394,38,0.9447,0.9799,0.1726,57.83,0
2020-03-17,INTU,CHOPPY,BEAR,-0.1858,39,0.9447,0.8166,0.1686,82.69,0
2020-06-03,BA,CHOPPY,CHOPPY,0.1,0,0.9925,0.9925,0.129,26.84,1
2020-07-31,GILD,TRENDING_BULL,TRENDING_BULL,-0.0921,8,0.898,0.6095,0.071,24.76,0
2020-08-06,ABBV,TRENDING_BULL,TRENDING_BULL,-0.0596,14,0.9303,0.6849,0.0597,22.99,1
2020-09-04,EBAY,TRENDING_BULL,TRENDING_BULL,-0.0525,28,0.9504,0.6501,0.0934,33.6,0
2020-09-04,SHOP,TRENDING_BULL,TRENDING_BULL,-0.0498,16,0.9752,0.7692,0.1776,33.6,0
2020-09-04,ETSY,TRENDING_BULL,TRENDING_BULL,-0.1261,10,0.9529,0.6799,0.1726,33.6,0
2020-09-04,AMZN,TRENDING_BULL,TRENDING_BULL,-0.0578,3,0.9057,0.6749,0.0959,33.6,0
2020-09-08,EBAY,TRENDING_BULL,TRENDING_BULL,-0.0707,32,0.9504,0.6501,0.0983,30.75,0
2020-09-08,AMZN,TRENDING_BULL,TRENDING_BULL,-0.0992,7,0.9057,0.6749,0.1021,30.75,0
2020-09-09,EBAY,TRENDING_BULL,TRENDING_BULL,-0.0363,33,0.9504,0.7916,0.0982,31.46,0
2020-09-10,EBAY,TRENDING_BULL,TRENDING_BULL,-0.0565,34,0.9504,0.7916,0.1071,28.81,0
2020-09-16,AMZN,TRENDING_BULL,CHOPPY,-0.1197,15,0.9057,0.9404,0.1015,25.59,0
2020-09-17,AMZN,TRENDING_BULL,CHOPPY,-0.1395,16,0.9057,0.9529,0.1057,26.04,0
2020-09-18,AMZN,TRENDING_BULL,CHOPPY,-0.1549,17,0.9057,0.9529,0.1127,26.46,0
2020-09-21,AMZN,TRENDING_BULL,CHOPPY,-0.1533,20,0.9057,0.9677,0.1124,25.83,0
2020-09-21,BKNG,TRENDING_BULL,CHOPPY,-0.0825,6,0.866,0.8213,0.0906,25.83,1
2020-09-22,AMZN,TRENDING_BULL,CHOPPY,-0.1051,21,0.9057,0.9677,0.1127,27.78,0
2020-09-23,AMZN,TRENDING_BULL,CHOPPY,-0.1421,22,0.9057,0.8089,0.1217,26.86,0
2020-09-24,AMZN,TRENDING_BULL,CHOPPY,-0.1364,23,0.9057,0.8089,0.1136,28.58,0
2020-09-24,ULTA,TRENDING_BULL,CHOPPY,-0.0887,9,0.8983,0.9256,0.1019,28.58,1
2020-09-25,AMZN,TRENDING_BULL,CHOPPY,-0.1148,24,0.9057,0.7723,0.1011,28.51,0
2020-09-25,ULTA,TRENDING_BULL,CHOPPY,-0.0835,10,0.8983,0.9257,0.0998,28.51,1
2020-09-28,AMZN,TRENDING_BULL,CHOPPY,-0.0922,27,0.9057,0.7723,0.0939,26.38,1
2020-10-28,ROST,TRENDING_BULL,TRENDING_BULL,-0.1076,13,0.9212,0.5577,0.1018,33.35,1
2020-10-29,MRVL,TRENDING_BULL,TRENDING_BULL,-0.1063,14,0.9015,0.8378,0.1181,40.28,1
2020-10-29,ROST,TRENDING_BULL,TRENDING_BULL,-0.0897,14,0.9212,0.8133,0.1022,40.28,1
2020-10-30,MRVL,TRENDING_BULL,TRENDING_BULL,-0.1227,15,0.9015,0.8378,0.1181,37.59,1
2020-10-30,CRM,TRENDING_BULL,TRENDING_BULL,-0.1019,15,0.867,0.8182,0.1012,37.59,1
2020-10-30,ROST,TRENDING_BULL,TRENDING_BULL,-0.1087,15,0.9212,0.8133,0.1056,37.59,1
2020-11-02,ADBE,CHOPPY,BEAR,-0.1263,21,0.9409,0.8919,0.0614,38.02,1
2020-11-02,FTNT,CHOPPY,BEAR,-0.1442,20,0.8941,0.9312,0.0815,38.02,0
2020-11-02,MRVL,TRENDING_BULL,BEAR,-0.1372,18,0.9015,0.6978,0.0818,38.02,1
2020-11-02,CRM,TRENDING_BULL,BEAR,-0.1012,18,0.867,0.8256,0.0704,38.02,1
2020-11-02,ROST,TRENDING_BULL,BEAR,-0.0729,18,0.9212,0.8477,0.0699,38.02,1
2020-11-02,INTU,TRENDING_BULL,BEAR,-0.0747,18,0.9064,0.9484,0.0544,38.02,1
2020-11-03,ADBE,CHOPPY,BEAR,-0.1085,22,0.9409,0.8477,0.0594,37.13,1
2020-11-03,FTNT,CHOPPY,BEAR,-0.1301,21,0.8941,0.8526,0.0813,37.13,0
2020-11-03,MRVL,TRENDING_BULL,BEAR,-0.1302,19,0.9015,0.7346,0.0801,37.13,1
2020-11-03,CRM,TRENDING_BULL,BEAR,-0.0831,19,0.867,0.7862,0.0673,37.13,1
2020-11-03,ROST,TRENDING_BULL,BEAR,-0.041,19,0.9212,0.715,0.069,37.13,1
2020-11-03,INTU,TRENDING_BULL,BEAR,-0.0504,19,0.9064,0.9214,0.0531,37.13,1
2020-11-04,ADBE,CHOPPY,BEAR,-0.0433,23,0.9409,0.8403,0.0631,35.55,0
2020-11-04,FTNT,CHOPPY,BEAR,-0.1005,22,0.8941,0.8501,0.0794,35.55,0
2020-11-04,MRVL,TRENDING_BULL,BEAR,-0.0841,20,0.9015,0.7469,0.0815,35.55,1
2021-01-14,NOW,TRENDING_BULL,TRENDING_BULL,-0.0658,28,0.8943,0.8431,0.0904,22.21,1
2021-01-15,NOW,TRENDING_BULL,TRENDING_BULL,-0.0669,29,0.8943,0.8431,0.0918,23.25,1
2021-01-27,ROST,TRENDING_BULL,TRENDING_BULL,-0.071,21,0.8824,0.8456,0.0836,23.02,1
2021-01-29,TJX,TRENDING_BULL,TRENDING_BULL,-0.0484,23,0.8848,0.7819,0.0802,30.21,1
2021-02-01,TJX,TRENDING_BULL,TRENDING_BULL,-0.0479,26,0.8848,0.7819,0.0771,33.09,1
2021-02-22,MSFT,TRENDING_BULL,TRENDING_BULL,-0.0447,12,0.8505,0.6961,0.0495,22.05,0
2021-02-23,DDOG,TRENDING_BULL,TRENDING_BULL,-0.084,20,0.8554,0.3676,0.1744,23.45,0
2021-02-25,AAPL,TRENDING_BULL,TRENDING_BULL,-0.1141,21,0.9608,0.8064,0.0834,21.34,0
2021-02-25,ADBE,TRENDING_BULL,TRENDING_BULL,-0.075,8,0.9118,0.5686,0.0771,21.34,0
2021-02-26,ADBE,TRENDING_BULL,TRENDING_BULL,-0.074,9,0.9118,0.5686,0.079,28.89,0
2021-03-01,ETSY,TRENDING_BULL,TRENDING_BULL,0.0852,12,0.8652,0.0956,0.185,27.95,1
2021-03-03,ADBE,TRENDING_BULL,TRENDING_BULL,-0.0966,14,0.9118,0.5025,0.0883,24.1,0
2021-03-04,ETSY,TRENDING_BULL,TRENDING_BULL,-0.121,15,0.8652,0.1593,0.2,26.67,1
2021-03-04,EBAY,TRENDING_BULL,TRENDING_BULL,-0.0922,2,0.8824,0.7745,0.1026,26.67,1
2021-03-12,ULTA,TRENDING_BULL,CHOPPY,-0.063,10,0.8676,0.576,0.1103,21.91,0
2021-03-25,ETN,TRENDING_BULL,CHOPPY,-0.0109,22,0.8529,0.5294,0.0624,21.2,1
2021-05-04,SHOP,TRENDING_BULL,TRENDING_BULL,-0.0354,26,0.8922,0.6814,0.1574,18.31,0
2021-08-03,AMZN,TRENDING_BULL,TRENDING_BULL,-0.078,26,0.8802,0.6846,0.074,19.46,0
2021-08-05,MRK,TRENDING_BULL,CHOPPY,-0.0253,23,0.9658,0.1271,0.04,17.97,1
2021-08-06,MRK,TRENDING_BULL,CHOPPY,-0.0273,24,0.9658,0.2567,0.04,17.28,1
2021-08-09,MRK,TRENDING_BULL,CHOPPY,-0.0288,27,0.9658,0.1125,0.04,16.15,1
2021-08-10,MRK,TRENDING_BULL,CHOPPY,-0.0305,28,0.9658,0.1125,0.04,16.72,1
2021-08-11,MRK,TRENDING_BULL,CHOPPY,-0.0302,29,0.9658,0.2029,0.04,16.79,1
2021-08-12,MRK,TRENDING_BULL,CHOPPY,-0.0195,30,0.9658,0.2029,0.04,16.17,1
2021-08-17,MRNA,CHOPPY,CHOPPY,0.1132,0,0.9853,0.9853,0.2,16.12,1
2021-08-19,AAPL,TRENDING_BULL,CHOPPY,-0.0059,15,0.8924,0.6381,0.0411,21.57,1
2021-08-26,ANF,TRENDING_BULL,CHOPPY,0.0229,21,0.9902,0.467,0.165,16.79,1
2021-09-14,ORCL,CHOPPY,TRENDING_BULL,-0.0292,19,0.89,0.22,0.0506,19.37,1
2021-09-20,MSFT,TRENDING_BULL,TRENDING_BULL,-0.0246,21,0.9535,0.3521,0.0458,20.81,1
2021-09-22,ADBE,TRENDING_BULL,TRENDING_BULL,-0.053,23,0.9462,0.1834,0.0656,24.36,0
2021-09-28,MDB,TRENDING_BULL,CHOPPY,-0.049,14,0.8875,0.0049,0.1012,18.76,0
2021-09-29,MDB,TRENDING_BULL,CHOPPY,-0.0594,15,0.8875,0.0049,0.1052,23.25,1
2021-09-29,SHOP,TRENDING_BULL,CHOPPY,-0.0879,5,0.9218,0.922,0.0883,23.25,0
2021-10-01,NVDA,TRENDING_BULL,CHOPPY,-0.062,7,0.89,0.8854,0.0766,23.14,1
2021-10-01,BNTX,CHOPPY,CHOPPY,-0.1325,3,0.956,0.9293,0.2,23.14,0
2021-11-16,PLTR,CHOPPY,TRENDING_BULL,-0.1118,21,0.9903,0.7518,0.1389,16.49,0
2021-11-26,MSFT,CHOPPY,CHOPPY,-0.0146,23,0.8699,0.8337,0.0402,18.58,1
2021-11-29,LIN,CHOPPY,CHOPPY,-0.0334,10,0.9614,0.8458,0.04,28.62,1
2021-11-30,LLY,TRENDING_BULL,CHOPPY,-0.0552,20,0.9759,0.9542,0.0554,22.96,0
2021-11-30,MCD,TRENDING_BULL,CHOPPY,-0.0329,13,0.9735,0.6361,0.04,22.96,1
2021-12-01,MCD,TRENDING_BULL,CHOPPY,-0.0345,14,0.9735,0.1904,0.04,27.19,1
2021-12-31,ORCL,CHOPPY,TRENDING_BULL,-0.1091,14,0.8606,0.6659,0.0882,17.33,0
2022-01-11,PG,TRENDING_BULL,TRENDING_BULL,-0.0243,7,0.9308,0.7351,0.0421,19.4,1
2022-01-18,PG,TRENDING_BULL,TRENDING_BULL,-0.0362,14,0.9308,0.7833,0.0463,19.19,1
2022-01-19,GILD,TRENDING_BULL,TRENDING_BULL,-0.0507,15,0.9523,0.7476,0.0475,22.79,0
2022-01-24,VRTX,TRENDING_BULL,CHOPPY,0.0385,20,0.9666,0.5476,0.0518,28.85,1
2022-01-24,KO,TRENDING_BULL,CHOPPY,0.0018,20,0.9403,0.1429,0.04,28.85,1
2022-01-25,KO,TRENDING_BULL,CHOPPY,-0.0005,21,0.9403,0.1429,0.04,29.9,1
2022-01-26,PEP,TRENDING_BULL,CHOPPY,-0.026,13,0.9095,0.0523,0.0446,31.16,1
2022-02-24,INSP,BEAR,BEAR,0.0851,2,0.9529,0.9506,0.1283,31.02,1
2022-04-28,MO,CHOPPY,BEAR,0.0066,14,0.96,0.2295,0.04,31.6,1
2022-05-09,PANW,BEAR,BEAR,-0.1676,4,0.719,0.9204,0.1364,30.19,0
2022-06-13,HPQ,BEAR,BEAR,-0.1346,5,0.4907,0.6005,0.086,27.75,0
2022-06-17,PNW,BEAR,BEAR,-0.1174,8,0.9159,0.4696,0.0634,32.95,1
2022-09-23,PODD,BEAR,BEAR,-0.094,10,0.7575,0.7321,0.0849,27.35,0
2023-02-16,INTU,CHOPPY,CHOPPY,0.0336,22,0.9021,0.925,0.0899,18.23,1
2023-02-17,INTU,CHOPPY,CHOPPY,0.0235,23,0.9021,0.925,0.0912,20.17,1
2023-02-21,INTU,CHOPPY,CHOPPY,0.003,27,0.9021,0.9727,0.0944,20.02,1
2023-02-22,INTU,CHOPPY,CHOPPY,0.0286,28,0.9021,0.9727,0.0876,22.87,1
2023-02-23,INTU,CHOPPY,CHOPPY,0.0425,29,0.9021,0.9273,0.082,22.29,1
2023-02-23,ROST,TRENDING_BULL,CHOPPY,-0.0229,15,0.8523,0.6614,0.05,22.29,0
2023-02-24,INTU,CHOPPY,CHOPPY,0.0626,30,0.9021,0.9273,0.0785,21.14,1
2023-02-24,ROST,TRENDING_BULL,CHOPPY,-0.0232,16,0.8523,0.6614,0.0508,21.14,0
2023-02-27,INTU,CHOPPY,CHOPPY,0.0444,33,0.9021,0.8523,0.0796,21.67,1
2023-02-27,ROST,TRENDING_BULL,CHOPPY,-0.0279,19,0.8523,0.6841,0.051,21.67,0
2023-02-28,INTU,CHOPPY,CHOPPY,0.0306,34,0.9021,0.8523,0.0749,20.95,1
2023-02-28,ROST,TRENDING_BULL,CHOPPY,-0.0313,20,0.8523,0.6841,0.0477,20.95,1
2023-03-01,INTU,CHOPPY,CHOPPY,0.0156,35,0.9021,0.8636,0.0751,20.7,1
2023-03-01,ROST,TRENDING_BULL,CHOPPY,-0.0301,21,0.8523,0.8795,0.0526,20.7,1
2023-03-02,INTU,CHOPPY,CHOPPY,0.0134,36,0.9021,0.8636,0.0732,20.58,1
2023-03-02,ROST,TRENDING_BULL,CHOPPY,-0.0271,22,0.8523,0.8795,0.0509,20.58,0
2023-03-03,INTU,CHOPPY,CHOPPY,0.034,37,0.9021,0.9432,0.0716,19.59,1
2023-03-03,ROST,TRENDING_BULL,CHOPPY,-0.0147,23,0.8523,0.8341,0.0506,19.59,0
2023-03-06,INTU,CHOPPY,CHOPPY,0.0446,40,0.9021,0.9432,0.074,18.49,1
2023-03-07,INTU,CHOPPY,CHOPPY,0.0359,41,0.9021,0.925,0.0728,18.61,1
2023-03-07,HALO,CHOPPY,CHOPPY,-0.1053,7,0.9795,1.0,0.0878,18.61,0
2023-03-08,INTU,CHOPPY,CHOPPY,0.0546,42,0.9021,0.925,0.0721,19.59,1
2023-03-09,INTU,CHOPPY,CHOPPY,0.024,43,0.9021,0.9023,0.0771,19.11,1
2023-03-10,INTU,CHOPPY,CHOPPY,-0.0063,44,0.9021,0.9023,0.0814,22.61,1
2023-03-13,INTU,CHOPPY,CHOPPY,-0.0089,47,0.9021,0.9409,0.083,24.8,1
2023-03-14,INTU,CHOPPY,CHOPPY,0.0334,48,0.9021,0.9409,0.0821,26.52,1
2023-03-15,INTU,CHOPPY,CHOPPY,0.0284,49,0.9021,0.8932,0.0801,23.73,1
2023-03-16,INTU,CHOPPY,CHOPPY,0.0584,50,0.9021,0.8932,0.0749,26.14,1
2023-03-17,INTU,CHOPPY,CHOPPY,0.0471,51,0.9021,0.8545,0.0753,22.99,1
2023-03-20,INTU,CHOPPY,CHOPPY,0.0424,54,0.9021,0.8545,0.0758,25.51,1
2023-03-21,INTU,CHOPPY,CHOPPY,0.0682,55,0.9021,0.7864,0.0743,24.15,1
2023-03-22,INTU,CHOPPY,CHOPPY,0.0484,56,0.9021,0.7864,0.0779,21.38,1
2023-03-23,INTU,CHOPPY,CHOPPY,0.0947,57,0.9021,0.8932,0.0788,22.26,1
2023-04-27,CAT,TRENDING_BULL,TRENDING_BULL,-0.0106,22,0.9636,0.6341,0.0705,18.84,1
2023-05-11,PM,TRENDING_BULL,TRENDING_BULL,-0.0425,9,0.8568,0.5614,0.0537,16.94,0
2023-05-24,INTU,TRENDING_BULL,CHOPPY,-0.0674,22,0.95,0.9864,0.0775,18.53,1
2023-05-25,INTU,TRENDING_BULL,CHOPPY,-0.0737,23,0.95,0.9864,0.0766,20.03,1
2023-05-26,INTU,TRENDING_BULL,CHOPPY,-0.0618,24,0.95,0.9864,0.0772,19.14,1
2023-05-30,INTU,TRENDING_BULL,CHOPPY,-0.0894,28,0.95,0.9614,0.0857,17.95,1
2023-08-17,BA,TRENDING_BULL,CHOPPY,0.0614,29,0.95,0.9364,0.0552,16.78,1
2023-08-18,BA,TRENDING_BULL,CHOPPY,0.0714,30,0.95,0.9295,0.0564,17.89,1
2023-08-18,CRM,TRENDING_BULL,CHOPPY,-0.0181,8,0.8932,0.8136,0.0547,17.89,1
2023-08-21,BA,TRENDING_BULL,CHOPPY,0.0741,33,0.95,0.9295,0.0538,17.3,1
2023-09-15,ADBE,CHOPPY,CHOPPY,0.0003,17,0.9114,0.9045,0.0667,12.82,1
2023-09-15,BA,CHOPPY,CHOPPY,-0.0672,10,0.9477,0.9659,0.0545,12.82,0
2023-09-15,NVDA,CHOPPY,CHOPPY,-0.0956,9,0.9773,0.9818,0.0895,12.82,0
2023-09-18,ADBE,CHOPPY,CHOPPY,0.0069,20,0.9114,0.9068,0.067,13.79,1
2023-09-21,ADBE,CHOPPY,TRENDING_BULL,-0.0281,23,0.9114,0.8295,0.0858,15.14,0
2023-09-27,ADBE,CHOPPY,CHOPPY,-0.0495,29,0.9114,0.9023,0.0706,18.94,1
2023-09-28,ADBE,CHOPPY,CHOPPY,-0.0456,30,0.9114,0.9227,0.0694,18.22,1
2023-09-29,ADBE,CHOPPY,CHOPPY,-0.0357,31,0.9114,0.9227,0.0705,17.34,1
2023-10-24,OXY,CHOPPY,BEAR,-0.0212,12,0.9705,0.7659,0.0502,20.37,1
2023-10-25,OXY,CHOPPY,BEAR,-0.0097,13,0.9705,0.8227,0.0487,18.97,0
2023-10-26,OXY,CHOPPY,BEAR,-0.0097,14,0.9705,0.8841,0.0455,20.19,0
2023-10-27,OXY,CHOPPY,BEAR,-0.0259,15,0.9705,0.8841,0.0437,20.68,1
2023-12-12,ORCL,TRENDING_BULL,TRENDING_BULL,-0.105,5,0.9023,0.8,0.0811,12.63,0
2024-01-04,ULTA,TRENDING_BULL,TRENDING_BULL,-0.0512,22,0.8614,0.6886,0.0488,14.04,1
2024-02-26,ADBE,TRENDING_BULL,TRENDING_BULL,-0.0919,17,0.8886,0.6682,0.0984,13.75,0
2024-03-15,ULTA,TRENDING_BULL,TRENDING_BULL,-0.0364,9,0.8909,0.6364,0.0821,14.4,0
2024-04-16,ECL,TRENDING_BULL,CHOPPY,-0.0331,14,0.9273,0.7591,0.04,19.23,1
2024-04-17,CAT,TRENDING_BULL,CHOPPY,0.0032,22,0.9227,0.3136,0.0608,18.4,1
2024-04-17,ECL,TRENDING_BULL,CHOPPY,-0.038,15,0.9273,0.4568,0.04,18.4,1
2024-04-18,ECL,TRENDING_BULL,CHOPPY,-0.0382,16,0.9273,0.4568,0.0402,18.21,1
2024-04-18,MSFT,TRENDING_BULL,CHOPPY,-0.0396,16,0.875,0.7023,0.0461,18.21,0
2024-04-19,ECL,TRENDING_BULL,CHOPPY,-0.0428,17,0.9273,0.4864,0.04,18.0,1
2024-04-19,MSFT,TRENDING_BULL,CHOPPY,-0.0519,17,0.875,0.7977,0.0469,18.0,0
2024-04-22,ECL,TRENDING_BULL,CHOPPY,-0.0378,20,0.9273,0.4864,0.0403,18.71,1
2024-04-23,ECL,TRENDING_BULL,CHOPPY,-0.0362,21,0.9273,0.7795,0.0404,16.94,1
2024-05-30,SNOW,TRENDING_BULL,TRENDING_BULL,-0.1408,13,0.8705,0.6705,0.1083,14.28,0
2024-05-30,INTU,TRENDING_BULL,TRENDING_BULL,-0.1425,13,0.9273,0.2773,0.0944,14.28,0
2024-05-31,INTU,TRENDING_BULL,TRENDING_BULL,-0.122,14,0.9273,0.2773,0.0956,14.47,0
2024-06-03,INTU,TRENDING_BULL,TRENDING_BULL,-0.1361,17,0.9273,0.7159,0.0978,12.92,0
2024-07-18,ROST,TRENDING_BULL,TRENDING_BULL,-0.0013,15,0.9206,0.6689,0.0439,14.48,1
2024-07-18,ANF,TRENDING_BULL,TRENDING_BULL,-0.1423,8,0.9501,0.3764,0.1523,14.48,0
2024-07-22,SHOP,TRENDING_BULL,TRENDING_BULL,-0.047,11,0.9048,0.093,0.1105,16.52,0
2024-07-30,ECL,TRENDING_BULL,CHOPPY,-0.0577,14,0.9388,0.6848,0.055,16.6,1
2024-08-05,NU,CHOPPY,CHOPPY,-0.1156,5,0.9796,0.941,0.1261,23.39,1
2024-08-15,CCI,TRENDING_BULL,CHOPPY,0.0147,17,0.9342,0.6576,0.0554,16.19,1
2024-08-16,CCI,TRENDING_BULL,CHOPPY,0.021,18,0.9342,0.8662,0.0532,15.23,1
2024-08-20,CCI,TRENDING_BULL,CHOPPY,0.0223,22,0.9342,0.898,0.0507,14.65,1
2024-08-21,CCI,TRENDING_BULL,CHOPPY,0.0184,23,0.9342,0.898,0.0496,15.88,1
2024-08-22,CCI,TRENDING_BULL,CHOPPY,0.0177,24,0.9342,0.5215,0.0459,16.27,1
2024-08-23,CCI,TRENDING_BULL,CHOPPY,0.0446,25,0.9342,0.5215,0.0416,17.55,1
2024-09-12,MO,TRENDING_BULL,TRENDING_BULL,-0.0145,14,0.966,0.2789,0.04,17.69,0
2024-09-16,MO,TRENDING_BULL,TRENDING_BULL,-0.0321,18,0.966,0.1973,0.0418,16.56,0
2024-09-17,CL,TRENDING_BULL,TRENDING_BULL,-0.0091,21,0.8776,0.3265,0.04,17.14,0
2024-09-18,PM,TRENDING_BULL,TRENDING_BULL,-0.0086,22,0.9773,0.3424,0.054,17.61,1
2024-09-18,CL,TRENDING_BULL,TRENDING_BULL,-0.0222,22,0.8776,0.288,0.04,17.61,0
2024-09-19,PM,TRENDING_BULL,TRENDING_BULL,-0.0186,23,0.9773,0.3424,0.0554,18.23,1
2024-09-19,CL,TRENDING_BULL,TRENDING_BULL,-0.0333,23,0.8776,0.288,0.04,18.23,1
2024-09-20,PM,TRENDING_BULL,TRENDING_BULL,-0.0099,24,0.9773,0.2744,0.0559,16.33,1
2024-09-20,CL,TRENDING_BULL,TRENDING_BULL,-0.0233,24,0.8776,0.2653,0.04,16.33,0
2024-09-23,PM,TRENDING_BULL,TRENDING_BULL,-0.0075,27,0.9773,0.2744,0.0526,16.15,1
2024-09-23,CL,TRENDING_BULL,TRENDING_BULL,-0.0209,27,0.8776,0.2653,0.04,16.15,0
2024-09-24,PM,TRENDING_BULL,TRENDING_BULL,-0.0065,28,0.9773,0.254,0.0514,15.89,1
2024-09-24,CL,TRENDING_BULL,TRENDING_BULL,-0.0164,28,0.8776,0.2517,0.0401,15.89,0
2024-09-25,PM,TRENDING_BULL,TRENDING_BULL,-0.0026,29,0.9773,0.254,0.0499,15.39,0
2024-09-25,CL,TRENDING_BULL,TRENDING_BULL,-0.0168,29,0.8776,0.2517,0.04,15.39,0
2024-09-26,PM,TRENDING_BULL,TRENDING_BULL,-0.0095,30,0.9773,0.1787,0.0512,15.41,0
2024-09-26,CL,TRENDING_BULL,TRENDING_BULL,-0.0233,30,0.8776,0.2104,0.0412,15.41,0
2024-09-27,PM,TRENDING_BULL,TRENDING_BULL,-0.0113,31,0.9773,0.1787,0.0485,15.37,1
2024-09-30,PM,TRENDING_BULL,TRENDING_BULL,-0.0049,34,0.9773,0.1697,0.0464,16.96,0
2024-10-09,NEE,TRENDING_BULL,TRENDING_BULL,-0.0455,13,0.8846,0.7104,0.0621,21.42,1
2024-10-22,RUN,TRENDING_BULL,CHOPPY,-0.1699,19,0.9638,0.9796,0.1376,18.37,1
2024-10-23,RUN,TRENDING_BULL,CHOPPY,-0.1811,20,0.9638,0.9729,0.1414,18.2,1
2024-10-24,RUN,TRENDING_BULL,CHOPPY,-0.1723,21,0.9638,0.9774,0.134,19.24,1
2024-10-25,RUN,TRENDING_BULL,CHOPPY,-0.1504,22,0.9638,0.9774,0.1306,19.08,1
2024-10-28,RUN,TRENDING_BULL,CHOPPY,-0.1468,25,0.9638,0.9389,0.1391,20.33,1
2024-11-26,INTU,CHOPPY,TRENDING_BULL,-0.0597,18,0.9729,0.595,0.0993,14.6,1
2024-11-27,INTU,CHOPPY,TRENDING_BULL,-0.0636,19,0.9729,0.7104,0.0941,14.1,1
2024-11-29,INTU,CHOPPY,TRENDING_BULL,-0.0554,21,0.9729,0.7104,0.0908,14.1,1
2024-12-02,INTU,CHOPPY,TRENDING_BULL,-0.0667,24,0.9729,0.7104,0.0896,13.51,1
2024-12-18,TJX,TRENDING_BULL,TRENDING_BULL,-0.0409,8,0.9638,0.81,0.045,15.87,1
2024-12-20,PLTR,TRENDING_BULL,TRENDING_BULL,0.1119,8,0.9615,0.1991,0.2,24.09,1
2024-12-27,SHOP,TRENDING_BULL,CHOPPY,-0.0482,22,0.9525,0.362,0.096,14.73,1
2024-12-27,INTU,TRENDING_BULL,CHOPPY,-0.0587,9,0.905,0.9118,0.0662,14.73,0
2024-12-30,SHOP,TRENDING_BULL,CHOPPY,-0.0613,25,0.9525,0.362,0.0953,15.95,1
2024-12-30,INTU,TRENDING_BULL,CHOPPY,-0.0709,12,0.905,0.9118,0.0684,15.95,0
2024-12-31,SHOP,TRENDING_BULL,CHOPPY,-0.0645,26,0.9525,0.362,0.0921,17.4,1
2025-01-02,SHOP,TRENDING_BULL,CHOPPY,-0.0539,28,0.9525,0.362,0.0894,17.35,1
2025-01-07,SCHW,TRENDING_BULL,CHOPPY,-0.0605,20,0.9005,0.8507,0.0534,16.04,1
2025-01-13,ROST,TRENDING_BULL,CHOPPY,0.0001,26,0.9389,0.4661,0.0525,19.54,0
2025-01-14,LLY,CHOPPY,CHOPPY,-0.0642,1,0.9457,0.9434,0.069,19.19,1
2025-01-27,NVDA,CHOPPY,CHOPPY,-0.1852,4,0.9434,0.9412,0.165,14.85,1
2025-02-10,ULTA,TRENDING_BULL,TRENDING_BULL,-0.0839,5,0.8688,0.4842,0.0926,16.54,0
2025-02-18,ROST,TRENDING_BULL,TRENDING_BULL,-0.0583,13,0.9253,0.6131,0.0647,14.77,0
2025-02-21,LOW,TRENDING_BULL,TRENDING_BULL,-0.0781,16,0.9412,0.7466,0.0653,15.66,0
2025-02-24,BLK,TRENDING_BULL,TRENDING_BULL,-0.0681,18,0.8801,0.233,0.0624,18.21,0
2025-02-27,EBAY,TRENDING_BULL,CHOPPY,-0.0561,22,0.8982,0.8756,0.0754,19.1,1
2025-02-27,VST,TRENDING_BULL,CHOPPY,-0.2208,16,0.9502,0.948,0.2,19.1,0
2025-02-27,UPST,TRENDING_BULL,CHOPPY,-0.2301,8,0.9661,0.8529,0.2,19.1,0
2025-02-27,RKLB,TRENDING_BULL,CHOPPY,-0.2932,8,0.9615,0.957,0.2,19.1,0
2025-05-15,SEDG,BEAR,BEAR,0.1559,1,0.9977,0.9707,0.1698,18.62,1
2025-07-07,MP,TRENDING_BULL,TRENDING_BULL,-0.0963,20,0.9774,0.2009,0.2,16.38,1
2025-07-15,INTU,TRENDING_BULL,TRENDING_BULL,-0.02,22,0.8984,0.4424,0.0559,17.2,1
2025-07-16,INTU,TRENDING_BULL,TRENDING_BULL,-0.0138,23,0.8984,0.4424,0.0558,17.38,1
2025-08-14,FTNT,TRENDING_BULL,TRENDING_BULL,-0.2701,16,0.9684,0.4176,0.1853,14.49,0
2025-08-14,INTU,TRENDING_BULL,TRENDING_BULL,-0.097,9,0.8646,0.6637,0.0822,14.49,0
2025-08-18,ICE,TRENDING_BULL,TRENDING_BULL,-0.0169,27,0.9187,0.7449,0.0507,15.09,1
2025-08-19,ICE,TRENDING_BULL,TRENDING_BULL,-0.015,28,0.9187,0.7449,0.0489,14.99,1
2025-08-20,ICE,TRENDING_BULL,TRENDING_BULL,0.0017,29,0.9187,0.7065,0.047,15.57,0
2025-08-20,ORCL,TRENDING_BULL,TRENDING_BULL,-0.0878,7,0.921,0.5282,0.1112,15.57,0
2025-08-22,MSFT,TRENDING_BULL,TRENDING_BULL,-0.0335,10,0.9458,0.3273,0.0481,16.6,0
2025-09-02,SHOP,TRENDING_BULL,TRENDING_BULL,-0.0648,19,0.8939,0.4244,0.1003,15.36,1
2025-09-03,AEP,TRENDING_BULL,TRENDING_BULL,-0.02,22,0.9278,0.772,0.04,17.17,0
2025-09-04,AEP,TRENDING_BULL,TRENDING_BULL,-0.0324,23,0.9278,0.623,0.0453,16.35,0
2025-09-08,NEE,TRENDING_BULL,TRENDING_BULL,-0.0705,12,0.8758,0.6163,0.0649,15.18,0
2025-09-15,MCD,TRENDING_BULL,TRENDING_BULL,-0.031,18,0.9594,0.6862,0.04,14.76,0
2025-09-26,BA,TRENDING_BULL,TRENDING_BULL,-0.0618,30,0.9233,0.7246,0.0698,16.74,0
2025-10-10,AAPL,TRENDING_BULL,TRENDING_BULL,-0.0458,2,0.8758,0.7585,0.0543,16.43,1
2025-10-15,AMZN,TRENDING_BULL,CHOPPY,-0.0557,22,0.9142,0.7517,0.0617,20.81,1
2025-10-15,INTU,TRENDING_BULL,CHOPPY,-0.0692,22,0.9797,0.9481,0.054,20.81,1
2025-10-15,OXY,TRENDING_BULL,CHOPPY,-0.1088,21,0.9278,0.912,0.09,20.81,0
2025-10-16,AMZN,TRENDING_BULL,CHOPPY,-0.0605,23,0.9142,0.8397,0.0643,20.64,1
2025-10-17,AMZN,TRENDING_BULL,CHOPPY,-0.0668,24,0.9142,0.8397,0.0651,25.31,1
2025-10-20,AMZN,TRENDING_BULL,CHOPPY,-0.0517,27,0.9142,0.9097,0.0635,20.78,1
2025-10-22,NVDA,TRENDING_BULL,CHOPPY,-0.0356,14,0.9774,0.9752,0.082,17.87,1
2025-10-30,BA,TRENDING_BULL,CHOPPY,-0.0649,16,0.9007,0.9278,0.0618,16.92,0
2025-11-17,SCHW,CHOPPY,CHOPPY,-0.0244,17,0.8781,0.7946,0.0567,19.83,0
2025-11-18,SCHW,CHOPPY,CHOPPY,-0.0205,18,0.8781,0.7946,0.0569,22.38,1
2025-11-19,SCHW,CHOPPY,CHOPPY,-0.0166,19,0.8781,0.8284,0.0563,24.69,1
2025-11-20,SCHW,CHOPPY,CHOPPY,-0.0395,20,0.8781,0.8284,0.062,23.66,1
2025-12-03,LLY,CHOPPY,CHOPPY,0.1077,26,0.9391,0.8781,0.0674,16.59,1
2025-12-04,LLY,CHOPPY,CHOPPY,0.0873,27,0.9391,0.9345,0.0693,16.08,1
2025-12-05,LLY,CHOPPY,CHOPPY,0.0828,28,0.9391,0.9345,0.0691,15.78,1
2025-12-08,LLY,CHOPPY,CHOPPY,0.0692,31,0.9391,0.9684,0.0685,15.41,1
2026-01-09,ADBE,TRENDING_BULL,TRENDING_BULL,-0.0496,7,0.8691,0.8284,0.0663,15.45,0
2026-01-21,AMZN,TRENDING_BULL,TRENDING_BULL,-0.0502,13,0.851,0.8442,0.0812,20.09,1
2026-01-23,GE,TRENDING_BULL,TRENDING_BULL,-0.0852,8,0.8533,0.8194,0.1066,15.64,1
2026-02-02,BA,TRENDING_BULL,CHOPPY,0.0145,27,0.86,0.9436,0.072,17.44,1
2026-02-02,SNPS,TRENDING_BULL,CHOPPY,-0.0948,5,0.9345,0.8939,0.0985,17.44,0
2026-02-03,BA,TRENDING_BULL,CHOPPY,0.0151,28,0.86,0.9368,0.0738,16.34,1
2026-02-03,LLY,TRENDING_BULL,CHOPPY,-0.0753,21,0.9707,0.833,0.0814,16.34,1
2026-02-04,BA,TRENDING_BULL,CHOPPY,0.0273,29,0.86,0.9368,0.0739,18.0,1
2026-02-04,NU,TRENDING_BULL,CHOPPY,-0.0384,13,0.9639,0.9323,0.0984,18.0,1
2026-02-05,BA,TRENDING_BULL,CHOPPY,0.0316,30,0.86,0.9345,0.0748,18.64,1
2026-03-03,LRCX,CHOPPY,CHOPPY,-0.0736,12,0.9707,0.9865,0.1263,21.44,0
2026-03-04,LRCX,CHOPPY,CHOPPY,-0.0492,13,0.9707,0.9752,0.1184,23.57,0
2017-04-04,NVDA,CHOPPY,CHOPPY,-0.077,11,0.9974,0.9842,0.0734,12.38,0
2017-06-15,ADBE,TRENDING_BULL,TRENDING_BULL,-0.0346,21,0.9182,0.7704,0.0623,10.64,1
2017-07-06,INTU,TRENDING_BULL,CHOPPY,-0.0641,23,0.9604,0.9736,0.04,11.07,0
2017-07-06,NEE,TRENDING_BULL,CHOPPY,-0.0136,21,0.9974,0.9789,0.04,11.07,1
2017-07-12,RH,CHOPPY,CHOPPY,0.0978,1,0.9235,0.5224,0.146,10.89,1
2017-07-18,BLK,TRENDING_BULL,CHOPPY,0.0004,21,0.9499,0.8734,0.0403,9.82,1
2017-08-03,ICE,TRENDING_BULL,TRENDING_BULL,-0.0333,9,0.8549,0.4301,0.0453,10.28,0
2017-08-08,ORCL,TRENDING_BULL,TRENDING_BULL,-0.0375,14,0.8892,0.7889,0.04,9.93,0
2017-08-17,LLY,TRENDING_BULL,CHOPPY,-0.0503,21,0.9156,0.9446,0.04,11.74,1
2017-08-18,LLY,TRENDING_BULL,CHOPPY,-0.0592,22,0.9156,0.9446,0.04,15.55,1
2017-08-21,LLY,TRENDING_BULL,CHOPPY,-0.0555,25,0.9156,0.9789,0.04,14.26,1
2017-08-21,BLK,TRENDING_BULL,CHOPPY,-0.0334,11,0.8813,0.8734,0.04,14.26,0
2017-08-22,LLY,TRENDING_BULL,CHOPPY,-0.0447,26,0.9156,0.9789,0.04,13.19,1
2017-08-23,LLY,TRENDING_BULL,CHOPPY,-0.0461,27,0.9156,0.9657,0.04,11.35,1
2017-08-29,BLK,TRENDING_BULL,CHOPPY,-0.0363,19,0.8813,0.8026,0.04,11.32,1
2017-09-15,ORCL,CHOPPY,TRENDING_BULL,-0.0477,9,0.8711,0.7947,0.0547,10.44,0
2017-09-27,AAPL,CHOPPY,TRENDING_BULL,-0.054,21,0.9211,0.8105,0.0575,10.17,0
2017-11-09,PANW,TRENDING_BULL,CHOPPY,-0.0614,9,0.8953,0.6815,0.0652,9.78,1
2017-11-20,MRVL,TRENDING_BULL,CHOPPY,0.1761,20,0.8874,0.9504,0.065,11.43,1
2017-11-29,AAPL,CHOPPY,CHOPPY,-0.0111,12,0.9582,0.9399,0.04,10.03,1
2017-12-01,ANET,CHOPPY,CHOPPY,-0.0535,7,0.8616,0.9739,0.0783,11.28,0
2017-12-06,AAPL,CHOPPY,CHOPPY,-0.0138,19,0.9582,0.7807,0.0419,11.33,1
2017-12-07,NRG,CHOPPY,CHOPPY,-0.0428,9,0.9843,0.9191,0.0585,11.02,1
2018-01-31,MCD,TRENDING_BULL,TRENDING_BULL,-0.0156,21,0.9582,0.7859,0.0434,14.79,0
2018-02-02,ROST,TRENDING_BULL,TRENDING_BULL,-0.0181,23,0.953,0.8486,0.0673,13.47,1
2018-02-05,MSFT,TRENDING_BULL,CHOPPY,-0.0004,26,0.9321,0.9373,0.0573,17.31,1
2018-02-05,INTU,TRENDING_BULL,CHOPPY,-0.0429,26,0.9138,0.9765,0.0437,17.31,1
2018-02-05,ROST,TRENDING_BULL,CHOPPY,-0.0452,26,0.953,0.8486,0.057,17.31,1
2018-02-05,NVDA,TRENDING_BULL,CHOPPY,-0.1078,12,0.9713,0.9817,0.0984,17.31,1
2018-02-05,MS,TRENDING_BULL,CHOPPY,-0.0718,4,0.9217,0.7572,0.0609,17.31,1
2018-02-05,BLK,TRENDING_BULL,CHOPPY,-0.0668,4,0.8642,0.3368,0.0629,17.31,0
2018-02-06,MSFT,TRENDING_BULL,CHOPPY,0.0374,27,0.9321,0.9295,0.0636,37.32,1
2018-02-06,INTU,TRENDING_BULL,CHOPPY,-0.0233,27,0.9138,0.9582,0.0494,37.32,1
2018-02-07,INTU,TRENDING_BULL,CHOPPY,-0.0208,28,0.9138,0.9582,0.0546,29.98,1
2018-02-08,INTU,TRENDING_BULL,CHOPPY,-0.0726,29,0.9138,0.9608,0.0637,27.73,1
2018-02-09,INTU,TRENDING_BULL,CHOPPY,-0.0464,30,0.9138,0.9608,0.0691,33.46,1
2018-02-09,NOW,TRENDING_BULL,CHOPPY,-0.0454,8,0.8721,0.9791,0.0959,33.46,1
2018-02-12,INTU,TRENDING_BULL,CHOPPY,-0.0324,33,0.9138,0.9452,0.07,29.06,1
2018-02-13,INTU,TRENDING_BULL,CHOPPY,-0.0325,34,0.9138,0.9452,0.0728,25.61,1
2018-02-16,ANET,CHOPPY,CHOPPY,-0.1863,1,1.0,0.9818,0.1863,19.13,1
2018-03-23,CME,CHOPPY,TRENDING_BULL,-0.0564,24,0.9375,0.5039,0.0737,23.34,1
2018-03-23,AAPL,TRENDING_BULL,TRENDING_BULL,-0.0778,8,0.9584,0.8312,0.0545,23.34,1
2018-03-23,BSX,TRENDING_BULL,TRENDING_BULL,-0.0649,8,0.8857,0.7506,0.0578,23.34,1
2018-03-28,ISRG,TRENDING_BULL,CHOPPY,-0.0731,9,0.9247,0.7403,0.0683,22.5,1
2018-04-02,PGR,TRENDING_BULL,CHOPPY,-0.0302,18,0.9247,0.9351,0.0505,19.97,1
2018-04-02,TMO,TRENDING_BULL,CHOPPY,-0.0382,14,0.8545,0.7065,0.0529,19.97,1
2018-04-25,SJM,CHOPPY,CHOPPY,-0.0447,7,0.7403,0.4093,0.0534,18.02,0
2018-05-03,SHOP,BEAR,BEAR,0.083,0,0.9896,0.9896,0.0971,15.97,1
2018-06-21,CAT,TRENDING_BULL,TRENDING_BULL,-0.0973,23,0.8889,0.8398,0.0684,12.79,0
2018-06-25,MRVL,TRENDING_BULL,TRENDING_BULL,-0.0965,21,0.9096,0.8217,0.1,13.77,1
2018-06-26,MRVL,TRENDING_BULL,TRENDING_BULL,-0.1086,22,0.9096,0.8217,0.1021,17.33,1
2018-06-27,AVGO,TRENDING_BULL,TRENDING_BULL,-0.0527,15,0.9173,0.7545,0.0729,15.92,0
2018-06-28,BA,TRENDING_BULL,CHOPPY,-0.0663,30,0.8527,0.9767,0.0592,17.91,1
2018-06-28,AVGO,TRENDING_BULL,CHOPPY,-0.0611,16,0.9173,0.7545,0.057,17.91,0
2018-06-28,NVDA,TRENDING_BULL,CHOPPY,-0.0787,9,0.8915,0.9716,0.0697,17.91,1
2018-06-29,BA,TRENDING_BULL,CHOPPY,-0.0639,31,0.8527,0.9225,0.0595,16.85,1
2018-06-29,AVGO,TRENDING_BULL,CHOPPY,-0.0698,17,0.9173,0.8114,0.0567,16.85,0
2018-07-02,AVGO,TRENDING_BULL,CHOPPY,-0.0721,20,0.9173,0.8114,0.0582,16.09,0
2018-07-03,AVGO,TRENDING_BULL,CHOPPY,-0.0827,21,0.9173,0.9535,0.0582,15.6,1
2018-07-05,AVGO,TRENDING_BULL,CHOPPY,-0.0592,23,0.9173,0.9535,0.0573,16.14,0
2018-07-06,AVGO,TRENDING_BULL,CHOPPY,-0.0505,24,0.9173,0.8915,0.0559,14.97,0
2018-07-09,AVGO,TRENDING_BULL,CHOPPY,-0.0514,27,0.9173,0.8915,0.0543,13.37,0
2018-07-10,AVGO,TRENDING_BULL,CHOPPY,-0.0395,28,0.9173,0.9044,0.0496,12.69,0
2018-07-24,NFLX,CHOPPY,CHOPPY,-0.1044,8,0.9974,0.8217,0.1013,12.62,0
2018-08-31,CMG,TRENDING_BULL,TRENDING_BULL,-0.0781,8,0.9251,0.8346,0.0928,13.53,1
2018-10-08,INTU,TRENDING_BULL,TRENDING_BULL,-0.0096,13,0.969,0.739,0.0667,14.82,1
2018-10-08,BKNG,TRENDING_BULL,TRENDING_BULL,-0.0433,5,0.8553,0.6305,0.0495,14.82,0
2018-10-10,AAPL,TRENDING_BULL,TRENDING_BULL,-0.0118,21,0.9225,0.7313,0.0681,15.95,1
2018-10-10,DHR,TRENDING_BULL,TRENDING_BULL,-0.0522,8,0.9276,0.4548,0.0413,15.95,0
2018-10-10,VRTX,TRENDING_BULL,TRENDING_BULL,-0.0822,8,0.9173,0.7494,0.0702,15.95,1
2018-10-11,MDT,TRENDING_BULL,CHOPPY,-0.0301,23,0.863,0.1938,0.0454,22.96,1
2018-10-11,AAPL,TRENDING_BULL,CHOPPY,-0.0205,22,0.9225,0.7726,0.0599,22.96,1
2018-10-11,INTU,TRENDING_BULL,CHOPPY,-0.0854,16,0.969,0.9509,0.0736,22.96,1
2018-10-11,LLY,TRENDING_BULL,CHOPPY,0.0154,15,0.9561,0.8501,0.0525,22.96,1
2018-10-11,VRTX,TRENDING_BULL,CHOPPY,-0.0862,9,0.9173,0.6951,0.0623,22.96,1
2018-10-12,MDT,TRENDING_BULL,CHOPPY,-0.0137,24,0.863,0.3385,0.0461,24.98,1
2018-10-12,AAPL,TRENDING_BULL,CHOPPY,0.0145,23,0.9225,0.7183,0.0609,24.98,1
2018-10-12,LLY,TRENDING_BULL,CHOPPY,0.0396,16,0.9561,0.8811,0.0546,24.98,1
2018-10-15,MDT,TRENDING_BULL,CHOPPY,-0.0227,27,0.863,0.186,0.0478,21.31,1
2018-10-15,AAPL,TRENDING_BULL,CHOPPY,-0.0072,26,0.9225,0.7416,0.0636,21.31,1
2018-10-16,AAPL,TRENDING_BULL,CHOPPY,0.0147,27,0.9225,0.7416,0.064,21.3,1
2018-10-24,EOG,CHOPPY,CHOPPY,-0.1047,6,0.8734,0.7158,0.0862,20.71,0
2018-10-26,ISRG,TRENDING_BULL,CHOPPY,-0.0791,17,0.863,0.8786,0.1107,24.22,1
2018-12-24,FAST,BEAR,BEAR,-0.0871,10,0.6985,0.3995,0.0724,30.11,1
2019-02-22,INTU,CHOPPY,CHOPPY,0.131,17,0.9332,0.9666,0.0486,14.46,1
2019-02-27,AVGO,CHOPPY,CHOPPY,-0.0323,14,0.9332,0.8895,0.0463,15.17,1
2019-02-28,AVGO,CHOPPY,CHOPPY,-0.0185,15,0.9332,0.9049,0.0438,14.7,0
2019-03-04,FTNT,CHOPPY,CHOPPY,-0.0476,4,0.8535,0.946,0.0553,13.57,0
2019-03-05,FTNT,CHOPPY,CHOPPY,-0.0498,5,0.8535,0.946,0.0543,14.63,0
2019-04-25,AVGO,TRENDING_BULL,TRENDING_BULL,0.0165,23,0.8872,0.741,0.0429,13.14,1
2019-05-09,ORCL,TRENDING_BULL,TRENDING_BULL,-0.0055,21,0.9205,0.8179,0.04,19.4,1
2019-05-13,ANET,TRENDING_BULL,CHOPPY,-0.2464,21,0.9462,0.9693,0.1386,16.04,0
2019-05-13,AVGO,TRENDING_BULL,CHOPPY,-0.0655,13,0.9769,0.9284,0.0629,16.04,1
2019-05-13,NVDA,TRENDING_BULL,CHOPPY,-0.1257,11,0.8949,0.9795,0.1115,16.04,0
2019-05-13,AAPL,TRENDING_BULL,CHOPPY,-0.0997,6,0.9564,0.9156,0.0814,16.04,0
2019-05-31,BX,CHOPPY,CHOPPY,-0.08,8,0.9592,0.9821,0.0626,17.3,1
2019-06-03,ADBE,CHOPPY,CHOPPY,-0.0682,12,0.9745,0.9439,0.0657,18.71,1
2019-06-03,INTU,CHOPPY,CHOPPY,-0.0295,12,0.9668,0.9872,0.0696,18.71,1
2019-06-04,INTU,CHOPPY,CHOPPY,0.0073,13,0.9668,0.9745,0.0693,18.86,1
2019-06-26,AMT,CHOPPY,TRENDING_BULL,-0.0173,12,0.9439,0.6607,0.0522,16.28,1
2019-06-27,AMT,CHOPPY,TRENDING_BULL,-0.017,13,0.9439,0.6607,0.0524,16.21,1
2019-06-28,AMT,CHOPPY,TRENDING_BULL,-0.0237,14,0.9439,0.6378,0.0515,15.82,1
2019-07-01,AMT,CHOPPY,TRENDING_BULL,-0.034,17,0.9439,0.6378,0.0552,15.08,1
2019-07-02,AMT,CHOPPY,TRENDING_BULL,-0.0181,18,0.9439,0.6122,0.0549,14.06,1
2019-07-31,BKNG,TRENDING_BULL,TRENDING_BULL,0.0016,15,0.9008,0.6768,0.0459,13.94,1
2019-08-06,ADBE,TRENDING_BULL,CHOPPY,-0.0726,21,0.9033,0.9796,0.0614,24.59,1
2019-08-06,NVDA,TRENDING_BULL,CHOPPY,-0.0904,20,0.9975,0.7099,0.0939,24.59,1
2019-08-06,NOW,TRENDING_BULL,CHOPPY,-0.1147,14,0.8626,0.9567,0.0898,24.59,0
2019-08-06,ORCL,TRENDING_BULL,CHOPPY,-0.0725,14,0.855,0.8753,0.0467,24.59,0
2019-08-07,ADBE,TRENDING_BULL,CHOPPY,-0.0635,22,0.9033,0.967,0.0634,20.17,0
2019-09-26,BKNG,TRENDING_BULL,TRENDING_BULL,-0.045,9,0.8633,0.8127,0.0521,15.96,0
2019-10-02,EBAY,TRENDING_BULL,TRENDING_BULL,-0.0519,21,0.8532,0.7392,0.0605,18.56,0
2019-10-08,INTU,CHOPPY,CHOPPY,-0.0467,49,0.9671,0.962,0.0579,17.86,1
2019-10-21,BA,CHOPPY,CHOPPY,-0.1058,5,0.9063,0.9116,0.0653,14.25,1
2019-11-26,PANW,TRENDING_BULL,CHOPPY,-0.0348,28,0.8914,0.8967,0.0716,11.87,1
2019-11-26,OXY,TRENDING_BULL,CHOPPY,-0.0868,21,0.8791,0.8892,0.084,11.87,0
2020-01-31,DHR,TRENDING_BULL,CHOPPY,-0.0068,15,0.8543,0.2714,0.0435,15.49,1
2020-02-03,AAPL,TRENDING_BULL,CHOPPY,-0.0331,12,0.8568,0.9422,0.0585,18.84,1
2020-02-24,INTU,CHOPPY,CHOPPY,-0.0249,17,0.9447,0.9874,0.0603,17.08,0
2020-02-24,NVDA,CHOPPY,CHOPPY,0.0203,13,0.8769,0.9774,0.1122,17.08,1
2020-02-24,ADBE,CHOPPY,CHOPPY,-0.0707,5,0.9573,0.9749,0.0595,17.08,0
2020-02-25,INTU,CHOPPY,CHOPPY,-0.0305,18,0.9447,0.9874,0.0657,25.03,0
2020-02-25,NVDA,CHOPPY,CHOPPY,-0.0217,14,0.8769,0.9774,0.126,25.03,1
2020-02-26,INTU,CHOPPY,CHOPPY,-0.0465,19,0.9447,0.9623,0.0668,27.85,1
2020-02-26,NVDA,CHOPPY,CHOPPY,-0.0008,15,0.8769,0.8643,0.1288,27.85,1
2020-02-26,PODD,CHOPPY,CHOPPY,-0.1394,1,0.9899,0.995,0.1079,27.85,0
2020-02-27,INTU,CHOPPY,CHOPPY,-0.0851,20,0.9447,0.9623,0.0744,27.56,1
2020-02-27,NVDA,CHOPPY,CHOPPY,-0.057,16,0.8769,0.8643,0.146,27.56,1
2020-02-28,INTU,CHOPPY,CHOPPY,-0.095,21,0.9447,0.9925,0.081,39.16,1
2020-02-28,NVDA,CHOPPY,CHOPPY,0.0083,17,0.8769,0.7915,0.1544,39.16,1
2020-03-02,INTU,CHOPPY,CHOPPY,-0.0428,24,0.9447,0.9925,0.0852,40.11,0
2020-03-02,NVDA,CHOPPY,CHOPPY,0.032,20,0.8769,0.7915,0.1542,40.11,1
2020-03-03,INTU,CHOPPY,CHOPPY,-0.0869,25,0.9447,0.9899,0.1007,33.42,1
2020-03-04,INTU,CHOPPY,CHOPPY,-0.0279,26,0.9447,0.9899,0.1033,36.82,0
2020-03-05,INTU,CHOPPY,BEAR,-0.0224,27,0.9447,0.9899,0.0879,31.99,0
2020-03-06,INTU,CHOPPY,BEAR,-0.0598,28,0.9447,0.9824,0.0976,39.62,0
2020-03-09,INTU,CHOPPY,BEAR,-0.1148,31,0.9447,0.9774,0.1165,41.94,0
2020-03-10,INTU,CHOPPY,BEAR,-0.082,32,0.9447,0.9774,0.117,54.46,0
2020-03-11,INTU,CHOPPY,BEAR,-0.1111,33,0.9447,0.9824,0.1235,47.3,0
2020-03-12,INTU,CHOPPY,BEAR,-0.19,34,0.9447,0.9824,0.1455,53.9,0
2020-03-13,INTU,CHOPPY,BEAR,-0.1107,35,0.9447,0.9799,0.1362,75.47,0
2020-03-16,INTU,CHOPPY,BEAR,-0.2394,38,0.9447,0.9799,0.1726,57.83,0
2020-03-17,INTU,CHOPPY,BEAR,-0.1858,39,0.9447,0.8166,0.1686,82.69,0
2020-06-03,BA,CHOPPY,CHOPPY,0.1,0,0.9925,0.9925,0.129,26.84,1
2020-07-31,GILD,TRENDING_BULL,TRENDING_BULL,-0.0921,8,0.898,0.6095,0.071,24.76,0
2020-08-06,ABBV,TRENDING_BULL,TRENDING_BULL,-0.0596,14,0.9303,0.6849,0.0597,22.99,1
2020-09-04,EBAY,TRENDING_BULL,TRENDING_BULL,-0.0525,28,0.9504,0.6501,0.0934,33.6,0
2020-09-04,SHOP,TRENDING_BULL,TRENDING_BULL,-0.0498,16,0.9752,0.7692,0.1776,33.6,0
2020-09-04,ETSY,TRENDING_BULL,TRENDING_BULL,-0.1261,10,0.9529,0.6799,0.1726,33.6,0
2020-09-04,AMZN,TRENDING_BULL,TRENDING_BULL,-0.0578,3,0.9057,0.6749,0.0959,33.6,0
2020-09-08,EBAY,TRENDING_BULL,TRENDING_BULL,-0.0707,32,0.9504,0.6501,0.0983,30.75,0
2020-09-08,AMZN,TRENDING_BULL,TRENDING_BULL,-0.0992,7,0.9057,0.6749,0.1021,30.75,0
2020-09-09,EBAY,TRENDING_BULL,TRENDING_BULL,-0.0363,33,0.9504,0.7916,0.0982,31.46,0
2020-09-10,EBAY,TRENDING_BULL,TRENDING_BULL,-0.0565,34,0.9504,0.7916,0.1071,28.81,0
2020-09-16,AMZN,TRENDING_BULL,CHOPPY,-0.1197,15,0.9057,0.9404,0.1015,25.59,0
2020-09-17,AMZN,TRENDING_BULL,CHOPPY,-0.1395,16,0.9057,0.9529,0.1057,26.04,0
2020-09-18,AMZN,TRENDING_BULL,CHOPPY,-0.1549,17,0.9057,0.9529,0.1127,26.46,0
2020-09-21,AMZN,TRENDING_BULL,CHOPPY,-0.1533,20,0.9057,0.9677,0.1124,25.83,0
2020-09-21,BKNG,TRENDING_BULL,CHOPPY,-0.0825,6,0.866,0.8213,0.0906,25.83,1
2020-09-22,AMZN,TRENDING_BULL,CHOPPY,-0.1051,21,0.9057,0.9677,0.1127,27.78,0
2020-09-23,AMZN,TRENDING_BULL,CHOPPY,-0.1421,22,0.9057,0.8089,0.1217,26.86,0
2020-09-24,AMZN,TRENDING_BULL,CHOPPY,-0.1364,23,0.9057,0.8089,0.1136,28.58,0
2020-09-24,ULTA,TRENDING_BULL,CHOPPY,-0.0887,9,0.8983,0.9256,0.1019,28.58,1
2020-09-25,AMZN,TRENDING_BULL,CHOPPY,-0.1148,24,0.9057,0.7723,0.1011,28.51,0
2020-09-25,ULTA,TRENDING_BULL,CHOPPY,-0.0835,10,0.8983,0.9257,0.0998,28.51,1
2020-09-28,AMZN,TRENDING_BULL,CHOPPY,-0.0922,27,0.9057,0.7723,0.0939,26.38,1
2020-10-28,ROST,TRENDING_BULL,TRENDING_BULL,-0.1076,13,0.9212,0.5577,0.1018,33.35,1
2020-10-29,MRVL,TRENDING_BULL,TRENDING_BULL,-0.1063,14,0.9015,0.8378,0.1181,40.28,1
2020-10-29,ROST,TRENDING_BULL,TRENDING_BULL,-0.0897,14,0.9212,0.8133,0.1022,40.28,1
2020-10-30,MRVL,TRENDING_BULL,TRENDING_BULL,-0.1227,15,0.9015,0.8378,0.1181,37.59,1
2020-10-30,CRM,TRENDING_BULL,TRENDING_BULL,-0.1019,15,0.867,0.8182,0.1012,37.59,1
2020-10-30,ROST,TRENDING_BULL,TRENDING_BULL,-0.1087,15,0.9212,0.8133,0.1056,37.59,1
2020-11-02,ADBE,CHOPPY,BEAR,-0.1263,21,0.9409,0.8919,0.0614,38.02,1
2020-11-02,FTNT,CHOPPY,BEAR,-0.1442,20,0.8941,0.9312,0.0815,38.02,0
2020-11-02,MRVL,TRENDING_BULL,BEAR,-0.1372,18,0.9015,0.6978,0.0818,38.02,1
2020-11-02,CRM,TRENDING_BULL,BEAR,-0.1012,18,0.867,0.8256,0.0704,38.02,1
2020-11-02,ROST,TRENDING_BULL,BEAR,-0.0729,18,0.9212,0.8477,0.0699,38.02,1
2020-11-02,INTU,TRENDING_BULL,BEAR,-0.0747,18,0.9064,0.9484,0.0544,38.02,1
2020-11-03,ADBE,CHOPPY,BEAR,-0.1085,22,0.9409,0.8477,0.0594,37.13,1
2020-11-03,FTNT,CHOPPY,BEAR,-0.1301,21,0.8941,0.8526,0.0813,37.13,0
2020-11-03,MRVL,TRENDING_BULL,BEAR,-0.1302,19,0.9015,0.7346,0.0801,37.13,1
2020-11-03,CRM,TRENDING_BULL,BEAR,-0.0831,19,0.867,0.7862,0.0673,37.13,1
2020-11-03,ROST,TRENDING_BULL,BEAR,-0.041,19,0.9212,0.715,0.069,37.13,1
2020-11-03,INTU,TRENDING_BULL,BEAR,-0.0504,19,0.9064,0.9214,0.0531,37.13,1
2020-11-04,ADBE,CHOPPY,BEAR,-0.0433,23,0.9409,0.8403,0.0631,35.55,0
2020-11-04,FTNT,CHOPPY,BEAR,-0.1005,22,0.8941,0.8501,0.0794,35.55,0
2020-11-04,MRVL,TRENDING_BULL,BEAR,-0.0841,20,0.9015,0.7469,0.0815,35.55,1
2021-01-14,NOW,TRENDING_BULL,TRENDING_BULL,-0.0658,28,0.8943,0.8431,0.0904,22.21,1
2021-01-15,NOW,TRENDING_BULL,TRENDING_BULL,-0.0669,29,0.8943,0.8431,0.0918,23.25,1
2021-01-27,ROST,TRENDING_BULL,TRENDING_BULL,-0.071,21,0.8824,0.8456,0.0836,23.02,1
2021-01-29,TJX,TRENDING_BULL,TRENDING_BULL,-0.0484,23,0.8848,0.7819,0.0802,30.21,1
2021-02-01,TJX,TRENDING_BULL,TRENDING_BULL,-0.0479,26,0.8848,0.7819,0.0771,33.09,1
2021-02-22,MSFT,TRENDING_BULL,TRENDING_BULL,-0.0447,12,0.8505,0.6961,0.0495,22.05,0
2021-02-23,DDOG,TRENDING_BULL,TRENDING_BULL,-0.084,20,0.8554,0.3676,0.1744,23.45,0
2021-02-25,AAPL,TRENDING_BULL,TRENDING_BULL,-0.1141,21,0.9608,0.8064,0.0834,21.34,0
2021-02-25,ADBE,TRENDING_BULL,TRENDING_BULL,-0.075,8,0.9118,0.5686,0.0771,21.34,0
2021-02-26,ADBE,TRENDING_BULL,TRENDING_BULL,-0.074,9,0.9118,0.5686,0.079,28.89,0
2021-03-01,ETSY,TRENDING_BULL,TRENDING_BULL,0.0852,12,0.8652,0.0956,0.185,27.95,1
2021-03-03,ADBE,TRENDING_BULL,TRENDING_BULL,-0.0966,14,0.9118,0.5025,0.0883,24.1,0
2021-03-04,ETSY,TRENDING_BULL,TRENDING_BULL,-0.121,15,0.8652,0.1593,0.2,26.67,1
2021-03-04,EBAY,TRENDING_BULL,TRENDING_BULL,-0.0922,2,0.8824,0.7745,0.1026,26.67,1
2021-03-12,ULTA,TRENDING_BULL,CHOPPY,-0.063,10,0.8676,0.576,0.1103,21.91,0
2021-03-25,ETN,TRENDING_BULL,CHOPPY,-0.0109,22,0.8529,0.5294,0.0624,21.2,1
2021-05-04,SHOP,TRENDING_BULL,TRENDING_BULL,-0.0354,26,0.8922,0.6814,0.1574,18.31,0
2021-08-03,AMZN,TRENDING_BULL,TRENDING_BULL,-0.078,26,0.8802,0.6846,0.074,19.46,0
2021-08-05,MRK,TRENDING_BULL,CHOPPY,-0.0253,23,0.9658,0.1271,0.04,17.97,1
2021-08-06,MRK,TRENDING_BULL,CHOPPY,-0.0273,24,0.9658,0.2567,0.04,17.28,1
2021-08-09,MRK,TRENDING_BULL,CHOPPY,-0.0288,27,0.9658,0.1125,0.04,16.15,1
2021-08-10,MRK,TRENDING_BULL,CHOPPY,-0.0305,28,0.9658,0.1125,0.04,16.72,1
2021-08-11,MRK,TRENDING_BULL,CHOPPY,-0.0302,29,0.9658,0.2029,0.04,16.79,1
2021-08-12,MRK,TRENDING_BULL,CHOPPY,-0.0195,30,0.9658,0.2029,0.04,16.17,1
2021-08-17,MRNA,CHOPPY,CHOPPY,0.1132,0,0.9853,0.9853,0.2,16.12,1
2021-08-19,AAPL,TRENDING_BULL,CHOPPY,-0.0059,15,0.8924,0.6381,0.0411,21.57,1
2021-08-26,ANF,TRENDING_BULL,CHOPPY,0.0229,21,0.9902,0.467,0.165,16.79,1
2021-09-14,ORCL,CHOPPY,TRENDING_BULL,-0.0292,19,0.89,0.22,0.0506,19.37,1
2021-09-20,MSFT,TRENDING_BULL,TRENDING_BULL,-0.0246,21,0.9535,0.3521,0.0458,20.81,1
2021-09-22,ADBE,TRENDING_BULL,TRENDING_BULL,-0.053,23,0.9462,0.1834,0.0656,24.36,0
2021-09-28,MDB,TRENDING_BULL,CHOPPY,-0.049,14,0.8875,0.0049,0.1012,18.76,0
2021-09-29,MDB,TRENDING_BULL,CHOPPY,-0.0594,15,0.8875,0.0049,0.1052,23.25,1
2021-09-29,SHOP,TRENDING_BULL,CHOPPY,-0.0879,5,0.9218,0.922,0.0883,23.25,0
2021-10-01,NVDA,TRENDING_BULL,CHOPPY,-0.062,7,0.89,0.8854,0.0766,23.14,1
2021-10-01,BNTX,CHOPPY,CHOPPY,-0.1325,3,0.956,0.9293,0.2,23.14,0
2021-11-16,PLTR,CHOPPY,TRENDING_BULL,-0.1118,21,0.9903,0.7518,0.1389,16.49,0
2021-11-26,MSFT,CHOPPY,CHOPPY,-0.0146,23,0.8699,0.8337,0.0402,18.58,1
2021-11-29,LIN,CHOPPY,CHOPPY,-0.0334,10,0.9614,0.8458,0.04,28.62,1
2021-11-30,LLY,TRENDING_BULL,CHOPPY,-0.0552,20,0.9759,0.9542,0.0554,22.96,0
2021-11-30,MCD,TRENDING_BULL,CHOPPY,-0.0329,13,0.9735,0.6361,0.04,22.96,1
2021-12-01,MCD,TRENDING_BULL,CHOPPY,-0.0345,14,0.9735,0.1904,0.04,27.19,1
2021-12-31,ORCL,CHOPPY,TRENDING_BULL,-0.1091,14,0.8606,0.6659,0.0882,17.33,0
2022-01-11,PG,TRENDING_BULL,TRENDING_BULL,-0.0243,7,0.9308,0.7351,0.0421,19.4,1
2022-01-18,PG,TRENDING_BULL,TRENDING_BULL,-0.0362,14,0.9308,0.7833,0.0463,19.19,1
2022-01-19,GILD,TRENDING_BULL,TRENDING_BULL,-0.0507,15,0.9523,0.7476,0.0475,22.79,0
2022-01-24,VRTX,TRENDING_BULL,CHOPPY,0.0385,20,0.9666,0.5476,0.0518,28.85,1
2022-01-24,KO,TRENDING_BULL,CHOPPY,0.0018,20,0.9403,0.1429,0.04,28.85,1
2022-01-25,KO,TRENDING_BULL,CHOPPY,-0.0005,21,0.9403,0.1429,0.04,29.9,1
2022-01-26,PEP,TRENDING_BULL,CHOPPY,-0.026,13,0.9095,0.0523,0.0446,31.16,1
2022-02-24,INSP,BEAR,BEAR,0.0851,2,0.9529,0.9506,0.1283,31.02,1
2022-04-28,MO,CHOPPY,BEAR,0.0066,14,0.96,0.2295,0.04,31.6,1
2022-05-09,PANW,BEAR,BEAR,-0.1676,4,0.719,0.9204,0.1364,30.19,0
2022-06-13,HPQ,BEAR,BEAR,-0.1346,5,0.4907,0.6005,0.086,27.75,0
2022-06-17,PNW,BEAR,BEAR,-0.1174,8,0.9159,0.4696,0.0634,32.95,1
2022-09-23,PODD,BEAR,BEAR,-0.094,10,0.7575,0.7321,0.0849,27.35,0
2023-02-16,INTU,CHOPPY,CHOPPY,0.0336,22,0.9021,0.925,0.0899,18.23,1
2023-02-17,INTU,CHOPPY,CHOPPY,0.0235,23,0.9021,0.925,0.0912,20.17,1
2023-02-21,INTU,CHOPPY,CHOPPY,0.003,27,0.9021,0.9727,0.0944,20.02,1
2023-02-22,INTU,CHOPPY,CHOPPY,0.0286,28,0.9021,0.9727,0.0876,22.87,1
2023-02-23,INTU,CHOPPY,CHOPPY,0.0425,29,0.9021,0.9273,0.082,22.29,1
2023-02-23,ROST,TRENDING_BULL,CHOPPY,-0.0229,15,0.8523,0.6614,0.05,22.29,0
2023-02-24,INTU,CHOPPY,CHOPPY,0.0626,30,0.9021,0.9273,0.0785,21.14,1
2023-02-24,ROST,TRENDING_BULL,CHOPPY,-0.0232,16,0.8523,0.6614,0.0508,21.14,0
2023-02-27,INTU,CHOPPY,CHOPPY,0.0444,33,0.9021,0.8523,0.0796,21.67,1
2023-02-27,ROST,TRENDING_BULL,CHOPPY,-0.0279,19,0.8523,0.6841,0.051,21.67,0
2023-02-28,INTU,CHOPPY,CHOPPY,0.0306,34,0.9021,0.8523,0.0749,20.95,1
2023-02-28,ROST,TRENDING_BULL,CHOPPY,-0.0313,20,0.8523,0.6841,0.0477,20.95,1
2023-03-01,INTU,CHOPPY,CHOPPY,0.0156,35,0.9021,0.8636,0.0751,20.7,1
2023-03-01,ROST,TRENDING_BULL,CHOPPY,-0.0301,21,0.8523,0.8795,0.0526,20.7,1
2023-03-02,INTU,CHOPPY,CHOPPY,0.0134,36,0.9021,0.8636,0.0732,20.58,1
2023-03-02,ROST,TRENDING_BULL,CHOPPY,-0.0271,22,0.8523,0.8795,0.0509,20.58,0
2023-03-03,INTU,CHOPPY,CHOPPY,0.034,37,0.9021,0.9432,0.0716,19.59,1
2023-03-03,ROST,TRENDING_BULL,CHOPPY,-0.0147,23,0.8523,0.8341,0.0506,19.59,0
2023-03-06,INTU,CHOPPY,CHOPPY,0.0446,40,0.9021,0.9432,0.074,18.49,1
2023-03-07,INTU,CHOPPY,CHOPPY,0.0359,41,0.9021,0.925,0.0728,18.61,1
2023-03-07,HALO,CHOPPY,CHOPPY,-0.1053,7,0.9795,1.0,0.0878,18.61,0
2023-03-08,INTU,CHOPPY,CHOPPY,0.0546,42,0.9021,0.925,0.0721,19.59,1
2023-03-09,INTU,CHOPPY,CHOPPY,0.024,43,0.9021,0.9023,0.0771,19.11,1
2023-03-10,INTU,CHOPPY,CHOPPY,-0.0063,44,0.9021,0.9023,0.0814,22.61,1
2023-03-13,INTU,CHOPPY,CHOPPY,-0.0089,47,0.9021,0.9409,0.083,24.8,1
2023-03-14,INTU,CHOPPY,CHOPPY,0.0334,48,0.9021,0.9409,0.0821,26.52,1
2023-03-15,INTU,CHOPPY,CHOPPY,0.0284,49,0.9021,0.8932,0.0801,23.73,1
2023-03-16,INTU,CHOPPY,CHOPPY,0.0584,50,0.9021,0.8932,0.0749,26.14,1
2023-03-17,INTU,CHOPPY,CHOPPY,0.0471,51,0.9021,0.8545,0.0753,22.99,1
2023-03-20,INTU,CHOPPY,CHOPPY,0.0424,54,0.9021,0.8545,0.0758,25.51,1
2023-03-21,INTU,CHOPPY,CHOPPY,0.0682,55,0.9021,0.7864,0.0743,24.15,1
2023-03-22,INTU,CHOPPY,CHOPPY,0.0484,56,0.9021,0.7864,0.0779,21.38,1
2023-03-23,INTU,CHOPPY,CHOPPY,0.0947,57,0.9021,0.8932,0.0788,22.26,1
2023-04-27,CAT,TRENDING_BULL,TRENDING_BULL,-0.0106,22,0.9636,0.6341,0.0705,18.84,1
2023-05-11,PM,TRENDING_BULL,TRENDING_BULL,-0.0425,9,0.8568,0.5614,0.0537,16.94,0
2023-05-24,INTU,TRENDING_BULL,CHOPPY,-0.0674,22,0.95,0.9864,0.0775,18.53,1
2023-05-25,INTU,TRENDING_BULL,CHOPPY,-0.0737,23,0.95,0.9864,0.0766,20.03,1
2023-05-26,INTU,TRENDING_BULL,CHOPPY,-0.0618,24,0.95,0.9864,0.0772,19.14,1
2023-05-30,INTU,TRENDING_BULL,CHOPPY,-0.0894,28,0.95,0.9614,0.0857,17.95,1
2023-08-17,BA,TRENDING_BULL,CHOPPY,0.0614,29,0.95,0.9364,0.0552,16.78,1
2023-08-18,BA,TRENDING_BULL,CHOPPY,0.0714,30,0.95,0.9295,0.0564,17.89,1
2023-08-18,CRM,TRENDING_BULL,CHOPPY,-0.0181,8,0.8932,0.8136,0.0547,17.89,1
2023-08-21,BA,TRENDING_BULL,CHOPPY,0.0741,33,0.95,0.9295,0.0538,17.3,1
2023-09-15,ADBE,CHOPPY,CHOPPY,0.0003,17,0.9114,0.9045,0.0667,12.82,1
2023-09-15,BA,CHOPPY,CHOPPY,-0.0672,10,0.9477,0.9659,0.0545,12.82,0
2023-09-15,NVDA,CHOPPY,CHOPPY,-0.0956,9,0.9773,0.9818,0.0895,12.82,0
2023-09-18,ADBE,CHOPPY,CHOPPY,0.0069,20,0.9114,0.9068,0.067,13.79,1
2023-09-21,ADBE,CHOPPY,TRENDING_BULL,-0.0281,23,0.9114,0.8295,0.0858,15.14,0
2023-09-27,ADBE,CHOPPY,CHOPPY,-0.0495,29,0.9114,0.9023,0.0706,18.94,1
2023-09-28,ADBE,CHOPPY,CHOPPY,-0.0456,30,0.9114,0.9227,0.0694,18.22,1
2023-09-29,ADBE,CHOPPY,CHOPPY,-0.0357,31,0.9114,0.9227,0.0705,17.34,1
2023-10-24,OXY,CHOPPY,BEAR,-0.0212,12,0.9705,0.7659,0.0502,20.37,1
2023-10-25,OXY,CHOPPY,BEAR,-0.0097,13,0.9705,0.8227,0.0487,18.97,0
2023-10-26,OXY,CHOPPY,BEAR,-0.0097,14,0.9705,0.8841,0.0455,20.19,0
2023-10-27,OXY,CHOPPY,BEAR,-0.0259,15,0.9705,0.8841,0.0437,20.68,1
2023-12-12,ORCL,TRENDING_BULL,TRENDING_BULL,-0.105,5,0.9023,0.8,0.0811,12.63,0
2024-01-04,ULTA,TRENDING_BULL,TRENDING_BULL,-0.0512,22,0.8614,0.6886,0.0488,14.04,1
2024-02-26,ADBE,TRENDING_BULL,TRENDING_BULL,-0.0919,17,0.8886,0.6682,0.0984,13.75,0
2024-03-15,ULTA,TRENDING_BULL,TRENDING_BULL,-0.0364,9,0.8909,0.6364,0.0821,14.4,0
2024-04-16,ECL,TRENDING_BULL,CHOPPY,-0.0331,14,0.9273,0.7591,0.04,19.23,1
2024-04-17,CAT,TRENDING_BULL,CHOPPY,0.0032,22,0.9227,0.3136,0.0608,18.4,1
2024-04-17,ECL,TRENDING_BULL,CHOPPY,-0.038,15,0.9273,0.4568,0.04,18.4,1
2024-04-18,ECL,TRENDING_BULL,CHOPPY,-0.0382,16,0.9273,0.4568,0.0402,18.21,1
2024-04-18,MSFT,TRENDING_BULL,CHOPPY,-0.0396,16,0.875,0.7023,0.0461,18.21,0
2024-04-19,ECL,TRENDING_BULL,CHOPPY,-0.0428,17,0.9273,0.4864,0.04,18.0,1
2024-04-19,MSFT,TRENDING_BULL,CHOPPY,-0.0519,17,0.875,0.7977,0.0469,18.0,0
2024-04-22,ECL,TRENDING_BULL,CHOPPY,-0.0378,20,0.9273,0.4864,0.0403,18.71,1
2024-04-23,ECL,TRENDING_BULL,CHOPPY,-0.0362,21,0.9273,0.7795,0.0404,16.94,1
2024-05-30,SNOW,TRENDING_BULL,TRENDING_BULL,-0.1408,13,0.8705,0.6705,0.1083,14.28,0
2024-05-30,INTU,TRENDING_BULL,TRENDING_BULL,-0.1425,13,0.9273,0.2773,0.0944,14.28,0
2024-05-31,INTU,TRENDING_BULL,TRENDING_BULL,-0.122,14,0.9273,0.2773,0.0956,14.47,0
2024-06-03,INTU,TRENDING_BULL,TRENDING_BULL,-0.1361,17,0.9273,0.7159,0.0978,12.92,0
2024-07-18,ROST,TRENDING_BULL,TRENDING_BULL,-0.0013,15,0.9206,0.6689,0.0439,14.48,1
2024-07-18,ANF,TRENDING_BULL,TRENDING_BULL,-0.1423,8,0.9501,0.3764,0.1523,14.48,0
2024-07-22,SHOP,TRENDING_BULL,TRENDING_BULL,-0.047,11,0.9048,0.093,0.1105,16.52,0
2024-07-30,ECL,TRENDING_BULL,CHOPPY,-0.0577,14,0.9388,0.6848,0.055,16.6,1
2024-08-05,NU,CHOPPY,CHOPPY,-0.1156,5,0.9796,0.941,0.1261,23.39,1
2024-08-15,CCI,TRENDING_BULL,CHOPPY,0.0147,17,0.9342,0.6576,0.0554,16.19,1
2024-08-16,CCI,TRENDING_BULL,CHOPPY,0.021,18,0.9342,0.8662,0.0532,15.23,1
2024-08-20,CCI,TRENDING_BULL,CHOPPY,0.0223,22,0.9342,0.898,0.0507,14.65,1
2024-08-21,CCI,TRENDING_BULL,CHOPPY,0.0184,23,0.9342,0.898,0.0496,15.88,1
2024-08-22,CCI,TRENDING_BULL,CHOPPY,0.0177,24,0.9342,0.5215,0.0459,16.27,1
2024-08-23,CCI,TRENDING_BULL,CHOPPY,0.0446,25,0.9342,0.5215,0.0416,17.55,1
2024-09-12,MO,TRENDING_BULL,TRENDING_BULL,-0.0145,14,0.966,0.2789,0.04,17.69,0
2024-09-16,MO,TRENDING_BULL,TRENDING_BULL,-0.0321,18,0.966,0.1973,0.0418,16.56,0
2024-09-17,CL,TRENDING_BULL,TRENDING_BULL,-0.0091,21,0.8776,0.3265,0.04,17.14,0
2024-09-18,PM,TRENDING_BULL,TRENDING_BULL,-0.0086,22,0.9773,0.3424,0.054,17.61,1
2024-09-18,CL,TRENDING_BULL,TRENDING_BULL,-0.0222,22,0.8776,0.288,0.04,17.61,0
2024-09-19,PM,TRENDING_BULL,TRENDING_BULL,-0.0186,23,0.9773,0.3424,0.0554,18.23,1
2024-09-19,CL,TRENDING_BULL,TRENDING_BULL,-0.0333,23,0.8776,0.288,0.04,18.23,1
2024-09-20,PM,TRENDING_BULL,TRENDING_BULL,-0.0099,24,0.9773,0.2744,0.0559,16.33,1
2024-09-20,CL,TRENDING_BULL,TRENDING_BULL,-0.0233,24,0.8776,0.2653,0.04,16.33,0
2024-09-23,PM,TRENDING_BULL,TRENDING_BULL,-0.0075,27,0.9773,0.2744,0.0526,16.15,1
2024-09-23,CL,TRENDING_BULL,TRENDING_BULL,-0.0209,27,0.8776,0.2653,0.04,16.15,0
2024-09-24,PM,TRENDING_BULL,TRENDING_BULL,-0.0065,28,0.9773,0.254,0.0514,15.89,1
2024-09-24,CL,TRENDING_BULL,TRENDING_BULL,-0.0164,28,0.8776,0.2517,0.0401,15.89,0
2024-09-25,PM,TRENDING_BULL,TRENDING_BULL,-0.0026,29,0.9773,0.254,0.0499,15.39,0
2024-09-25,CL,TRENDING_BULL,TRENDING_BULL,-0.0168,29,0.8776,0.2517,0.04,15.39,0
2024-09-26,PM,TRENDING_BULL,TRENDING_BULL,-0.0095,30,0.9773,0.1787,0.0512,15.41,0
2024-09-26,CL,TRENDING_BULL,TRENDING_BULL,-0.0233,30,0.8776,0.2104,0.0412,15.41,0
2024-09-27,PM,TRENDING_BULL,TRENDING_BULL,-0.0113,31,0.9773,0.1787,0.0485,15.37,1
2024-09-30,PM,TRENDING_BULL,TRENDING_BULL,-0.0049,34,0.9773,0.1697,0.0464,16.96,0
2024-10-09,NEE,TRENDING_BULL,TRENDING_BULL,-0.0455,13,0.8846,0.7104,0.0621,21.42,1
2024-10-22,RUN,TRENDING_BULL,CHOPPY,-0.1699,19,0.9638,0.9796,0.1376,18.37,1
2024-10-23,RUN,TRENDING_BULL,CHOPPY,-0.1811,20,0.9638,0.9729,0.1414,18.2,1
2024-10-24,RUN,TRENDING_BULL,CHOPPY,-0.1723,21,0.9638,0.9774,0.134,19.24,1
2024-10-25,RUN,TRENDING_BULL,CHOPPY,-0.1504,22,0.9638,0.9774,0.1306,19.08,1
2024-10-28,RUN,TRENDING_BULL,CHOPPY,-0.1468,25,0.9638,0.9389,0.1391,20.33,1
2024-11-26,INTU,CHOPPY,TRENDING_BULL,-0.0597,18,0.9729,0.595,0.0993,14.6,1
2024-11-27,INTU,CHOPPY,TRENDING_BULL,-0.0636,19,0.9729,0.7104,0.0941,14.1,1
2024-11-29,INTU,CHOPPY,TRENDING_BULL,-0.0554,21,0.9729,0.7104,0.0908,14.1,1
2024-12-02,INTU,CHOPPY,TRENDING_BULL,-0.0667,24,0.9729,0.7104,0.0896,13.51,1
2024-12-18,TJX,TRENDING_BULL,TRENDING_BULL,-0.0409,8,0.9638,0.81,0.045,15.87,1
2024-12-20,PLTR,TRENDING_BULL,TRENDING_BULL,0.1119,8,0.9615,0.1991,0.2,24.09,1
2024-12-27,SHOP,TRENDING_BULL,CHOPPY,-0.0482,22,0.9525,0.362,0.096,14.73,1
2024-12-27,INTU,TRENDING_BULL,CHOPPY,-0.0587,9,0.905,0.9118,0.0662,14.73,0
2024-12-30,SHOP,TRENDING_BULL,CHOPPY,-0.0613,25,0.9525,0.362,0.0953,15.95,1
2024-12-30,INTU,TRENDING_BULL,CHOPPY,-0.0709,12,0.905,0.9118,0.0684,15.95,0
2024-12-31,SHOP,TRENDING_BULL,CHOPPY,-0.0645,26,0.9525,0.362,0.0921,17.4,1
2025-01-02,SHOP,TRENDING_BULL,CHOPPY,-0.0539,28,0.9525,0.362,0.0894,17.35,1
2025-01-07,SCHW,TRENDING_BULL,CHOPPY,-0.0605,20,0.9005,0.8507,0.0534,16.04,1
2025-01-13,ROST,TRENDING_BULL,CHOPPY,0.0001,26,0.9389,0.4661,0.0525,19.54,0
2025-01-14,LLY,CHOPPY,CHOPPY,-0.0642,1,0.9457,0.9434,0.069,19.19,1
2025-01-27,NVDA,CHOPPY,CHOPPY,-0.1852,4,0.9434,0.9412,0.165,14.85,1
2025-02-10,ULTA,TRENDING_BULL,TRENDING_BULL,-0.0839,5,0.8688,0.4842,0.0926,16.54,0
2025-02-18,ROST,TRENDING_BULL,TRENDING_BULL,-0.0583,13,0.9253,0.6131,0.0647,14.77,0
2025-02-21,LOW,TRENDING_BULL,TRENDING_BULL,-0.0781,16,0.9412,0.7466,0.0653,15.66,0
2025-02-24,BLK,TRENDING_BULL,TRENDING_BULL,-0.0681,18,0.8801,0.233,0.0624,18.21,0
2025-02-27,EBAY,TRENDING_BULL,CHOPPY,-0.0561,22,0.8982,0.8756,0.0754,19.1,1
2025-02-27,VST,TRENDING_BULL,CHOPPY,-0.2208,16,0.9502,0.948,0.2,19.1,0
2025-02-27,UPST,TRENDING_BULL,CHOPPY,-0.2301,8,0.9661,0.8529,0.2,19.1,0
2025-02-27,RKLB,TRENDING_BULL,CHOPPY,-0.2932,8,0.9615,0.957,0.2,19.1,0
2025-05-15,SEDG,BEAR,BEAR,0.1559,1,0.9977,0.9707,0.1698,18.62,1
2025-07-07,MP,TRENDING_BULL,TRENDING_BULL,-0.0963,20,0.9774,0.2009,0.2,16.38,1
2025-07-15,INTU,TRENDING_BULL,TRENDING_BULL,-0.02,22,0.8984,0.4424,0.0559,17.2,1
2025-07-16,INTU,TRENDING_BULL,TRENDING_BULL,-0.0138,23,0.8984,0.4424,0.0558,17.38,1
2025-08-14,FTNT,TRENDING_BULL,TRENDING_BULL,-0.2701,16,0.9684,0.4176,0.1853,14.49,0
2025-08-14,INTU,TRENDING_BULL,TRENDING_BULL,-0.097,9,0.8646,0.6637,0.0822,14.49,0
2025-08-18,ICE,TRENDING_BULL,TRENDING_BULL,-0.0169,27,0.9187,0.7449,0.0507,15.09,1
2025-08-19,ICE,TRENDING_BULL,TRENDING_BULL,-0.015,28,0.9187,0.7449,0.0489,14.99,1
2025-08-20,ICE,TRENDING_BULL,TRENDING_BULL,0.0017,29,0.9187,0.7065,0.047,15.57,0
2025-08-20,ORCL,TRENDING_BULL,TRENDING_BULL,-0.0878,7,0.921,0.5282,0.1112,15.57,0
2025-08-22,MSFT,TRENDING_BULL,TRENDING_BULL,-0.0335,10,0.9458,0.3273,0.0481,16.6,0
2025-09-02,SHOP,TRENDING_BULL,TRENDING_BULL,-0.0648,19,0.8939,0.4244,0.1003,15.36,1
2025-09-03,AEP,TRENDING_BULL,TRENDING_BULL,-0.02,22,0.9278,0.772,0.04,17.17,0
2025-09-04,AEP,TRENDING_BULL,TRENDING_BULL,-0.0324,23,0.9278,0.623,0.0453,16.35,0
2025-09-08,NEE,TRENDING_BULL,TRENDING_BULL,-0.0705,12,0.8758,0.6163,0.0649,15.18,0
2025-09-15,MCD,TRENDING_BULL,TRENDING_BULL,-0.031,18,0.9594,0.6862,0.04,14.76,0
2025-09-26,BA,TRENDING_BULL,TRENDING_BULL,-0.0618,30,0.9233,0.7246,0.0698,16.74,0
2025-10-10,AAPL,TRENDING_BULL,TRENDING_BULL,-0.0458,2,0.8758,0.7585,0.0543,16.43,1
2025-10-15,AMZN,TRENDING_BULL,CHOPPY,-0.0557,22,0.9142,0.7517,0.0617,20.81,1
2025-10-15,INTU,TRENDING_BULL,CHOPPY,-0.0692,22,0.9797,0.9481,0.054,20.81,1
2025-10-15,OXY,TRENDING_BULL,CHOPPY,-0.1088,21,0.9278,0.912,0.09,20.81,0
2025-10-16,AMZN,TRENDING_BULL,CHOPPY,-0.0605,23,0.9142,0.8397,0.0643,20.64,1
2025-10-17,AMZN,TRENDING_BULL,CHOPPY,-0.0668,24,0.9142,0.8397,0.0651,25.31,1
2025-10-20,AMZN,TRENDING_BULL,CHOPPY,-0.0517,27,0.9142,0.9097,0.0635,20.78,1
2025-10-22,NVDA,TRENDING_BULL,CHOPPY,-0.0356,14,0.9774,0.9752,0.082,17.87,1
2025-10-30,BA,TRENDING_BULL,CHOPPY,-0.0649,16,0.9007,0.9278,0.0618,16.92,0
2025-11-17,SCHW,CHOPPY,CHOPPY,-0.0244,17,0.8781,0.7946,0.0567,19.83,0
2025-11-18,SCHW,CHOPPY,CHOPPY,-0.0205,18,0.8781,0.7946,0.0569,22.38,1
2025-11-19,SCHW,CHOPPY,CHOPPY,-0.0166,19,0.8781,0.8284,0.0563,24.69,1
2025-11-20,SCHW,CHOPPY,CHOPPY,-0.0395,20,0.8781,0.8284,0.062,23.66,1
2025-12-03,LLY,CHOPPY,CHOPPY,0.1077,26,0.9391,0.8781,0.0674,16.59,1
2025-12-04,LLY,CHOPPY,CHOPPY,0.0873,27,0.9391,0.9345,0.0693,16.08,1
2025-12-05,LLY,CHOPPY,CHOPPY,0.0828,28,0.9391,0.9345,0.0691,15.78,1
2025-12-08,LLY,CHOPPY,CHOPPY,0.0692,31,0.9391,0.9684,0.0685,15.41,1
2026-01-09,ADBE,TRENDING_BULL,TRENDING_BULL,-0.0496,7,0.8691,0.8284,0.0663,15.45,0
2026-01-21,AMZN,TRENDING_BULL,TRENDING_BULL,-0.0502,13,0.851,0.8442,0.0812,20.09,1
2026-01-23,GE,TRENDING_BULL,TRENDING_BULL,-0.0852,8,0.8533,0.8194,0.1066,15.64,1
2026-02-02,BA,TRENDING_BULL,CHOPPY,0.0145,27,0.86,0.9436,0.072,17.44,1
2026-02-02,SNPS,TRENDING_BULL,CHOPPY,-0.0948,5,0.9345,0.8939,0.0985,17.44,0
2026-02-03,BA,TRENDING_BULL,CHOPPY,0.0151,28,0.86,0.9368,0.0738,16.34,1
2026-02-03,LLY,TRENDING_BULL,CHOPPY,-0.0753,21,0.9707,0.833,0.0814,16.34,1
2026-02-04,BA,TRENDING_BULL,CHOPPY,0.0273,29,0.86,0.9368,0.0739,18.0,1
2026-02-04,NU,TRENDING_BULL,CHOPPY,-0.0384,13,0.9639,0.9323,0.0984,18.0,1
2026-02-05,BA,TRENDING_BULL,CHOPPY,0.0316,30,0.86,0.9345,0.0748,18.64,1
2026-03-03,LRCX,CHOPPY,CHOPPY,-0.0736,12,0.9707,0.9865,0.1263,21.44,0
2026-03-04,LRCX,CHOPPY,CHOPPY,-0.0492,13,0.9707,0.9752,0.1184,23.57,0
