symbol,entry_date,exit_date,entry_price,exit_price,qty,pnl,reason,hold_days,regime,year
NBIX,2017-01-03,2017-01-09,38.73731984710693,44.91,193,1191.3272695083615,regime_exit,6,CHOPPY,2017
FCX,2017-01-03,2017-01-09,13.807559732437134,14.650640304565428,544,458.63583123779176,regime_exit,6,CHOPPY,2017
CMC,2017-01-03,2017-01-09,22.22436030578613,20.768379467010497,338,-492.12152350616435,regime_exit,6,CHOPPY,2017
SNAP,2017-03-27,2017-04-05,23.877659923553466,20.658600761413574,314,-1010.7845769119261,stop,9,CHOPPY,2017
PANW,2017-03-27,2017-04-17,18.670599872589115,18.275043155670165,402,-159.0138002014179,max_hold,21,CHOPPY,2017
METC,2017-03-27,2017-04-17,8.648895114898682,7.532700181007385,868,-968.8572026176457,stop,21,CHOPPY,2017
SNAP,2017-04-05,2017-04-25,20.741400764465332,21.297320152282715,362,201.24281838989262,max_hold,20,CHOPPY,2017
METC,2017-04-17,2017-05-01,7.562891364097595,7.211123820304871,993,-349.30517098617526,regime_exit,14,CHOPPY,2017
ALNY,2017-04-17,2017-05-01,51.05190076446533,55.24928060913086,147,617.0148371658324,regime_exit,14,CHOPPY,2017
RH,2017-04-25,2017-05-01,48.50681984710693,47.674460456848145,154,-128.18334609985325,regime_exit,6,CHOPPY,2017
TNDM,2017-07-13,2017-07-20,5.6111999044418335,6.826320152282715,1339,1627.0460118589408,take_profit,7,CHOPPY,2017
SNAP,2017-07-13,2017-07-20,15.721379579544067,14.860220342636108,478,-411.6341152420043,regime_exit,7,CHOPPY,2017
BAH,2017-07-13,2017-07-20,33.917698471069336,33.47292091369629,221,-98.2958401794427,regime_exit,7,CHOPPY,2017
THC,2017-08-17,2017-08-21,12.675299617767331,16.5268794670105,592,2280.135270751955,take_profit,4,CHOPPY,2017
RARE,2017-08-17,2017-08-23,58.06590076446533,50.91796045684814,129,-922.0842996826176,stop,6,CHOPPY,2017
STX,2017-08-17,2017-09-06,31.5730202293396,32.72442091369629,238,274.03336287689245,max_hold,20,CHOPPY,2017
MATX,2017-08-21,2017-09-11,23.627159923553467,25.948,318,738.0271443099975,max_hold,21,CHOPPY,2017
AMD,2017-08-23,2017-09-12,12.504959541320801,12.275400190353393,600,-137.73561058044487,max_hold,20,CHOPPY,2017
RARE,2017-09-06,2017-09-15,52.88555877685547,55.11953954315185,142,317.22526881408646,regime_exit,9,CHOPPY,2017
SAIC,2017-09-11,2017-09-15,61.432621376037595,63.15343878173828,122,209.93972349548366,regime_exit,4,CHOPPY,2017
MATX,2017-09-12,2017-09-15,26.272439311981202,25.938019771575927,286,-95.64398855590858,regime_exit,3,CHOPPY,2017
AMD,2017-11-15,2017-12-04,11.092139694213868,10.009939733505249,677,-732.6493733997354,stop,19,CHOPPY,2017
DXCM,2017-11-15,2017-12-05,13.026,14.471,576,832.3200000000002,max_hold,20,CHOPPY,2017
SMCI,2017-11-15,2017-12-05,1.9939800095558167,2.150689971446991,3768,590.4831364059454,max_hold,20,CHOPPY,2017
CELH,2017-12-04,2017-12-14,1.5664597005844116,1.7465,4797,863.653316296577,regime_exit,10,CHOPPY,2017
DXCM,2017-12-05,2017-12-14,14.529,14.528384885787965,517,-0.31801404762219576,regime_exit,9,CHOPPY,2017
TTD,2017-12-05,2017-12-14,4.516013969421387,4.887205836296082,1664,617.6632664794928,regime_exit,9,CHOPPY,2017
SEDG,2018-02-06,2018-02-15,34.569,45.75829847717285,217,2428.077769546508,take_profit,9,CHOPPY,2018
PLUG,2018-02-06,2018-02-26,1.8436800334453582,1.9560800380706789,4076,458.1424188528069,max_hold,20,CHOPPY,2018
SMCI,2018-02-06,2018-02-26,1.9589100430011748,1.8862199857234956,3836,-278.83905971717735,max_hold,20,CHOPPY,2018
CMG,2018-02-15,2018-03-07,5.744465801239014,6.386202167510986,1308,839.3911670837401,max_hold,20,CHOPPY,2018
EXAS,2018-02-26,2018-03-09,42.6451213760376,52.04570152282715,176,1654.502105834961,take_profit,11,CHOPPY,2018
PCRX,2018-02-26,2018-03-15,31.863599235534668,30.089699619293214,235,-416.8664098167418,regime_exit,17,CHOPPY,2018
AVAV,2018-03-07,2018-03-15,43.09601831817627,48.482841827392576,174,937.3072906036373,regime_exit,8,CHOPPY,2018
RH,2018-03-09,2018-03-15,77.96561755371094,76.3969030456543,96,-150.5965927734378,regime_exit,6,CHOPPY,2018
CELH,2018-03-29,2018-04-11,1.4529000477790832,1.8596063208580018,5172,2103.484844364167,take_profit,13,CHOPPY,2018
AVAV,2018-03-29,2018-04-12,45.60101831817627,55.648478324890135,164,1647.7834411010735,take_profit,14,CHOPPY,2018
ALB,2018-03-29,2018-04-18,92.92547785949705,98.59242091369629,80,453.35544433593896,max_hold,20,CHOPPY,2018
INCY,2018-04-12,2018-04-24,69.9696618347168,62.22529847717285,107,-828.6468792572031,stop,12,CHOPPY,2018
ACAD,2018-04-18,2018-04-25,20.0199595413208,15.169599809646606,375,-1818.8848993778236,stop,7,CHOPPY,2018
ZS,2018-04-11,2018-04-27,27.7654190826416,28.65257908630371,270,239.5332009887698,regime_exit,16,CHOPPY,2018
INCY,2018-04-24,2018-04-27,62.47469847106934,62.83407908630371,120,43.125673828124604,regime_exit,3,CHOPPY,2018
PM,2018-04-25,2018-04-27,81.97361755371094,82.39487756347657,91,38.334660888672516,regime_exit,2,CHOPPY,2018
SNAP,2018-05-08,2018-05-24,10.991940267562866,10.578800380706788,683,-282.174542722701,regime_exit,16,CHOPPY,2018
INCY,2018-05-08,2018-05-24,62.99573892974853,66.53665817260742,119,421.3693899002072,regime_exit,16,CHOPPY,2018
IAC,2018-05-08,2018-05-24,24.692709926605225,27.121505828857423,304,738.353954284668,regime_exit,16,CHOPPY,2018
DOCU,2018-06-29,2018-07-19,53.055900764465335,52.25528060913086,141,-112.88744190216141,max_hold,20,CHOPPY,2018
ARCB,2018-06-29,2018-07-19,45.79140076446533,46.606600761413574,164,133.69279949951212,max_hold,20,CHOPPY,2018
IONS,2018-06-29,2018-07-19,41.7533381652832,45.748320152282716,179,715.1017756729127,max_hold,20,CHOPPY,2018
SNAP,2018-10-16,2018-10-24,7.2645,6.576820152282715,1034,-711.0609625396727,stop,8,CHOPPY,2018
STX,2018-10-16,2018-10-26,44.19822061157227,38.722399238586426,170,-930.889633407593,stop,10,CHOPPY,2018
WERN,2018-10-16,2018-11-05,33.68723892974854,32.983899238586424,223,-156.8447511291514,max_hold,20,CHOPPY,2018
PENN,2018-10-24,2018-11-08,23.7874797706604,21.646620532989502,315,-674.3706598663331,stop,15,CHOPPY,2018
WDC,2018-10-26,2018-11-15,33.46816227722168,35.250596992492675,224,399.2653762207028,max_hold,20,CHOPPY,2018
ZG,2018-11-08,2018-11-19,29.619119464874267,26.946,253,-676.299224613189,stop,11,CHOPPY,2018
ALGN,2018-11-15,2018-11-19,223.2155442810059,204.02113269042968,33,-633.4155824890149,stop,4,CHOPPY,2018
ESTC,2018-11-05,2018-11-26,64.629,67.93385969543456,116,383.36372467040877,max_hold,21,CHOPPY,2018
ZG,2018-11-19,2018-11-26,27.054,32.50485969543457,277,1509.8881356353759,take_profit,7,CHOPPY,2018
NVDA,2018-11-19,2018-11-27,3.6247350668907163,3.835563536167145,2073,437.0474168100365,regime_exit,8,CHOPPY,2018
ZG,2018-11-26,2018-11-27,32.63513969421387,33.063741065979,230,98.57831550598057,regime_exit,1,CHOPPY,2018
FTNT,2018-11-26,2018-11-27,14.196336221694944,14.111720342636108,529,-44.761800022124156,regime_exit,1,CHOPPY,2018
MRNA,2019-01-28,2019-02-06,14.478899808883668,18.103719390869145,519,1881.2813630504627,take_profit,9,CHOPPY,2019
XPO,2019-02-06,2019-02-15,20.55362132263184,17.938081481933594,365,-954.6720418548601,stop,9,CHOPPY,2019
PRGO,2019-01-28,2019-02-19,45.5308786239624,49.45089923858642,165,646.8034014129636,max_hold,22,CHOPPY,2019
NVDA,2019-01-28,2019-02-19,3.4571504101753234,3.9081678895950316,2173,980.0609827790258,max_hold,22,CHOPPY,2019
XPO,2019-02-19,2019-02-26,18.93525394821167,17.313337837219237,396,-642.2787799530037,stop,7,CHOPPY,2019
OKTA,2019-02-15,2019-03-07,84.92952214050293,81.04757908630371,88,-341.61098876953065,max_hold,20,CHOPPY,2019
NBIX,2019-02-19,2019-03-11,81.05177938842773,79.85995664978027,92,-109.6476919555663,max_hold,20,CHOPPY,2019
KHC,2019-02-26,2019-03-18,33.186238929748534,31.96593878173828,226,-275.7878334503172,max_hold,20,CHOPPY,2019
XPO,2019-03-07,2019-03-22,16.49210683822632,17.07172417831421,455,263.7258897399896,regime_exit,15,CHOPPY,2019
PRGO,2019-03-11,2019-03-22,47.58498168182373,47.1555,157,-67.42862404632461,regime_exit,11,CHOPPY,2019
KHC,2019-03-18,2019-03-22,32.09405877685547,32.22542091369629,234,30.738740020752033,regime_exit,4,CHOPPY,2019
PINS,2019-05-14,2019-05-20,29.0479797706604,25.798300380706788,258,-838.4172826080321,stop,6,CHOPPY,2019
RH,2019-05-14,2019-05-23,99.0777572479248,87.15534182739258,75,-894.1811565399164,stop,9,CHOPPY,2019
MDB,2019-05-14,2019-06-03,133.60667633056642,130.29887756347657,56,-185.23673095703157,max_hold,20,CHOPPY,2019
PINS,2019-05-20,2019-06-10,25.901700382232665,27.884120532989503,290,574.9018437194829,max_hold,21,CHOPPY,2019
TSLA,2019-06-03,2019-06-11,11.955195253372192,14.44438669204712,628,1563.2122234878543,take_profit,8,CHOPPY,2019
PSTG,2019-05-23,2019-06-12,15.851639694213869,15.588759885787963,474,-124.60502919387928,max_hold,20,CHOPPY,2019
DOCU,2019-06-10,2019-06-18,48.4066213760376,53.402978324890135,155,774.4353270721432,regime_exit,8,CHOPPY,2019
ANF,2019-06-11,2019-06-18,15.5410202293396,15.7185,483,85.72272922897379,regime_exit,7,CHOPPY,2019
PSTG,2019-06-12,2019-06-18,15.6512398853302,16.10771939086914,480,219.1101626586905,regime_exit,6,CHOPPY,2019
METC,2019-08-08,2019-08-14,3.6591477127075196,3.176792794704437,2053,-990.2746466603281,stop,6,CHOPPY,2019
NTAP,2019-08-08,2019-08-28,47.8455,46.72635969543457,157,-175.70502781677314,max_hold,20,CHOPPY,2019
ALGN,2019-08-08,2019-08-28,188.65655877685546,176.95537756347656,39,-456.3460673217772,max_hold,20,CHOPPY,2019
ETSY,2019-08-14,2019-09-03,52.94568015289307,50.19939923858642,141,-387.22560891723697,max_hold,20,CHOPPY,2019
ZG,2019-08-28,2019-09-11,32.84555877685547,32.814241065979004,228,-7.140438079833984,regime_exit,14,CHOPPY,2019
NTAP,2019-08-28,2019-09-11,46.91363969421387,56.10756121826172,160,1471.0274438476563,regime_exit,14,CHOPPY,2019
ULTA,2019-09-03,2019-09-11,237.88482366943356,227.69369390869144,31,-315.92502258300556,regime_exit,8,CHOPPY,2019
DDOG,2019-10-09,2019-10-14,36.8235,33.02382015228272,204,-775.1346889343263,stop,5,CHOPPY,2019
CELH,2019-10-09,2019-10-17,1.0754796910285949,1.0711863589286805,6987,-29.99751138210148,rank_decay,8,CHOPPY,2019
DDOG,2019-10-17,2019-10-21,34.0279190826416,29.94998022842407,220,-897.146547927857,stop,4,CHOPPY,2019
ACAD,2019-10-09,2019-10-29,39.95976107025147,42.175478324890136,188,416.5548438720698,max_hold,20,CHOPPY,2019
NET,2019-10-14,2019-10-29,15.721379579544067,15.68856026649475,478,-15.687631637573134,regime_exit,15,CHOPPY,2019
PTON,2019-10-21,2019-10-29,22.304520229339598,23.13364030456543,336,278.58434527587906,regime_exit,8,CHOPPY,2019
CZR,2020-02-28,2020-03-02,50.28036030578613,45.33914030456543,149,-736.2417801818842,stop,3,CHOPPY,2020
DVN,2020-02-28,2020-03-06,16.2724797706604,13.343259885787964,461,-1350.3703669261931,stop,7,CHOPPY,2020
ARCB,2020-02-28,2020-03-06,19.849619464874266,19.590739162445068,378,-97.85675431823672,regime_exit,7,CHOPPY,2020
PANW,2020-03-02,2020-03-06,31.611428878784178,29.30294429779053,237,-547.110845695495,regime_exit,4,CHOPPY,2020
OMCL,2020-05-29,2020-06-09,67.04382366943359,69.89992091369629,112,319.8828913574223,regime_exit,11,CHOPPY,2020
XYL,2020-05-29,2020-06-09,66.4726763305664,70.12945664978028,113,413.21617607116843,regime_exit,11,CHOPPY,2020
EIX,2020-05-29,2020-06-09,58.226220611572266,61.50674106597901,129,423.1871386184696,regime_exit,11,CHOPPY,2020
MSC,2020-07-10,2020-07-15,15.821579961776733,14.2215,474,-758.437901882171,stop,5,CHOPPY,2020
GM,2020-07-10,2020-07-22,24.438779388427736,26.247399238586425,307,555.2462939987174,regime_exit,12,CHOPPY,2020
VLO,2020-07-10,2020-07-22,53.75730152893066,56.95585969543457,139,444.5995851440432,regime_exit,12,CHOPPY,2020
C,2020-07-15,2020-07-22,51.943680152893066,51.556679847717284,144,-55.728043945312606,regime_exit,7,CHOPPY,2020
HAL,2020-09-17,2020-09-21,14.849639694213868,13.193560266494751,506,-837.9761904258733,stop,4,CHOPPY,2020
MATX,2020-09-17,2020-09-21,41.44272061157226,37.86411862945557,181,-647.7269587631217,stop,4,CHOPPY,2020
DVN,2020-09-17,2020-09-23,9.969899808883667,8.66264030456543,753,-984.3664067516326,stop,6,CHOPPY,2020
OXY,2020-09-21,2020-09-25,11.312579961776734,10.199560266494752,664,-739.0450776672365,stop,4,CHOPPY,2020
FANG,2020-09-21,2020-10-01,32.1441618347168,29.031820152282716,233,-725.175612007141,stop,10,CHOPPY,2020
FSLR,2020-09-25,2020-10-07,63.176099235534664,78.55257908630371,118,1814.4246223907471,take_profit,12,CHOPPY,2020
DVN,2020-09-23,2020-10-13,8.697360305786132,9.481,864,677.0646958007817,max_hold,20,CHOPPY,2020
APA,2020-10-01,2020-10-15,9.328620420455932,9.740480228424072,805,331.5471454143528,regime_exit,14,CHOPPY,2020
SNOW,2020-10-07,2020-10-15,246.492,240.518,30,-179.2199999999997,regime_exit,8,CHOPPY,2020
CNK,2020-10-13,2020-10-15,7.9458598279953,7.854259885787964,945,-86.56194538593307,regime_exit,2,CHOPPY,2020
DRVN,2021-03-10,2021-03-16,27.3445809173584,24.820260837554933,274,-691.6637018661498,stop,6,CHOPPY,2021
SHLS,2021-03-10,2021-03-18,33.917698471069336,30.69848022842407,221,-711.4472316246037,stop,8,CHOPPY,2021
SOFI,2021-03-10,2021-03-24,19.098119464874266,16.447039543151856,393,-1041.874409236907,stop,14,CHOPPY,2021
DRVN,2021-03-16,2021-03-25,24.919740840911864,22.74442091369629,301,-654.7712980918882,stop,9,CHOPPY,2021
IRTC,2021-03-18,2021-04-01,131.3521763305664,136.93558670043944,57,318.25439108276305,regime_exit,14,CHOPPY,2021
SHLS,2021-03-24,2021-04-01,30.731340076446532,34.50085969543457,244,919.7627870330814,regime_exit,8,CHOPPY,2021
AFRM,2021-03-25,2021-04-01,69.69911755371093,71.30709695434571,107,172.05379586792097,regime_exit,7,CHOPPY,2021
ENPH,2021-05-18,2021-06-07,122.75502214050294,137.1950612182617,61,880.8423837432849,max_hold,20,CHOPPY,2021
COIN,2021-05-18,2021-06-07,239.478,230.9870969543457,31,-263.2179944152835,max_hold,20,CHOPPY,2021
PENN,2021-05-18,2021-06-07,80.14997785949707,84.0815,93,365.6315590667729,max_hold,20,CHOPPY,2021
COIN,2021-09-27,2021-10-15,232.70448550415043,280.0487653808594,32,1515.0169560546865,take_profit,18,CHOPPY,2021
ZG,2021-09-27,2021-10-18,91.26216183471678,85.28907908630372,82,-489.7927853698711,max_hold,21,CHOPPY,2021
NUE,2021-09-27,2021-10-18,104.12783816528322,102.32493878173828,72,-129.80875561523567,max_hold,21,CHOPPY,2021
TOST,2021-10-15,2021-10-18,56.3224190826416,51.397,133,-655.0807379913333,stop,3,CHOPPY,2021
TOST,2021-10-18,2021-11-02,51.603,65.08956121826172,145,1955.5513766479494,take_profit,15,CHOPPY,2021
WRBY,2021-10-18,2021-11-04,57.5949595413208,55.03970152282715,130,-332.183542404174,rank_decay,17,CHOPPY,2021
PTON,2021-10-18,2021-11-05,87.82530152893067,55.52871939086914,85,-2745.2094817352295,stop,18,CHOPPY,2021
SNAP,2021-11-02,2021-11-08,52.304400764465335,54.79020152282715,143,355.4695084457391,regime_exit,6,CHOPPY,2021
GTLB,2021-11-04,2021-11-08,119.26805877685547,130.61824487304688,63,715.0617240600586,regime_exit,4,CHOPPY,2021
ZG,2021-11-05,2021-11-08,66.3023381652832,68.09354335021973,113,202.40618589782787,regime_exit,3,CHOPPY,2021
TOST,2021-11-29,2021-11-30,43.767360305786134,39.91002167510986,171,-659.6049058456429,stop,1,CHOPPY,2021
TOST,2021-11-30,2021-12-01,40.069981681823734,35.239381370544436,187,-903.3222582092287,stop,1,CHOPPY,2021
WRBY,2021-11-29,2021-12-03,50.99177938842774,45.778258934021,147,-766.3875067977908,stop,4,CHOPPY,2021
GTLB,2021-12-01,2021-12-07,89.49863969421386,81.57651786804199,83,-657.5361115722656,stop,6,CHOPPY,2021
MSC,2021-12-07,2021-12-10,6.012,5.459059790611267,1250,-691.1752617359157,stop,3,CHOPPY,2021
PENN,2021-12-10,2021-12-16,49.057919082641604,44.560701522827145,153,-688.0742866516122,stop,6,CHOPPY,2021
ZG,2021-11-29,2021-12-20,54.26831984710693,58.22332015228272,138,545.7900421142585,max_hold,21,CHOPPY,2021
WRBY,2021-12-03,2021-12-23,45.961738929748535,47.39502167510987,163,233.6250874938971,max_hold,20,CHOPPY,2021
PENN,2021-12-16,2022-01-03,44.73930152893067,50.53871939086914,167,968.5027829437249,regime_exit,18,CHOPPY,2022
RIVN,2021-12-20,2022-01-03,90.15996336364746,102.51456121826172,83,1025.4316219329833,regime_exit,14,CHOPPY,2022
MSC,2021-12-23,2022-01-03,5.591159923553467,5.7185400190353395,1344,171.19884832763688,regime_exit,11,CHOPPY,2022
NFLX,2022-01-21,2022-01-26,39.8295,35.89806121826172,188,-739.1104909667979,stop,5,CHOPPY,2022
RUN,2022-01-21,2022-01-27,25.961819847106934,23.223460456848144,289,-791.3858637847902,stop,6,CHOPPY,2022
NU,2022-01-21,2022-01-27,7.555079961776733,6.876219866752624,994,-674.7869344539641,stop,6,CHOPPY,2022
APP,2022-01-27,2022-02-09,59.89955877685547,74.6005,125,1837.6176528930657,take_profit,13,CHOPPY,2022
ESTC,2022-01-26,2022-02-15,82.5447572479248,92.69423725891112,91,923.6026809997542,max_hold,20,CHOPPY,2022
NFLX,2022-01-27,2022-02-16,38.7473381652832,39.72838265991211,193,189.34158746337846,max_hold,20,CHOPPY,2022
META,2022-02-09,2022-02-17,232.464,207.29458670043945,32,-805.4212255859375,stop,8,CHOPPY,2022
PYPL,2022-02-15,2022-02-17,115.6909190826416,104.98959695434571,64,-684.8846162109367,stop,2,CHOPPY,2022
MDB,2022-02-16,2022-02-17,437.0022648925781,408.74087756347654,17,-480.4435845947269,regime_exit,1,CHOPPY,2022
PYPL,2022-04-08,2022-04-14,111.4324190826416,102.10537756347658,67,-624.9117817840564,stop,6,CHOPPY,2022
COIN,2022-04-14,2022-04-22,147.5845732727051,131.25696426391602,50,-816.3804504394534,stop,8,CHOPPY,2022
CROX,2022-04-08,2022-04-26,72.0237572479248,64.88995664978027,104,-741.9152622070313,stop,18,CHOPPY,2022
PLTR,2022-04-08,2022-04-26,12.725399808883667,11.097759885787964,590,-960.3075546264649,stop,18,CHOPPY,2022
SOFI,2022-04-22,2022-04-29,6.402779866218567,6.107759885787964,1173,-346.05843704509766,regime_exit,7,CHOPPY,2022
CROX,2022-04-26,2022-04-29,65.15003663635254,66.29714030456543,115,131.91692184448266,regime_exit,3,CHOPPY,2022
OKTA,2022-04-26,2022-04-29,129.94938244628906,119.07137756347657,57,-620.046278320312,stop,3,CHOPPY,2022
SNAP,2022-08-03,2022-08-16,10.340639694213868,12.584779657363892,726,1629.2456132469176,take_profit,13,CHOPPY,2022
BOOT,2022-08-03,2022-08-16,62.78531984710693,75.45878060913086,119,1508.1418306808466,take_profit,13,CHOPPY,2022
SNAP,2022-08-16,2022-08-19,12.6352196559906,11.536880418777466,594,-652.4135069046015,stop,3,CHOPPY,2022
ZIM,2022-08-03,2022-08-23,49.19819847106933,48.57265817260742,152,-95.0821253662109,max_hold,20,CHOPPY,2022
FTNT,2022-08-16,2022-08-29,53.0458786239624,48.592618629455565,141,-627.909659225464,stop,13,CHOPPY,2022
ZIM,2022-08-29,2022-08-31,39.41868015289307,36.01782015228272,190,-646.1634001159666,stop,2,CHOPPY,2022
EXAS,2022-08-19,2022-09-02,36.9036618347168,36.01782015228272,203,-179.82586153411896,regime_exit,14,CHOPPY,2022
TREX,2022-08-23,2022-09-02,48.8875809173584,46.287241065979,153,-397.8519972610475,regime_exit,10,CHOPPY,2022
ZIM,2022-08-31,2022-09-02,36.162180152893065,34.26134182739258,207,-393.47353337860085,regime_exit,2,CHOPPY,2022
GNRC,2022-11-17,2022-12-07,101.60280152893067,90.55851786804197,73,-806.2327072448747,stop,20,CHOPPY,2022
LNC,2022-11-17,2022-12-07,36.222301528930664,35.20943878173828,207,-209.66258866882396,max_hold,20,CHOPPY,2022
META,2022-11-17,2022-12-07,111.67289694213869,113.70214030456543,67,135.9593052825916,max_hold,20,CHOPPY,2022
GNRC,2022-12-07,2022-12-22,90.92147785949706,89.61042091369629,82,-107.50666955566328,regime_exit,15,CHOPPY,2022
META,2022-12-07,2022-12-22,114.15786030578613,116.88576274108888,65,177.3136582946789,regime_exit,15,CHOPPY,2022
S,2022-12-07,2022-12-22,13.997940267562866,13.413119581222535,536,-313.4638878784174,regime_exit,15,CHOPPY,2022
RIVN,2023-01-13,2023-01-27,16.48290076446533,19.790339923858642,455,1504.8848175239568,take_profit,14,CHOPPY,2023
OMCL,2023-01-13,2023-02-02,57.1741213760376,60.30914030456543,131,410.68747963714634,max_hold,20,CHOPPY,2023
META,2023-01-13,2023-02-02,137.25395571899415,188.39246426391605,54,2761.479461425783,take_profit,20,CHOPPY,2023
S,2023-01-27,2023-02-07,15.050040458679199,16.03785969543457,499,492.92179914093003,regime_exit,11,CHOPPY,2023
NBIX,2023-02-02,2023-02-07,108.216,103.61235969543458,69,-317.6511810150138,regime_exit,5,CHOPPY,2023
RARE,2023-02-02,2023-02-07,47.434680152893065,47.54471939086914,158,17.386199600219825,regime_exit,5,CHOPPY,2023
SHLS,2023-02-16,2023-02-24,26.137169082641602,23.562780609130854,287,-738.8494918975846,stop,8,CHOPPY,2023
ENPH,2023-02-16,2023-03-08,203.20560305786134,217.87337756347657,36,528.0398822021482,max_hold,20,CHOPPY,2023
BOOT,2023-02-16,2023-03-08,81.6229190826416,78.343,92,-301.752555603027,max_hold,20,CHOPPY,2023
META,2023-02-24,2023-03-16,170.73077938842772,204.52013269042968,44,1486.7315452880862,take_profit,20,CHOPPY,2023
HALO,2023-03-08,2023-03-16,42.59501831817627,35.99785969543457,176,-1161.0999176025396,stop,8,CHOPPY,2023
BOOT,2023-03-08,2023-03-17,78.657,71.78614030456544,95,-652.7316710662833,stop,9,CHOPPY,2023
BILL,2023-03-16,2023-03-24,76.78325724792481,69.101517868042,97,-745.128719848633,stop,8,CHOPPY,2023
STEM,2023-03-16,2023-03-29,134.46839694213867,111.57640304565429,55,-1259.0596643066408,stop,13,CHOPPY,2023
CMA,2023-03-17,2023-04-04,43.677180152893065,39.94993878173828,172,-641.0855158386227,stop,18,CHOPPY,2023
BILL,2023-03-24,2023-04-05,69.37847785949707,74.74021939086914,108,579.0680853881842,regime_exit,12,CHOPPY,2023
USB,2023-03-29,2023-04-05,36.29244122314453,35.03978060913086,207,-259.3007471008298,regime_exit,7,CHOPPY,2023
SCHW,2023-04-04,2023-04-05,50.1,48.772258934020996,150,-199.16115989685073,regime_exit,1,CHOPPY,2023
EL,2023-05-18,2023-06-01,200.24970611572263,182.52421939086915,37,-655.8430088195788,stop,14,CHOPPY,2023
ENPH,2023-05-18,2023-06-07,164.04744122314452,181.72581634521487,45,795.5268804931657,max_hold,20,CHOPPY,2023
KEY,2023-05-18,2023-06-07,10.070100191116333,10.997960456848144,746,692.1837582359308,max_hold,20,CHOPPY,2023
ZIM,2023-06-01,2023-06-08,13.256459541320801,13.682580038070679,566,241.1842011604308,regime_exit,7,CHOPPY,2023
ENPH,2023-06-07,2023-06-08,182.45417633056644,181.03719390869142,41,-58.09627929687579,regime_exit,1,CHOPPY,2023
PTON,2023-06-07,2023-06-08,8.116200382232666,8.203560266494751,925,80.8078929424287,regime_exit,1,CHOPPY,2023
CAVA,2023-08-16,2023-08-17,47.02386030578613,42.285258934020995,159,-753.4376181106564,stop,1,CHOPPY,2023
SEDG,2023-08-16,2023-09-05,162.64464733886717,161.34665817260742,46,-59.707501647948675,max_hold,20,CHOPPY,2023
DOCS,2023-08-16,2023-09-05,22.424759159088136,24.141620532989503,335,575.1485602569578,max_hold,20,CHOPPY,2023
PAYC,2023-08-17,2023-09-06,280.96079388427734,292.55373461914064,26,301.4164591064459,max_hold,20,CHOPPY,2023
SEDG,2023-09-05,2023-09-11,161.9933381652832,147.96347451782228,46,-645.3737277832026,stop,6,CHOPPY,2023
DRVN,2023-09-05,2023-09-20,14.428799617767332,13.383179847717285,520,-543.7222804260246,regime_exit,15,CHOPPY,2023
ENPH,2023-09-06,2023-09-20,123.27605877685546,123.72206121826171,60,26.760146484375014,regime_exit,14,CHOPPY,2023
STEM,2023-09-11,2023-09-20,94.38839694213868,94.41079847717285,79,1.769721267698884,regime_exit,9,CHOPPY,2023
VRT,2023-09-28,2023-10-18,37.074,38.6725,202,322.8970000000003,max_hold,20,CHOPPY,2023
ETSY,2023-09-28,2023-10-18,63.8775,67.76420152282715,117,454.74407817077685,max_hold,20,CHOPPY,2023
PTON,2023-09-28,2023-10-18,4.909800095558166,4.7904001903533935,1530,-182.6818549633026,max_hold,20,CHOPPY,2023
MRNA,2023-10-18,2023-10-23,86.18202214050292,78.48271939086914,87,-669.8393392181395,stop,5,CHOPPY,2023
RH,2023-10-18,2023-10-25,240.36977938842773,225.77753573608396,31,-452.3595532226568,regime_exit,7,CHOPPY,2023
PTON,2023-10-18,2023-10-25,4.809600191116333,4.630719866752624,1562,-279.411066656113,regime_exit,7,CHOPPY,2023
ALB,2023-10-23,2023-10-25,136.55255877685548,135.0493673095703,55,-82.67553070068473,regime_exit,2,CHOPPY,2023
PTON,2024-04-17,2024-05-07,3.0961799139976502,4.081820152282715,2427,2392.148858317852,take_profit,20,CHOPPY,2024
AFRM,2024-04-17,2024-05-07,30.931740840911864,34.830201522827146,242,943.4274850234981,max_hold,20,CHOPPY,2024
SHLS,2024-04-17,2024-05-07,8.296559732437133,8.782400190353394,905,439.68561441421616,max_hold,20,CHOPPY,2024
NET,2024-05-07,2024-05-17,74.2782572479248,75.07954335021972,101,80.9298963317873,regime_exit,10,CHOPPY,2024
SAIA,2024-05-07,2024-05-17,407.2729114379883,398.34173461914065,18,-160.76118273925738,regime_exit,10,CHOPPY,2024
SBUX,2024-05-07,2024-05-17,72.645,77.69429847717285,103,520.077743148804,regime_exit,10,CHOPPY,2024
EW,2024-07-31,2024-08-20,63.176099235534664,69.24123725891113,118,715.6862867584226,max_hold,20,CHOPPY,2024
DXCM,2024-07-31,2024-08-20,67.95563969421387,72.70429847717286,110,522.3524661254883,max_hold,20,CHOPPY,2024
ALNY,2024-07-31,2024-08-20,237.9349267272949,280.19848974609374,31,1310.170453582764,max_hold,20,CHOPPY,2024
EW,2024-08-20,2024-08-27,69.51875724792481,69.49073725891114,108,-3.0261588134765134,regime_exit,7,CHOPPY,2024
INTC,2024-08-20,2024-08-27,21.0319797706604,20.02985969543457,357,-357.7568668556209,regime_exit,7,CHOPPY,2024
SNAP,2024-08-20,2024-08-27,9.488940267562866,9.481,791,-6.280751642226768,regime_exit,7,CHOPPY,2024
ZG,2024-10-29,2024-11-06,56.5929595413208,55.967841827392576,132,-82.51553823852586,rank_decay,8,CHOPPY,2024
DOCS,2024-10-29,2024-11-08,41.963761070251465,58.1335,179,2894.3832684249874,take_profit,10,CHOPPY,2024
INSP,2024-10-29,2024-11-11,199.49820611572264,201.63591329956054,37,79.09516580200244,regime_exit,13,CHOPPY,2024
HII,2024-11-06,2024-11-11,203.61642672729494,206.21674487304688,36,93.6114532470699,regime_exit,5,CHOPPY,2024
EL,2024-11-08,2024-11-11,64.02780152893067,64.46081634521484,117,50.662733505248,regime_exit,3,CHOPPY,2024
BE,2025-01-06,2025-01-13,25.5309595413208,22.983940685272216,294,-748.8235436782838,stop,7,CHOPPY,2025
ENPH,2025-01-13,2025-01-22,67.0037427520752,60.868021675109865,112,-687.2007606201172,stop,9,CHOPPY,2025
SNOW,2025-01-06,2025-01-27,163.40616183471678,175.16896426391602,45,529.3261093139658,max_hold,21,CHOPPY,2025
DOCU,2025-01-06,2025-01-27,91.3423236694336,92.07548213195803,82,60.118993927003174,max_hold,21,CHOPPY,2025
EIX,2025-01-22,2025-02-03,58.4065809173584,52.335118629455565,128,-777.1471728515626,stop,12,CHOPPY,2025
PWR,2025-01-27,2025-02-05,293.0148526611328,298.1525,25,128.4411834716792,regime_exit,9,CHOPPY,2025
ENPH,2025-01-27,2025-02-05,64.07790076446533,65.13945664978027,117,124.20203858184858,regime_exit,9,CHOPPY,2025
DECK,2025-02-03,2025-02-05,170.97126489257812,172.17496426391602,43,51.7590729675299,regime_exit,2,CHOPPY,2025
BILL,2025-02-28,2025-03-04,55.310400764465335,50.10957908630371,135,-702.1109265518193,stop,4,CHOPPY,2025
DECK,2025-02-28,2025-03-07,139.63872061157227,126.46656121826172,53,-698.1244478454591,stop,7,CHOPPY,2025
TTD,2025-02-28,2025-03-10,70.46063969421387,60.18938137054443,106,-1088.7533823089602,stop,10,CHOPPY,2025
BILL,2025-03-04,2025-03-10,50.3104190826416,43.502820152282716,149,-1014.3322406234739,stop,6,CHOPPY,2025
TTD,2025-03-10,2025-03-13,60.4306213760376,53.772241065979,124,-825.639158447266,stop,3,CHOPPY,2025
ANET,2025-03-07,2025-03-17,83.52672061157226,84.91981634521484,89,123.9855202941898,regime_exit,10,CHOPPY,2025
STRL,2025-03-10,2025-03-17,111.30216183471678,120.24901786804197,67,599.4393542327878,regime_exit,7,CHOPPY,2025
TTD,2025-03-13,2025-03-17,53.987761070251466,56.387,139,333.4942112350463,regime_exit,4,CHOPPY,2025
TNDM,2025-03-26,2025-04-03,19.699319847106935,17.624679847717285,381,-790.4378397674565,stop,8,CHOPPY,2025
TTD,2025-03-26,2025-04-03,58.91759923553467,48.98184182739258,127,-1261.8411908340452,stop,8,CHOPPY,2025
MRVL,2025-03-26,2025-04-03,66.89352214050292,55.52871939086914,112,-1272.8579079589836,stop,8,CHOPPY,2025
ARM,2025-04-03,2025-04-04,97.91544122314453,87.53457908630371,76,-788.9455223999022,stop,1,CHOPPY,2025
MRVL,2025-04-03,2025-04-04,55.75127938842773,49.33114030456543,134,-860.2986372375485,stop,1,CHOPPY,2025
CFLT,2025-04-03,2025-04-10,21.242400764465334,21.177559314727784,353,-22.889031757355077,regime_exit,7,CHOPPY,2025
MDB,2025-04-04,2025-04-10,154.69877938842774,160.7778060913086,48,291.7932817382816,regime_exit,6,CHOPPY,2025
ANET,2025-04-04,2025-04-10,64.4987427520752,72.50470152282715,116,928.6912174072256,regime_exit,6,CHOPPY,2025
UPST,2025-10-17,2025-10-28,46.593,50.59860076141357,161,644.9017225875845,regime_exit,11,CHOPPY,2025
CROX,2025-10-17,2025-10-28,83.166,86.566517868042,90,306.0466081237802,regime_exit,11,CHOPPY,2025
ANF,2025-10-17,2025-10-28,68.61696336364746,74.43084182739258,109,633.7127525482188,regime_exit,11,CHOPPY,2025
DUOL,2025-11-24,2025-12-08,172.81494122314453,207.50415817260742,43,1491.6363288269042,take_profit,14,CHOPPY,2025
TREX,2025-11-24,2025-12-10,32.023919082641605,35.319219390869144,234,771.100272125244,regime_exit,16,CHOPPY,2025
PRGO,2025-11-24,2025-12-10,12.725399808883667,13.492960456848145,590,452.86078229904206,regime_exit,16,CHOPPY,2025
MSC,2025-12-08,2025-12-10,3.4368600668907168,3.6027798953056336,2186,362.70074491500816,regime_exit,2,CHOPPY,2025
