,equity
2017-03-23 04:00:00,99485.90534282543
2017-03-24 04:00:00,99614.26991535045
2017-03-27 04:00:00,99935.23303771831
2017-03-28 04:00:00,100086.10556851054
2017-03-29 04:00:00,99984.20237408305
2017-03-30 04:00:00,100456.3679643693
2017-03-31 04:00:00,100309.72770081187
2017-04-03 04:00:00,100097.85446224833
2017-04-04 04:00:00,98970.65191461422
2017-04-05 04:00:00,98718.20044729856
2017-04-06 04:00:00,98655.05723981716
2017-04-07 04:00:00,98314.21751813748
2017-04-10 04:00:00,98445.71460993435
2017-04-11 04:00:00,98190.32706048824
2017-04-12 04:00:00,98158.23642328121
2017-04-13 04:00:00,97620.99605157711
2017-04-17 04:00:00,98107.8231070695
2017-04-18 04:00:00,98105.12042541362
2017-04-19 04:00:00,97223.96429560806
2017-04-20 04:00:00,97522.08137891915
2017-04-21 04:00:00,98122.75568578865
2017-04-24 04:00:00,98633.53369181778
2017-04-25 04:00:00,99145.33532732155
2017-04-26 04:00:00,98900.70128434326
2017-04-27 04:00:00,99382.0479747596
2017-04-28 04:00:00,99062.31103264906
2017-05-01 04:00:00,100695.08723914243
2017-05-02 04:00:00,100309.79679524519
2017-05-03 04:00:00,100065.06181680776
2017-05-04 04:00:00,99890.16663348295
2017-05-05 04:00:00,100084.5762604437
2017-05-08 04:00:00,100871.0221093836
2017-05-09 04:00:00,101120.1679484587
2017-05-10 04:00:00,103425.72324298773
2017-05-11 04:00:00,103085.7052986518
2017-05-12 04:00:00,103654.82290672217
2017-05-15 04:00:00,103760.49360888587
2017-05-16 04:00:00,104197.92201274024
2017-05-17 04:00:00,101687.52562182532
2017-05-18 04:00:00,102178.30771770132
2017-05-19 04:00:00,102385.64272920311
2017-05-22 04:00:00,103020.45119585122
2017-05-23 04:00:00,103164.96454729165
2017-05-24 04:00:00,104678.0527030381
2017-05-25 04:00:00,105293.66907228554
2017-05-26 04:00:00,105249.84974302376
2017-05-30 04:00:00,105259.98118188274
2017-05-31 04:00:00,105213.59895992078
2017-06-01 04:00:00,105892.60820960798
2017-06-02 04:00:00,106797.08362197675
2017-06-05 04:00:00,106371.10103677929
2017-06-06 04:00:00,106422.22311281384
2017-06-07 04:00:00,107145.34291073495
2017-06-08 04:00:00,106324.56589606362
2017-06-09 04:00:00,103866.39876084954
2017-06-12 04:00:00,103620.45635525089
2017-06-13 04:00:00,103513.66427151066
2017-06-14 04:00:00,104475.60418239933
2017-06-15 04:00:00,104976.9847117539
2017-06-16 04:00:00,105424.25011931616
2017-06-19 04:00:00,105741.34704982
2017-06-20 04:00:00,105255.70652209478
2017-06-21 04:00:00,105033.06897806555
2017-06-22 04:00:00,104697.51469248682
2017-06-23 04:00:00,104849.02824116021
2017-06-26 04:00:00,104678.73192453652
2017-06-27 04:00:00,103446.77592257023
2017-06-28 04:00:00,104086.36669043064
2017-06-29 04:00:00,102613.72791797496
2017-06-30 04:00:00,102801.45550090648
2017-07-03 04:00:00,102827.78326687029
2017-07-05 04:00:00,103119.67552859668
2017-07-06 04:00:00,102276.19851239232
2017-07-07 04:00:00,103434.34758694677
2017-07-10 04:00:00,103930.80872195987
2017-07-11 04:00:00,103560.17886203555
2017-07-12 04:00:00,104299.0967677615
2017-07-13 04:00:00,104097.4179566882
2017-07-14 04:00:00,103965.63810000637
2017-07-17 04:00:00,103526.48986301449
2017-07-18 04:00:00,103998.96947789981
2017-07-19 04:00:00,103518.39769627906
2017-07-20 04:00:00,104037.26926638938
2017-07-21 04:00:00,103600.9874608741
2017-07-24 04:00:00,103869.39322545387
2017-07-25 04:00:00,103848.65851905204
2017-07-26 04:00:00,104512.95061375953
2017-07-27 04:00:00,102007.20699141875
2017-07-28 04:00:00,102905.9704792346
2017-07-31 04:00:00,102152.64985583677
2017-08-01 04:00:00,104693.41463134947
2017-08-02 04:00:00,103281.43817938
2017-08-03 04:00:00,103017.57814491421
2017-08-04 04:00:00,103233.61073625713
2017-08-07 04:00:00,105030.59807982355
2017-08-08 04:00:00,104880.00917737996
2017-08-09 04:00:00,105353.5327781192
2017-08-10 04:00:00,102743.52119202353
2017-08-11 04:00:00,103268.70284218527
2017-08-14 04:00:00,105486.63614983298
2017-08-15 04:00:00,105919.33206410147
2017-08-16 04:00:00,107444.09917736327
2017-08-17 04:00:00,106410.58667618796
2017-08-18 04:00:00,106738.65341364995
2017-08-21 04:00:00,106689.2994331464
2017-08-22 04:00:00,106954.2083222112
2017-08-23 04:00:00,106605.77560291569
2017-08-24 04:00:00,106499.52152592747
2017-08-25 04:00:00,106081.66200215428
2017-08-28 04:00:00,106065.74031407444
2017-08-29 04:00:00,106207.06168324559
2017-08-30 04:00:00,105679.79221581738
2017-08-31 04:00:00,105700.5223793916
2017-09-01 04:00:00,105486.23131799023
2017-09-05 04:00:00,105251.51837544149
2017-09-06 04:00:00,104539.38800320332
2017-09-07 04:00:00,104839.86653027241
2017-09-08 04:00:00,104840.19771465962
2017-09-11 04:00:00,104998.93886349385
2017-09-12 04:00:00,104168.2294599351
2017-09-13 04:00:00,103824.26890390483
2017-09-14 04:00:00,104731.93436674366
2017-09-15 04:00:00,103263.00787587033
2017-09-18 04:00:00,103467.3929624204
2017-09-19 04:00:00,104205.46162601751
2017-09-20 04:00:00,104048.57577154558
2017-09-21 04:00:00,103534.47749206942
2017-09-22 04:00:00,103848.03277925414
2017-09-25 04:00:00,102046.44106901987
2017-09-26 04:00:00,101179.73566330774
2017-09-27 04:00:00,104307.2506307493
2017-09-28 04:00:00,105000.27200151116
2017-09-29 04:00:00,106531.9040293747
2017-10-02 04:00:00,107540.23010588226
2017-10-03 04:00:00,108036.31002593003
2017-10-04 04:00:00,107586.44796919785
2017-10-05 04:00:00,107849.12812467344
2017-10-06 04:00:00,107524.01997800596
2017-10-09 04:00:00,107831.48913352737
2017-10-10 04:00:00,107830.11554496536
2017-10-11 04:00:00,108162.20009715232
2017-10-12 04:00:00,108743.45958811912
2017-10-13 04:00:00,109199.86063487205
2017-10-16 04:00:00,109970.72065278205
2017-10-17 04:00:00,110179.45986100349
2017-10-18 04:00:00,110450.64792939338
2017-10-19 04:00:00,110364.96444588051
2017-10-20 04:00:00,110934.69974022255
2017-10-23 04:00:00,110774.39082922801
2017-10-24 04:00:00,111514.38856412181
2017-10-25 04:00:00,111467.07535840281
2017-10-26 04:00:00,111909.94911285974
2017-10-27 04:00:00,115261.78219887354
2017-10-30 04:00:00,115153.45593879512
2017-10-31 04:00:00,115599.26039073756
2017-11-01 04:00:00,115566.17054854968
2017-11-02 04:00:00,116331.13079558947
2017-11-03 04:00:00,116945.79800807574
2017-11-06 05:00:00,116783.50900204088
2017-11-07 05:00:00,117392.10614807512
2017-11-08 05:00:00,117590.53825981524
2017-11-09 05:00:00,115989.00414440635
2017-11-10 05:00:00,118048.5939271212
2017-11-13 05:00:00,118263.7373478699
2017-11-14 05:00:00,118317.26969933131
2017-11-15 05:00:00,117895.22630190471
2017-11-16 05:00:00,118546.93829369167
2017-11-17 05:00:00,118535.49762177089
2017-11-20 05:00:00,119037.55118538479
2017-11-21 05:00:00,119422.08139683346
2017-11-22 05:00:00,119395.68382805065
2017-11-24 05:00:00,119235.31962364391
2017-11-27 05:00:00,119093.13724552968
2017-11-28 05:00:00,119806.9960406957
2017-11-29 05:00:00,120572.58663002064
2017-11-30 05:00:00,120790.44655433705
2017-12-01 05:00:00,120465.34811225941
2017-12-04 05:00:00,120914.81917729619
2017-12-05 05:00:00,120482.97754063847
2017-12-06 05:00:00,120413.49492050221
2017-12-07 05:00:00,120310.07696955731
2017-12-08 05:00:00,120648.09738581708
2017-12-11 05:00:00,121504.10723576215
2017-12-12 05:00:00,121217.69664515546
2017-12-13 05:00:00,120690.19716277745
2017-12-14 05:00:00,120407.6457559171
2017-12-15 05:00:00,122408.49958471445
2017-12-18 05:00:00,123162.22130922464
2017-12-19 05:00:00,121009.95076329059
2017-12-20 05:00:00,121192.64893013782
2017-12-21 05:00:00,121778.31092745608
2017-12-22 05:00:00,120779.62816199352
2017-12-26 05:00:00,120524.67820732831
2017-12-27 05:00:00,119778.74728577374
2017-12-28 05:00:00,119028.32956988573
2017-12-29 05:00:00,117881.06938845872
2018-01-02 05:00:00,120425.69734350633
2018-01-03 05:00:00,121524.92917058371
2018-01-04 05:00:00,121337.01624721335
2018-01-05 05:00:00,122344.11657995032
2018-01-08 05:00:00,123218.05567926215
2018-01-09 05:00:00,122834.61970082282
2018-01-10 05:00:00,122563.65425911902
2018-01-11 05:00:00,123753.76434460639
2018-01-12 05:00:00,125481.32310048102
2018-01-16 05:00:00,124239.20588834547
2018-01-17 05:00:00,126077.00244100355
2018-01-18 05:00:00,126374.6394699571
2018-01-19 05:00:00,127217.71060833905
2018-01-22 05:00:00,127685.27896199201
2018-01-23 05:00:00,127728.39195333264
2018-01-24 05:00:00,126692.52395867274
2018-01-25 05:00:00,126580.03033143735
2018-01-26 05:00:00,128869.43916351818
2018-01-29 05:00:00,128796.2692931416
2018-01-30 05:00:00,126349.63210541391
2018-01-31 05:00:00,127516.24889523172
2018-02-01 05:00:00,127348.1894298234
2018-02-02 05:00:00,123827.65616608516
2018-02-05 05:00:00,120040.16807741244
2018-02-06 05:00:00,119870.51381173589
2018-02-07 05:00:00,119895.49604839899
2018-02-08 05:00:00,118412.25915490673
2018-02-09 05:00:00,118413.48315488384
2018-02-12 05:00:00,118521.94728717278
2018-02-13 05:00:00,118505.37236401986
2018-02-14 05:00:00,118690.22940061043
2018-02-15 05:00:00,119434.52771851396
2018-02-16 05:00:00,119581.60334876298
2018-02-20 05:00:00,120764.58643248795
2018-02-21 05:00:00,119722.76865008591
2018-02-22 05:00:00,119997.53862574814
2018-02-23 05:00:00,121448.08792880295
2018-02-26 05:00:00,121877.38963774347
2018-02-27 05:00:00,121670.87896669627
2018-02-28 05:00:00,121667.72871111012
2018-03-01 05:00:00,121610.10406453419
2018-03-02 05:00:00,122416.93224765491
2018-03-05 05:00:00,122579.4967695322
2018-03-06 05:00:00,123370.8356852374
2018-03-07 05:00:00,123824.35096596097
2018-03-08 05:00:00,124473.0251269183
2018-03-09 05:00:00,125891.62069938992
2018-03-12 04:00:00,125871.09858990049
2018-03-13 04:00:00,125232.09253328276
2018-03-14 04:00:00,124428.09396400403
2018-03-15 04:00:00,124119.26199171018
2018-03-16 04:00:00,124149.55273220014
2018-03-19 04:00:00,122768.69191667509
2018-03-20 04:00:00,124397.2075764842
2018-03-21 04:00:00,125121.71933481169
2018-03-22 04:00:00,121131.13535878324
2018-03-23 04:00:00,116759.793362953
2018-03-26 04:00:00,119206.25561086417
2018-03-27 04:00:00,114779.82979972722
2018-03-28 04:00:00,114723.3541679386
2018-03-29 04:00:00,114859.16043615378
2018-04-02 04:00:00,114450.38211393393
2018-04-03 04:00:00,115278.63808727301
2018-04-04 04:00:00,115574.73768615378
2018-04-05 04:00:00,115825.33121204031
2018-04-06 04:00:00,115199.2279772724
2018-04-09 04:00:00,115493.14971745097
2018-04-10 04:00:00,115601.88609643256
2018-04-11 04:00:00,114796.63182697378
2018-04-12 04:00:00,115617.0380426415
2018-04-13 04:00:00,115313.05296573721
2018-04-16 04:00:00,115499.22649059378
2018-04-17 04:00:00,117269.73454987418
2018-04-18 04:00:00,117475.67560517203
2018-04-19 04:00:00,116721.52645241629
2018-04-20 04:00:00,116561.6499780358
2018-04-23 04:00:00,115331.04186164174
2018-04-24 04:00:00,114650.44459284582
2018-04-25 04:00:00,114654.9055456046
2018-04-26 04:00:00,114065.65909136571
2018-04-27 04:00:00,115202.7204921378
2018-04-30 04:00:00,116389.49444080723
2018-05-01 04:00:00,116540.03444484633
2018-05-02 04:00:00,121902.95554795091
2018-05-03 04:00:00,121480.01451811616
2018-05-04 04:00:00,118874.07346663301
2018-05-07 04:00:00,118798.62253560941
2018-05-08 04:00:00,119422.99238753048
2018-05-09 04:00:00,117512.54632946792
2018-05-10 04:00:00,116763.6657133113
2018-05-11 04:00:00,116479.39380762493
2018-05-14 04:00:00,116547.678515648
2018-05-15 04:00:00,114833.6578752094
2018-05-16 04:00:00,114447.40634484442
2018-05-17 04:00:00,114197.67911499366
2018-05-18 04:00:00,114534.6655384861
2018-05-21 04:00:00,114444.95078280983
2018-05-22 04:00:00,113460.5942383152
2018-05-23 04:00:00,114274.366604179
2018-05-24 04:00:00,113831.86555250893
2018-05-25 04:00:00,112248.10971801373
2018-05-29 04:00:00,110798.24711770119
2018-05-30 04:00:00,112813.82527798714
2018-05-31 04:00:00,112572.61225480141
2018-06-01 04:00:00,113012.26590508522
2018-06-04 04:00:00,114460.2146442858
2018-06-05 04:00:00,115964.52270874656
2018-06-06 04:00:00,117636.06099280418
2018-06-07 04:00:00,117304.46266237319
2018-06-08 04:00:00,117378.45676008284
2018-06-11 04:00:00,116314.35991827071
2018-06-12 04:00:00,117338.09804502547
2018-06-13 04:00:00,116540.36515394271
2018-06-14 04:00:00,122238.5255037534
2018-06-15 04:00:00,122380.64264445193
2018-06-18 04:00:00,122631.46486690347
2018-06-19 04:00:00,121997.13148334328
2018-06-20 04:00:00,122721.90758922402
2018-06-21 04:00:00,121330.1137526304
2018-06-22 04:00:00,120146.46935680215
2018-06-25 04:00:00,118701.02337266832
2018-06-26 04:00:00,119229.97580339342
2018-06-27 04:00:00,118104.64875795275
2018-06-28 04:00:00,119244.07985366123
2018-06-29 04:00:00,118867.24683058994
2018-07-02 04:00:00,119829.03972121494
2018-07-03 04:00:00,119635.00454970615
2018-07-05 04:00:00,120040.74641677158
2018-07-06 04:00:00,121238.82286330478
2018-07-09 04:00:00,121540.2129559676
2018-07-10 04:00:00,121939.3325593416
2018-07-11 04:00:00,121225.38726162355
2018-07-12 04:00:00,121894.2574308931
2018-07-13 04:00:00,121791.20849261872
2018-07-16 04:00:00,121254.92110371268
2018-07-17 04:00:00,121595.47805809653
2018-07-18 04:00:00,121515.23658969987
2018-07-19 04:00:00,121576.77793577302
2018-07-20 04:00:00,120520.97723463166
2018-07-23 04:00:00,120723.10777595628
2018-07-24 04:00:00,120836.00998707784
2018-07-25 04:00:00,121746.91485659982
2018-07-26 04:00:00,121864.25068776513
2018-07-27 04:00:00,122616.69820563699
2018-07-30 04:00:00,121061.36323661637
2018-07-31 04:00:00,119538.35595018347
2018-08-01 04:00:00,121512.79885345564
2018-08-02 04:00:00,123308.47558220015
2018-08-03 04:00:00,123729.81047542677
2018-08-06 04:00:00,124565.94302852736
2018-08-07 04:00:00,124739.62621696577
2018-08-08 04:00:00,124662.17452660666
2018-08-09 04:00:00,124760.14223996268
2018-08-10 04:00:00,124075.3370575057
2018-08-13 04:00:00,124329.40501061545
2018-08-14 04:00:00,126090.38911060915
2018-08-15 04:00:00,124374.70298866853
2018-08-16 04:00:00,124265.18742279634
2018-08-17 04:00:00,119270.85247721872
2018-08-20 04:00:00,118416.90551982548
2018-08-21 04:00:00,118169.96163402226
2018-08-22 04:00:00,119909.50471197559
2018-08-23 04:00:00,120324.26002157643
2018-08-24 04:00:00,121571.9750408025
2018-08-27 04:00:00,122154.74091757252
2018-08-28 04:00:00,122640.33556402638
2018-08-29 04:00:00,122691.22080807545
2018-08-30 04:00:00,123052.75716976979
2018-08-31 04:00:00,123584.95548825123
2018-09-04 04:00:00,124557.45673770191
2018-09-05 04:00:00,120997.26494616749
2018-09-06 04:00:00,118704.33631373294
2018-09-07 04:00:00,118718.74301386722
2018-09-10 04:00:00,119735.35350596624
2018-09-11 04:00:00,119586.21424090581
2018-09-12 04:00:00,118657.67230723577
2018-09-13 04:00:00,119042.27989482218
2018-09-14 04:00:00,119673.37330531412
2018-09-17 04:00:00,118908.73474978739
2018-09-18 04:00:00,119311.36771296793
2018-09-19 04:00:00,118498.47119807535
2018-09-20 04:00:00,117909.65178393656
2018-09-21 04:00:00,117073.11132453843
2018-09-24 04:00:00,117366.9892370598
2018-09-25 04:00:00,117890.65338961048
2018-09-26 04:00:00,117940.00343576832
2018-09-27 04:00:00,117294.98869785637
2018-09-28 04:00:00,119539.82327350945
2018-10-01 04:00:00,121394.388699789
2018-10-02 04:00:00,119021.61514546389
2018-10-03 04:00:00,117792.32290236867
2018-10-04 04:00:00,114343.74186722387
2018-10-05 04:00:00,111820.1079959374
2018-10-08 04:00:00,109842.82178103167
2018-10-09 04:00:00,110483.50831972796
2018-10-10 04:00:00,106199.51684557635
2018-10-11 04:00:00,104529.35912712441
2018-10-12 04:00:00,106944.83735855446
2018-10-15 04:00:00,106041.22401654962
2018-10-16 04:00:00,109205.71713102105
2018-10-17 04:00:00,108323.5871089721
2018-10-18 04:00:00,105747.26299703363
2018-10-19 04:00:00,103739.25231861923
2018-10-22 04:00:00,104493.24564615103
2018-10-23 04:00:00,103818.84374872061
2018-10-24 04:00:00,103576.41070175405
2018-10-25 04:00:00,104249.25082397695
2018-10-26 04:00:00,103036.66840813299
2018-10-29 04:00:00,103036.66840813299
2018-10-30 04:00:00,103036.66840813299
2018-10-31 04:00:00,102834.31695536658
2018-11-01 04:00:00,102691.68799186894
2018-11-02 04:00:00,103435.5876224155
2018-11-05 05:00:00,103597.49665809819
2018-11-06 05:00:00,103895.36862255284
2018-11-07 05:00:00,105088.61756015965
2018-11-08 05:00:00,105266.40408397862
2018-11-09 05:00:00,104542.8331668491
2018-11-12 05:00:00,104228.22516477943
2018-11-13 05:00:00,104339.62790461135
2018-11-14 05:00:00,104298.97474847388
2018-11-15 05:00:00,104298.97474847388
2018-11-16 05:00:00,104473.58809681963
2018-11-19 05:00:00,102414.16481248512
2018-11-20 05:00:00,102279.8849405445
2018-11-21 05:00:00,102425.43298424187
2018-11-23 05:00:00,102482.56443870964
2018-11-26 05:00:00,101415.62310017529
2018-11-27 05:00:00,103640.62345112744
2018-11-28 05:00:00,99728.19064701977
2018-11-29 05:00:00,101055.53118695202
2018-11-30 05:00:00,100719.57100094738
2018-12-03 05:00:00,96740.4079550183
2018-12-04 05:00:00,104197.66546234253
2018-12-06 05:00:00,105446.39829050947
2018-12-07 05:00:00,109132.36529910017
2018-12-10 05:00:00,111424.51158892561
2018-12-11 05:00:00,112333.11084734846
2018-12-12 05:00:00,111168.80047785689
2018-12-13 05:00:00,111213.44034945418
2018-12-14 05:00:00,113438.65190874983
2018-12-17 05:00:00,114415.37310539176
2018-12-18 05:00:00,113506.50114952018
2018-12-19 05:00:00,115663.48137031485
2018-12-20 05:00:00,117601.74536262442
2018-12-21 05:00:00,119363.99556861808
2018-12-24 05:00:00,123860.83203931643
2018-12-26 05:00:00,119049.50043531253
2018-12-27 05:00:00,119123.8002819617
2018-12-28 05:00:00,118578.40988584353
2018-12-31 05:00:00,117982.76047178103
2019-01-02 05:00:00,118954.17826151644
2019-01-03 05:00:00,120187.34765314852
2019-01-04 05:00:00,117065.87675615496
2019-01-07 05:00:00,115888.84522467988
2019-01-08 05:00:00,115842.3941634311
2019-01-09 05:00:00,114967.62344581026
2019-01-10 05:00:00,114832.36256247896
2019-01-11 05:00:00,115020.90167838472
2019-01-14 05:00:00,115413.99468833345
2019-01-15 05:00:00,115245.88318854707
2019-01-16 05:00:00,113619.8815724479
2019-01-17 05:00:00,112101.3740460502
2019-01-18 05:00:00,108281.72723190577
2019-01-22 05:00:00,110673.58340828211
2019-01-23 05:00:00,111575.14585487635
2019-01-24 05:00:00,109775.83204664956
2019-01-25 05:00:00,108937.88032720756
2019-01-28 05:00:00,106041.18813172367
2019-01-29 05:00:00,105093.42293468502
2019-01-30 05:00:00,105531.87690473965
2019-01-31 05:00:00,105798.7443592262
2019-02-01 05:00:00,106160.08194849011
2019-02-04 05:00:00,107476.2282372358
2019-02-05 05:00:00,107824.56929596688
2019-02-06 05:00:00,107660.6321259916
2019-02-07 05:00:00,107596.41678776147
2019-02-08 05:00:00,108236.46091522576
2019-02-11 05:00:00,107642.38034775281
2019-02-12 05:00:00,107808.35835733915
2019-02-13 05:00:00,107752.58508245207
2019-02-14 05:00:00,107031.06535580326
2019-02-15 05:00:00,107416.08392670323
2019-02-19 05:00:00,107384.9116945522
2019-02-20 05:00:00,107801.26604082753
2019-02-21 05:00:00,107329.03809740712
2019-02-22 05:00:00,108148.21077273088
2019-02-25 05:00:00,108142.49898104004
2019-02-26 05:00:00,108353.97799682526
2019-02-27 05:00:00,107988.55191142944
2019-02-28 05:00:00,108008.7465611258
2019-03-01 05:00:00,108521.50019367127
2019-03-04 05:00:00,107822.68733699707
2019-03-05 05:00:00,108098.6168785849
2019-03-06 05:00:00,107879.67389877228
2019-03-07 05:00:00,106792.44885216736
2019-03-08 05:00:00,106835.6562791245
2019-03-11 04:00:00,108294.74344326282
2019-03-12 04:00:00,108572.44831539417
2019-03-13 04:00:00,109182.05786501574
2019-03-14 04:00:00,109668.03345476794
2019-03-15 04:00:00,109795.51960932421
2019-03-18 04:00:00,110029.55531870532
2019-03-19 04:00:00,109599.61210047411
2019-03-20 04:00:00,109460.64780794787
2019-03-21 04:00:00,110227.58228913044
2019-03-22 04:00:00,108542.80241146778
2019-03-25 04:00:00,109323.22312775349
2019-03-26 04:00:00,110600.63674584126
2019-03-27 04:00:00,110546.24911442494
2019-03-28 04:00:00,111432.69074383473
2019-03-29 04:00:00,112548.80472222065
2019-04-01 04:00:00,112892.88995450042
2019-04-02 04:00:00,111875.34300511383
2019-04-03 04:00:00,112874.16732164215
2019-04-04 04:00:00,110650.18601984048
2019-04-05 04:00:00,111485.68143457436
2019-04-08 04:00:00,112413.78558153176
2019-04-09 04:00:00,113110.23939699196
2019-04-10 04:00:00,114084.72422498727
2019-04-11 04:00:00,113534.07390440583
2019-04-12 04:00:00,114810.98616446137
2019-04-15 04:00:00,115134.12346209168
2019-04-16 04:00:00,112839.26318855457
2019-04-17 04:00:00,115221.47866649799
2019-04-18 04:00:00,116188.07253284626
2019-04-22 04:00:00,117002.84694079094
2019-04-23 04:00:00,118001.48807123833
2019-04-24 04:00:00,117405.63447359734
2019-04-25 04:00:00,119523.85453588447
2019-04-26 04:00:00,121030.59695035896
2019-04-29 04:00:00,121616.95606977424
2019-04-30 04:00:00,124939.29694539985
2019-05-01 04:00:00,124106.33228977045
2019-05-02 04:00:00,125599.15076503082
2019-05-03 04:00:00,128038.06910941003
2019-05-06 04:00:00,128170.92379853128
2019-05-07 04:00:00,125534.23784227227
2019-05-08 04:00:00,126049.06344854212
2019-05-09 04:00:00,125809.41566415182
2019-05-10 04:00:00,126289.8759985861
2019-05-13 04:00:00,122834.6896642975
2019-05-14 04:00:00,123789.14856474916
2019-05-15 04:00:00,124532.97813131563
2019-05-16 04:00:00,124829.59837438814
2019-05-17 04:00:00,124687.80795767061
2019-05-20 04:00:00,124558.51649100702
2019-05-21 04:00:00,124798.41831716649
2019-05-22 04:00:00,123992.92056974523
2019-05-23 04:00:00,122708.44396528356
2019-05-24 04:00:00,122926.82410368077
2019-05-28 04:00:00,122896.13368690031
2019-05-29 04:00:00,122237.16521478006
2019-05-30 04:00:00,122741.33105492899
2019-05-31 04:00:00,121671.44333100626
2019-06-03 04:00:00,120526.87919510262
2019-06-04 04:00:00,121393.27767441141
2019-06-05 04:00:00,122091.71479294168
2019-06-06 04:00:00,122234.83590955888
2019-06-07 04:00:00,122950.65524168168
2019-06-10 04:00:00,122267.82928945695
2019-06-11 04:00:00,122303.16503240739
2019-06-12 04:00:00,122578.310803434
2019-06-13 04:00:00,122493.94210149918
2019-06-14 04:00:00,122712.70536901627
2019-06-17 04:00:00,122151.47574155149
2019-06-18 04:00:00,121952.94164617357
2019-06-19 04:00:00,123872.30310018358
2019-06-20 04:00:00,124362.39113195238
2019-06-21 04:00:00,123531.47896917161
2019-06-24 04:00:00,122637.0501285344
2019-06-25 04:00:00,121063.6668278315
2019-06-26 04:00:00,119788.33613036652
2019-06-27 04:00:00,120111.36073727722
2019-06-28 04:00:00,120707.45359749909
2019-07-01 04:00:00,121874.18504567261
2019-07-02 04:00:00,121980.72814412232
2019-07-03 04:00:00,123411.69186539765
2019-07-05 04:00:00,123483.79102845307
2019-07-08 04:00:00,123852.3881043703
2019-07-09 04:00:00,125099.57734752196
2019-07-10 04:00:00,127748.62254405516
2019-07-11 04:00:00,128205.62041545409
2019-07-12 04:00:00,129923.94906116027
2019-07-15 04:00:00,130538.25303531188
2019-07-16 04:00:00,128185.64498590391
2019-07-17 04:00:00,128700.14866740357
2019-07-18 04:00:00,130247.42072140062
2019-07-19 04:00:00,130099.0085052141
2019-07-22 04:00:00,132408.6800120958
2019-07-23 04:00:00,133729.90129314744
2019-07-24 04:00:00,135560.66586338365
2019-07-25 04:00:00,134170.96614300096
2019-07-26 04:00:00,134756.63053165757
2019-07-29 04:00:00,134363.68597287376
2019-07-30 04:00:00,133952.06585568626
2019-07-31 04:00:00,130521.47280316046
2019-08-01 04:00:00,130082.2314053028
2019-08-02 04:00:00,129101.62442974737
2019-08-05 04:00:00,124296.69728250001
2019-08-06 04:00:00,128055.53631562684
2019-08-07 04:00:00,128566.3499659819
2019-08-08 04:00:00,133649.75879471726
2019-08-09 04:00:00,133216.34097092575
2019-08-12 04:00:00,131084.3410395903
2019-08-13 04:00:00,132703.26010105462
2019-08-14 04:00:00,129636.54468696355
2019-08-15 04:00:00,129494.66490142583
2019-08-16 04:00:00,131225.88274924993
2019-08-19 04:00:00,132298.98143997107
2019-08-20 04:00:00,132313.54640235816
2019-08-21 04:00:00,132756.9822026721
2019-08-22 04:00:00,133080.912281417
2019-08-23 04:00:00,131097.83379306708
2019-08-26 04:00:00,131644.92505252946
2019-08-27 04:00:00,131992.84304548946
2019-08-28 04:00:00,132622.69414211955
2019-08-29 04:00:00,132743.5455935165
2019-08-30 04:00:00,131920.5135903522
2019-09-03 04:00:00,131395.6543644198
2019-09-04 04:00:00,132646.05277010525
2019-09-05 04:00:00,131841.63733431423
2019-09-06 04:00:00,132009.5426649722
2019-09-09 04:00:00,131687.36592503535
2019-09-10 04:00:00,131198.52716532693
2019-09-11 04:00:00,132123.04855351243
2019-09-12 04:00:00,132927.14134983812
2019-09-13 04:00:00,131804.9547710875
2019-09-16 04:00:00,132439.93752484117
2019-09-17 04:00:00,134389.46034626756
2019-09-18 04:00:00,134273.04645161424
2019-09-19 04:00:00,133891.3242016295
2019-09-20 04:00:00,133241.7501678923
2019-09-23 04:00:00,133408.31618370747
2019-09-24 04:00:00,131848.69940658307
2019-09-25 04:00:00,132599.4774688181
2019-09-26 04:00:00,132463.8551759238
2019-09-27 04:00:00,130078.41447314982
2019-09-30 04:00:00,130476.08117351298
2019-10-01 04:00:00,128611.98731524304
2019-10-02 04:00:00,127451.06082637116
2019-10-03 04:00:00,127862.49486956494
2019-10-04 04:00:00,129412.11249766247
2019-10-07 04:00:00,129145.19377360241
2019-10-08 04:00:00,128314.28917918103
2019-10-09 04:00:00,129388.73481848805
2019-10-10 04:00:00,129167.45116522878
2019-10-11 04:00:00,127980.27832129567
2019-10-14 04:00:00,127601.61658369344
2019-10-15 04:00:00,127496.40147375959
2019-10-16 04:00:00,126656.41682616132
2019-10-17 04:00:00,127420.22968474287
2019-10-18 04:00:00,127046.26090660576
2019-10-21 04:00:00,127597.0153862391
2019-10-22 04:00:00,127627.15901340585
2019-10-23 04:00:00,127344.08256731067
2019-10-24 04:00:00,127066.13630113636
2019-10-25 04:00:00,126984.84306154285
2019-10-28 04:00:00,125980.71922238742
2019-10-29 04:00:00,125040.97652562533
2019-10-30 04:00:00,124410.19418850896
2019-10-31 04:00:00,123321.8462902371
2019-11-01 04:00:00,125055.22164023557
2019-11-04 05:00:00,126996.71007531336
2019-11-05 05:00:00,126992.19251916633
2019-11-06 05:00:00,126931.27232501731
2019-11-07 05:00:00,127541.65815875755
2019-11-08 05:00:00,127976.77727458702
2019-11-11 05:00:00,127543.71492526756
2019-11-12 05:00:00,128869.38186261879
2019-11-13 05:00:00,127888.64439580665
2019-11-14 05:00:00,128446.73846099601
2019-11-15 05:00:00,129078.54335401283
2019-11-18 05:00:00,130245.31455358183
2019-11-19 05:00:00,129940.97255834258
2019-11-20 05:00:00,130006.08315588819
2019-11-21 05:00:00,131445.14349714338
2019-11-22 05:00:00,131078.0664412123
2019-11-25 05:00:00,133542.89090494977
2019-11-26 05:00:00,133514.30656518042
2019-11-27 05:00:00,133664.9374770075
2019-11-29 05:00:00,132874.31660546362
2019-12-02 05:00:00,130132.48457802832
2019-12-03 05:00:00,127680.40030336344
2019-12-04 05:00:00,128998.86833670866
2019-12-05 05:00:00,127463.46311941896
2019-12-06 05:00:00,128585.90192404542
2019-12-09 05:00:00,128537.51468840394
2019-12-10 05:00:00,128425.33887282167
2019-12-11 05:00:00,129406.25046721254
2019-12-12 05:00:00,128950.98500815187
2019-12-13 05:00:00,131155.98043432986
2019-12-16 05:00:00,134216.80038443362
2019-12-17 05:00:00,134562.42759886538
2019-12-18 05:00:00,135449.59128024636
2019-12-19 05:00:00,136561.58781888543
2019-12-20 05:00:00,137464.82097735215
2019-12-23 05:00:00,137538.44213785935
2019-12-24 05:00:00,137874.8192499552
2019-12-26 05:00:00,138313.06756576776
2019-12-27 05:00:00,137973.98592027902
2019-12-30 05:00:00,136279.06095394373
2019-12-31 05:00:00,137190.46469578028
2020-01-02 05:00:00,139953.12062343836
2020-01-03 05:00:00,139071.34372600794
2020-01-06 05:00:00,140026.8246830392
2020-01-07 05:00:00,140758.36006483316
2020-01-08 05:00:00,143141.34926971674
2020-01-09 05:00:00,144235.61780056238
2020-01-10 05:00:00,144134.35884699106
2020-01-13 05:00:00,147460.75080114714
2020-01-14 05:00:00,146126.61381965986
2020-01-15 05:00:00,145094.35494046225
2020-01-16 05:00:00,146813.66358492768
2020-01-17 05:00:00,148148.36276076233
2020-01-21 05:00:00,148399.7973396579
2020-01-22 05:00:00,148895.7975694934
2020-01-23 05:00:00,149772.46599839127
2020-01-24 05:00:00,148913.82082055009
2020-01-27 05:00:00,144326.35811906675
2020-01-28 05:00:00,147024.03106218198
2020-01-29 05:00:00,147396.4312697015
2020-01-30 05:00:00,148908.01842408994
2020-01-31 05:00:00,145453.5280557795
2020-02-03 05:00:00,141600.48179258467
2020-02-04 05:00:00,148599.8141499913
2020-02-05 05:00:00,143982.92339120054
2020-02-06 05:00:00,144512.6691849433
2020-02-07 05:00:00,144106.2052044865
2020-02-10 05:00:00,145011.03145647014
2020-02-11 05:00:00,144448.74853433098
2020-02-12 05:00:00,145233.55308164086
2020-02-13 05:00:00,144615.44568026986
2020-02-14 05:00:00,145394.51009143319
2020-02-18 05:00:00,145271.33215203637
2020-02-19 05:00:00,145967.8589226281
2020-02-20 05:00:00,145226.62241521233
2020-02-21 05:00:00,143512.0783602273
2020-02-24 05:00:00,136505.42743742795
2020-02-25 05:00:00,131060.3536760737
2020-02-26 05:00:00,133199.53939677562
2020-02-27 05:00:00,124515.67160212305
2020-02-28 05:00:00,123739.5257220873
2020-03-02 05:00:00,124158.45108019582
2020-03-03 05:00:00,123270.66226183645
2020-03-04 05:00:00,124903.28218624441
2020-03-05 05:00:00,123826.98559984533
2020-03-06 05:00:00,123821.67206606237
2020-03-09 04:00:00,129737.170357078
2020-03-10 04:00:00,128807.63523516027
2020-03-11 04:00:00,133025.58972197288
2020-03-12 04:00:00,147490.57430790365
2020-03-13 04:00:00,141502.23608349264
2020-03-16 04:00:00,156496.69796212614
2020-03-17 04:00:00,149038.9297622055
2020-03-18 04:00:00,151268.80434746487
2020-03-19 04:00:00,154683.13189072354
2020-03-20 04:00:00,161942.08824766858
2020-03-23 04:00:00,167929.18127083906
2020-03-24 04:00:00,158226.27794256163
2020-03-25 04:00:00,158505.67716497136
2020-03-26 04:00:00,147080.83452208235
2020-03-27 04:00:00,156801.34487135604
2020-03-30 04:00:00,151056.29129393294
2020-03-31 04:00:00,152550.25782701094
2020-04-01 04:00:00,161191.6242439421
2020-04-02 04:00:00,158151.97185060102
2020-04-03 04:00:00,161429.32599565107
2020-04-06 04:00:00,157364.28862357436
2020-04-07 04:00:00,154296.3307728797
2020-04-08 04:00:00,147770.967523141
2020-04-09 04:00:00,139981.50169664447
2020-04-13 04:00:00,145360.03176218097
2020-04-14 04:00:00,146160.35270601336
2020-04-15 04:00:00,153947.6705408675
2020-04-16 04:00:00,157755.6720743758
2020-04-17 04:00:00,146205.03202920977
2020-04-20 04:00:00,147307.1263671409
2020-04-21 04:00:00,152180.3697429191
2020-04-22 04:00:00,150126.63588437458
2020-04-23 04:00:00,148849.8451185909
2020-04-24 04:00:00,145338.00313098103
2020-04-27 04:00:00,140242.65182545123
2020-04-28 04:00:00,137396.68245568805
2020-04-29 04:00:00,128563.71094825625
2020-04-30 04:00:00,134840.73141982913
2020-05-01 04:00:00,139658.85477112522
2020-05-04 04:00:00,141038.11828718128
2020-05-05 04:00:00,141054.45061216297
2020-05-06 04:00:00,141294.81883535328
2020-05-07 04:00:00,138733.3113625728
2020-05-08 04:00:00,135660.07271511186
2020-05-11 04:00:00,138568.4334481441
2020-05-12 04:00:00,142725.78084690202
2020-05-13 04:00:00,148674.91664558518
2020-05-14 04:00:00,147740.9803147899
2020-05-15 04:00:00,148319.47644477952
2020-05-18 04:00:00,140218.69664438462
2020-05-19 04:00:00,143200.80900443482
2020-05-20 04:00:00,140607.9904538901
2020-05-21 04:00:00,140373.4042994089
2020-05-22 04:00:00,140724.85330453585
2020-05-26 04:00:00,137954.62459844514
2020-05-27 04:00:00,133771.1172632112
2020-05-28 04:00:00,139955.012082869
2020-05-29 04:00:00,141139.78088802876
2020-06-01 04:00:00,139904.31653740467
2020-06-02 04:00:00,134838.89870941592
2020-06-03 04:00:00,132227.8755612389
2020-06-04 04:00:00,129419.19010419233
2020-06-05 04:00:00,130962.2046547791
2020-06-08 04:00:00,131083.8724514252
2020-06-09 04:00:00,132385.94955027165
2020-06-10 04:00:00,135742.89322261323
2020-06-11 04:00:00,128453.95830373277
2020-06-12 04:00:00,128796.52772550096
2020-06-15 04:00:00,132083.39621715058
2020-06-16 04:00:00,133069.4325941037
2020-06-17 04:00:00,134147.397451682
2020-06-18 04:00:00,137969.81335440124
2020-06-19 04:00:00,141172.82411756957
2020-06-22 04:00:00,141020.563615708
2020-06-23 04:00:00,140117.27416410888
2020-06-24 04:00:00,148839.35496321166
2020-06-25 04:00:00,142233.09295454467
2020-06-26 04:00:00,153550.57315245116
2020-06-29 04:00:00,150539.91240301574
2020-06-30 04:00:00,146837.40381422485
2020-07-01 04:00:00,152249.67340651
2020-07-02 04:00:00,152331.51769297087
2020-07-06 04:00:00,149703.05418288626
2020-07-07 04:00:00,154432.4443529836
2020-07-08 04:00:00,154324.56269106892
2020-07-09 04:00:00,159964.2284780572
2020-07-10 04:00:00,159440.5226327203
2020-07-13 04:00:00,158380.0625497125
2020-07-14 04:00:00,157997.62799894903
2020-07-15 04:00:00,157809.47789824102
2020-07-16 04:00:00,157404.42945158575
2020-07-17 04:00:00,157950.9366699085
2020-07-20 04:00:00,158336.89320133397
2020-07-21 04:00:00,156580.35031454847
2020-07-22 04:00:00,157379.90251105116
2020-07-23 04:00:00,154968.1687769203
2020-07-24 04:00:00,153607.833014553
2020-07-27 04:00:00,155955.88202769082
2020-07-28 04:00:00,155841.92001253885
2020-07-29 04:00:00,158058.35919863504
2020-07-30 04:00:00,157481.34049662325
2020-07-31 04:00:00,158456.218706691
2020-08-03 04:00:00,160674.97960337374
2020-08-04 04:00:00,161551.29105283663
2020-08-05 04:00:00,162554.575133342
2020-08-06 04:00:00,162512.4648730346
2020-08-07 04:00:00,159659.6635733952
2020-08-10 04:00:00,159840.2947150578
2020-08-11 04:00:00,156094.51869035859
2020-08-12 04:00:00,162476.4050963034
2020-08-13 04:00:00,164133.69182420868
2020-08-14 04:00:00,165039.02720094819
2020-08-17 04:00:00,170162.44316788786
2020-08-18 04:00:00,170242.95876618498
2020-08-19 04:00:00,170248.31325455778
2020-08-20 04:00:00,172814.11447640532
2020-08-21 04:00:00,174386.5290004837
2020-08-24 04:00:00,176925.6938049423
2020-08-25 04:00:00,177112.41945266267
2020-08-26 04:00:00,179167.90273665925
2020-08-27 04:00:00,177897.55268668671
2020-08-28 04:00:00,179893.60051498457
2020-08-31 04:00:00,181177.55377349898
2020-09-01 04:00:00,185228.6780309899
2020-09-02 04:00:00,186778.91722967458
2020-09-03 04:00:00,178402.20222633943
2020-09-04 04:00:00,177185.74900790252
2020-09-08 04:00:00,171598.81704796542
2020-09-09 04:00:00,174958.7346283182
2020-09-10 04:00:00,171964.1311126932
2020-09-11 04:00:00,170798.72119295443
2020-09-14 04:00:00,173188.3794342264
2020-09-15 04:00:00,175454.35986482943
2020-09-16 04:00:00,173831.91154049622
2020-09-17 04:00:00,173258.26162289368
2020-09-18 04:00:00,170839.88990526617
2020-09-21 04:00:00,170081.48821724733
2020-09-22 04:00:00,170489.2685215712
2020-09-23 04:00:00,170028.2685215712
2020-09-24 04:00:00,169982.62258970932
2020-09-25 04:00:00,170704.01139510347
2020-09-28 04:00:00,172796.4073435135
2020-09-29 04:00:00,173863.26263678743
2020-09-30 04:00:00,175050.3617311783
2020-10-01 04:00:00,178733.4832483597
2020-10-02 04:00:00,178054.69574225618
2020-10-05 04:00:00,179965.8318313185
2020-10-06 04:00:00,179093.9731620375
2020-10-07 04:00:00,180008.89645394575
2020-10-08 04:00:00,179129.55358812277
2020-10-09 04:00:00,179354.60304736558
2020-10-12 04:00:00,179727.3098944134
2020-10-13 04:00:00,179804.66320734684
2020-10-14 04:00:00,180611.03962269583
2020-10-15 04:00:00,180581.9846719817
2020-10-16 04:00:00,179067.666139038
2020-10-19 04:00:00,176542.72986164846
2020-10-20 04:00:00,177714.56986275472
2020-10-21 04:00:00,177581.69642487325
2020-10-22 04:00:00,177057.30025780658
2020-10-23 04:00:00,179506.23537743549
2020-10-26 04:00:00,174209.96126473407
2020-10-27 04:00:00,174651.9389223467
2020-10-28 04:00:00,169530.03856959837
2020-10-29 04:00:00,169213.60444971238
2020-10-30 04:00:00,165461.25866150114
2020-11-02 05:00:00,168126.92717001057
2020-11-03 05:00:00,168084.93737051106
2020-11-04 05:00:00,167795.38300344563
2020-11-05 05:00:00,166128.83898565389
2020-11-06 05:00:00,168293.06447336293
2020-11-09 05:00:00,160533.6511009511
2020-11-10 05:00:00,159654.48383895005
2020-11-11 05:00:00,159554.85078993882
2020-11-12 05:00:00,160537.39951262565
2020-11-13 05:00:00,162851.31191927238
2020-11-16 05:00:00,167047.1421194677
2020-11-17 05:00:00,168582.12375170036
2020-11-18 05:00:00,164522.45701700493
2020-11-19 05:00:00,166351.13282305046
2020-11-20 05:00:00,165427.76551729484
2020-11-23 05:00:00,169978.1035675286
2020-11-24 05:00:00,174582.9330438851
2020-11-25 05:00:00,175545.11822931754
2020-11-27 05:00:00,176847.09108679282
2020-11-30 05:00:00,170398.25640583644
2020-12-01 05:00:00,171157.40236569056
2020-12-02 05:00:00,170728.20534505337
2020-12-03 05:00:00,171081.95200280639
2020-12-04 05:00:00,172033.35896996947
2020-12-07 05:00:00,175400.79481780596
2020-12-08 05:00:00,177892.26698482104
2020-12-09 05:00:00,171688.35346705027
2020-12-10 05:00:00,171463.1075446725
2020-12-11 05:00:00,171976.8578899026
2020-12-14 05:00:00,171178.16240447378
2020-12-15 05:00:00,174384.4784273467
2020-12-16 05:00:00,177898.29094832754
2020-12-17 05:00:00,180497.26564353323
2020-12-18 05:00:00,178831.55530530034
2020-12-21 05:00:00,180734.4767302805
2020-12-22 05:00:00,180095.6622717624
2020-12-23 05:00:00,181303.78571727328
2020-12-24 05:00:00,181345.7216441722
2020-12-28 05:00:00,181906.39665485336
2020-12-29 05:00:00,181770.5374534221
2020-12-30 05:00:00,182215.35886503366
2020-12-31 05:00:00,183164.18645863107
2021-01-04 05:00:00,182202.236782427
2021-01-05 05:00:00,183863.87411915796
2021-01-06 05:00:00,187823.3025800857
2021-01-07 05:00:00,191504.85510465235
2021-01-08 05:00:00,192964.54789945215
2021-01-11 05:00:00,193315.3123611831
2021-01-12 05:00:00,194776.90530001442
2021-01-13 05:00:00,195395.4495428733
2021-01-14 05:00:00,195668.4463499717
2021-01-15 05:00:00,194124.37819277565
2021-01-19 05:00:00,196157.43009542458
2021-01-20 05:00:00,197696.0687444114
2021-01-21 05:00:00,198747.11632322305
2021-01-22 05:00:00,197550.94693159097
2021-01-25 05:00:00,196531.35598211092
2021-01-26 05:00:00,192436.46725301546
2021-01-27 05:00:00,186886.22023267444
2021-01-28 05:00:00,190791.86211270984
2021-01-29 05:00:00,187318.94133190459
2021-02-01 05:00:00,191607.48221401518
2021-02-02 05:00:00,197446.11310009306
2021-02-03 05:00:00,195634.873565715
2021-02-04 05:00:00,198653.78370479887
2021-02-05 05:00:00,200104.1278210098
2021-02-08 05:00:00,205114.61549572294
2021-02-09 05:00:00,206201.83586036987
2021-02-10 05:00:00,206188.07545769043
2021-02-11 05:00:00,206829.60941994019
2021-02-12 05:00:00,204134.92473071988
2021-02-16 05:00:00,204668.55522432076
2021-02-17 05:00:00,203761.78968779885
2021-02-18 05:00:00,203525.60397806895
2021-02-19 05:00:00,203143.37543192637
2021-02-22 05:00:00,204412.4484911127
2021-02-23 05:00:00,204561.09685298486
2021-02-24 05:00:00,205311.37885829492
2021-02-25 05:00:00,202393.16229123253
2021-02-26 05:00:00,202518.6548621096
2021-03-01 05:00:00,206736.84664982933
2021-03-02 05:00:00,206070.1143919863
2021-03-03 05:00:00,204684.57538832183
2021-03-04 05:00:00,202133.12331045623
2021-03-05 05:00:00,206207.07380288784
2021-03-08 05:00:00,207943.70175546352
2021-03-09 05:00:00,209014.42331343552
2021-03-10 05:00:00,210194.18310725875
2021-03-11 05:00:00,212702.45641505142
2021-03-12 05:00:00,212383.1739958467
2021-03-15 04:00:00,213492.4350393953
2021-03-16 04:00:00,211470.23493946547
2021-03-17 04:00:00,213145.12096457352
2021-03-18 04:00:00,209564.0314965712
2021-03-19 04:00:00,210581.62194113602
2021-03-22 04:00:00,211016.92122323668
2021-03-23 04:00:00,209931.4409280554
2021-03-24 04:00:00,209320.4976027609
2021-03-25 04:00:00,209127.69966201822
2021-03-26 04:00:00,209313.35942977946
2021-03-29 04:00:00,209229.6086782841
2021-03-30 04:00:00,209583.74684169333
2021-03-31 04:00:00,209063.58098523656
2021-04-01 04:00:00,210393.23562734167
2021-04-05 04:00:00,212652.68774716894
2021-04-06 04:00:00,212045.81043736974
2021-04-07 04:00:00,211202.14789693395
2021-04-08 04:00:00,210924.23792569677
2021-04-09 04:00:00,212914.48867909948
2021-04-12 04:00:00,212874.74120077744
2021-04-13 04:00:00,212401.15102133408
2021-04-14 04:00:00,212196.6441510643
2021-04-15 04:00:00,213931.95497069016
2021-04-16 04:00:00,214735.9029286827
2021-04-19 04:00:00,214000.4427797264
2021-04-20 04:00:00,212010.12637649383
2021-04-21 04:00:00,213152.2166557439
2021-04-22 04:00:00,211030.8755302556
2021-04-23 04:00:00,212318.75741769152
2021-04-26 04:00:00,212566.15359689074
2021-04-27 04:00:00,212911.53868867236
2021-04-28 04:00:00,213286.7803740862
2021-04-29 04:00:00,214219.7774443987
2021-04-30 04:00:00,212763.1623473528
2021-05-03 04:00:00,212618.17949277497
2021-05-04 04:00:00,211866.01249403806
2021-05-05 04:00:00,211201.62134260984
2021-05-06 04:00:00,212768.93708400527
2021-05-07 04:00:00,214575.93742732803
2021-05-10 04:00:00,215021.15749721328
2021-05-11 04:00:00,211724.6362722377
2021-05-12 04:00:00,206537.80207329398
2021-05-13 04:00:00,210397.18240624075
2021-05-14 04:00:00,212856.4122531951
2021-05-17 04:00:00,212230.95115755682
2021-05-18 04:00:00,210767.13079928045
2021-05-19 04:00:00,210185.294657862
2021-05-20 04:00:00,210969.5478746741
2021-05-21 04:00:00,210388.89766715458
2021-05-24 04:00:00,211411.897926554
2021-05-25 04:00:00,210967.73104452065
2021-05-26 04:00:00,212203.1010815995
2021-05-27 04:00:00,212394.06004899912
2021-05-28 04:00:00,212470.55895608835
2021-06-01 04:00:00,212489.71922868662
2021-06-02 04:00:00,212503.4713880036
2021-06-03 04:00:00,212101.84084334114
2021-06-04 04:00:00,212297.89567977074
2021-06-07 04:00:00,211587.07770568016
2021-06-08 04:00:00,211406.3268683541
2021-06-09 04:00:00,209092.9116137612
2021-06-10 04:00:00,207591.0881995575
2021-06-11 04:00:00,209722.54660982057
2021-06-14 04:00:00,208703.11634820863
2021-06-15 04:00:00,209034.6877269165
2021-06-16 04:00:00,209346.3899459259
2021-06-17 04:00:00,208825.82309299306
2021-06-18 04:00:00,204704.33989214734
2021-06-21 04:00:00,207821.1197955592
2021-06-22 04:00:00,209871.82505488233
2021-06-23 04:00:00,211110.41113352613
2021-06-24 04:00:00,210133.89621043042
2021-06-25 04:00:00,210789.86801409558
2021-06-28 04:00:00,211244.6500712016
2021-06-29 04:00:00,211773.94331651716
2021-06-30 04:00:00,212379.60924058943
2021-07-01 04:00:00,214753.1088278697
2021-07-02 04:00:00,214449.95766667585
2021-07-06 04:00:00,210924.81912779016
2021-07-07 04:00:00,209281.75496839685
2021-07-08 04:00:00,206553.82943552383
2021-07-09 04:00:00,207113.98974436172
2021-07-12 04:00:00,207784.8894792212
2021-07-13 04:00:00,207261.6681791571
2021-07-14 04:00:00,206988.7943083075
2021-07-15 04:00:00,205374.8145299956
2021-07-16 04:00:00,205276.12693844287
2021-07-19 04:00:00,204090.3756031539
2021-07-20 04:00:00,206433.68017621298
2021-07-21 04:00:00,207004.954587364
2021-07-22 04:00:00,209646.5969976423
2021-07-23 04:00:00,210545.4734167097
2021-07-26 04:00:00,209377.4100622175
2021-07-27 04:00:00,208359.43454818707
2021-07-28 04:00:00,208416.34388046246
2021-07-29 04:00:00,210081.35257619264
2021-07-30 04:00:00,208905.467129495
2021-08-02 04:00:00,209427.3294189237
2021-08-03 04:00:00,210407.9399464931
2021-08-04 04:00:00,208779.69963582416
2021-08-05 04:00:00,209576.42407353778
2021-08-06 04:00:00,212682.96888478656
2021-08-09 04:00:00,213696.9638138332
2021-08-10 04:00:00,214641.62309461017
2021-08-11 04:00:00,214872.24628925597
2021-08-12 04:00:00,216037.05194187438
2021-08-13 04:00:00,216115.47410869872
2021-08-16 04:00:00,211834.0116301112
2021-08-17 04:00:00,209075.1945181422
2021-08-18 04:00:00,208713.7806464749
2021-08-19 04:00:00,206711.2094567594
2021-08-20 04:00:00,209198.49106724828
2021-08-23 04:00:00,211274.44443352788
2021-08-24 04:00:00,213563.5663034639
2021-08-25 04:00:00,215417.5390331468
2021-08-26 04:00:00,214373.40819189162
2021-08-27 04:00:00,217384.0569088182
2021-08-30 04:00:00,216423.6726300859
2021-08-31 04:00:00,216825.9932363176
2021-09-01 04:00:00,216875.4151462068
2021-09-02 04:00:00,218481.07620940107
2021-09-03 04:00:00,218067.7652305116
2021-09-07 04:00:00,216068.62720314498
2021-09-08 04:00:00,213300.65639807595
2021-09-09 04:00:00,213257.27219518222
2021-09-10 04:00:00,214306.75472386874
2021-09-13 04:00:00,212922.88772501983
2021-09-14 04:00:00,215041.49851719738
2021-09-15 04:00:00,216582.87684909703
2021-09-16 04:00:00,216893.894850415
2021-09-17 04:00:00,215578.37372819782
2021-09-20 04:00:00,209830.1352495734
2021-09-21 04:00:00,211604.55275173823
2021-09-22 04:00:00,217542.2996203486
2021-09-23 04:00:00,220299.1007608954
2021-09-24 04:00:00,220786.94542548817
2021-09-27 04:00:00,222397.67642627686
2021-09-28 04:00:00,222173.8793376538
2021-09-29 04:00:00,222195.57873569458
2021-09-30 04:00:00,221743.01639209717
2021-10-01 04:00:00,223514.16690839626
2021-10-04 04:00:00,223697.19097402145
2021-10-05 04:00:00,223878.7208259349
2021-10-06 04:00:00,223476.77191045333
2021-10-07 04:00:00,224183.0247072177
2021-10-08 04:00:00,226064.13259448577
2021-10-11 04:00:00,226177.5841440158
2021-10-12 04:00:00,226680.89354266692
2021-10-13 04:00:00,226251.71300830413
2021-10-14 04:00:00,227162.9142259555
2021-10-15 04:00:00,227262.28453769255
2021-10-18 04:00:00,226212.1895975223
2021-10-19 04:00:00,227014.93257847932
2021-10-20 04:00:00,227546.4852387538
2021-10-21 04:00:00,229132.1712395778
2021-10-22 04:00:00,228617.54946681167
2021-10-25 04:00:00,229843.52382060196
2021-10-26 04:00:00,230529.43903514053
2021-10-27 04:00:00,229326.38234873916
2021-10-28 04:00:00,230714.58482905533
2021-10-29 04:00:00,230999.9339348903
2021-11-01 04:00:00,230041.3145919108
2021-11-02 04:00:00,230065.40461288783
2021-11-03 04:00:00,230757.81251465174
2021-11-04 04:00:00,231154.71302281477
2021-11-05 04:00:00,230747.0751567259
2021-11-08 05:00:00,231182.97978929427
2021-11-09 05:00:00,229740.947509326
2021-11-10 05:00:00,227563.5370339189
2021-11-11 05:00:00,228133.64688957075
2021-11-12 05:00:00,230052.09446800093
2021-11-15 05:00:00,229414.7686165605
2021-11-16 05:00:00,230993.0334175859
2021-11-17 05:00:00,230437.73880088667
2021-11-18 05:00:00,230557.75051963667
2021-11-19 05:00:00,234542.21544548776
2021-11-22 05:00:00,232328.84276863004
2021-11-23 05:00:00,233105.2268983908
2021-11-24 05:00:00,234300.46202298263
2021-11-26 05:00:00,231046.14702502728
2021-11-29 05:00:00,232843.27812282086
2021-11-30 05:00:00,231719.0457734251
2021-12-01 05:00:00,231184.27404952038
2021-12-02 05:00:00,231172.84992575634
2021-12-03 05:00:00,230701.23144959135
2021-12-06 05:00:00,231000.19178472014
2021-12-07 05:00:00,231000.11013425322
2021-12-08 05:00:00,231066.74941647978
2021-12-09 05:00:00,231153.97085202666
2021-12-10 05:00:00,231363.6907922122
2021-12-13 05:00:00,231580.26995480986
2021-12-14 05:00:00,231637.11013425322
2021-12-15 05:00:00,231645.48645346708
2021-12-16 05:00:00,231804.06640952177
2021-12-17 05:00:00,231558.2571794307
2021-12-20 05:00:00,231088.2244696848
2021-12-21 05:00:00,232824.95947820682
2021-12-22 05:00:00,234276.95724279422
2021-12-23 05:00:00,234679.51531391544
2021-12-27 05:00:00,236489.12639027042
2021-12-28 05:00:00,235982.10944919987
2021-12-29 05:00:00,236348.98428516788
2021-12-30 05:00:00,235811.48071842594
2021-12-31 05:00:00,235818.51313666173
2022-01-03 05:00:00,235874.30411626835
2022-01-04 05:00:00,233475.02139309736
2022-01-05 05:00:00,229932.45140085727
2022-01-06 05:00:00,229493.767742918
2022-01-07 05:00:00,229621.5975563422
2022-01-10 05:00:00,229696.92792956455
2022-01-11 05:00:00,231227.81279818638
2022-01-12 05:00:00,230722.8452955924
2022-01-13 05:00:00,228232.43130175694
2022-01-14 05:00:00,229663.74741093116
2022-01-18 05:00:00,225443.3649646421
2022-01-19 05:00:00,222862.11166605927
2022-01-20 05:00:00,223059.33880958916
2022-01-21 05:00:00,222282.44095573784
2022-01-24 05:00:00,219046.9101977598
2022-01-25 05:00:00,218723.99994995707
2022-01-26 05:00:00,218224.12960388773
2022-01-27 05:00:00,217988.1351607284
2022-01-28 05:00:00,218361.5141737899
2022-01-31 05:00:00,218264.98921363443
2022-02-01 05:00:00,217557.37164136118
2022-02-02 05:00:00,217952.87298413462
2022-02-03 05:00:00,217012.902326786
2022-02-04 05:00:00,217564.86233731455
2022-02-07 05:00:00,218285.53305264658
2022-02-08 05:00:00,219487.35227414317
2022-02-09 05:00:00,220531.42371579356
2022-02-10 05:00:00,219549.71295758433
2022-02-11 05:00:00,218525.2508222694
2022-02-14 05:00:00,217808.06253686568
2022-02-15 05:00:00,218516.26980341287
2022-02-16 05:00:00,217485.69181807656
2022-02-17 05:00:00,220753.34216864724
2022-02-18 05:00:00,222674.9290849996
2022-02-22 05:00:00,224437.06891654257
2022-02-23 05:00:00,227423.76086447958
2022-02-24 05:00:00,223922.51565641837
2022-02-25 05:00:00,221460.4291390844
2022-02-28 05:00:00,222953.5490807958
2022-03-01 05:00:00,225818.4138719545
2022-03-02 05:00:00,222789.17963142256
2022-03-03 05:00:00,224729.56779975753
2022-03-04 05:00:00,228374.40640774582
2022-03-07 05:00:00,236106.55853596542
2022-03-08 05:00:00,235486.4032892308
2022-03-09 05:00:00,228312.00686832474
2022-03-10 05:00:00,230387.75512310074
2022-03-11 05:00:00,231928.68921466873
2022-03-14 04:00:00,232241.64980234375
2022-03-15 04:00:00,230550.14842523803
2022-03-16 04:00:00,228452.4342280445
2022-03-17 04:00:00,227287.3062350498
2022-03-18 04:00:00,225093.96667873632
2022-03-21 04:00:00,225584.8103088072
2022-03-22 04:00:00,221294.69867245105
2022-03-23 04:00:00,224500.05678097156
2022-03-24 04:00:00,223426.38461223987
2022-03-25 04:00:00,225479.1645805016
2022-03-28 04:00:00,223069.30325104334
2022-03-29 04:00:00,215724.3191779319
2022-03-30 04:00:00,218954.73499274743
2022-03-31 04:00:00,222714.08221412194
2022-04-01 04:00:00,219895.77970862878
2022-04-04 04:00:00,214992.52765768944
2022-04-05 04:00:00,223661.6362392324
2022-04-06 04:00:00,230463.02954977928
2022-04-07 04:00:00,231464.49479689918
2022-04-08 04:00:00,234707.80230779015
2022-04-11 04:00:00,233789.78371854912
2022-04-12 04:00:00,236927.85841222893
2022-04-13 04:00:00,234886.3343338598
2022-04-14 04:00:00,240285.62722366845
2022-04-18 04:00:00,242365.1686458639
2022-04-19 04:00:00,239835.62752067315
2022-04-20 04:00:00,240906.9133336948
2022-04-21 04:00:00,239415.664729874
2022-04-22 04:00:00,238085.26720873147
2022-04-25 04:00:00,238456.05695815594
2022-04-26 04:00:00,237991.6566285661
2022-04-27 04:00:00,238132.05695815594
2022-04-28 04:00:00,237825.42030234844
2022-04-29 04:00:00,242303.73066039593
2022-05-02 04:00:00,239743.36631179668
2022-05-03 04:00:00,240035.903669127
2022-05-04 04:00:00,235332.52454240277
2022-05-05 04:00:00,244738.58250291302
2022-05-06 04:00:00,246367.50180489972
2022-05-09 04:00:00,252149.04447038128
2022-05-10 04:00:00,253119.58538300946
2022-05-11 04:00:00,257890.01452082684
2022-05-12 04:00:00,254898.74198550274
2022-05-13 04:00:00,247136.35300594952
2022-05-16 04:00:00,250780.19795938535
2022-05-17 04:00:00,247899.2502455029
2022-05-18 04:00:00,254408.34524065035
2022-05-19 04:00:00,252770.90636780375
2022-05-20 04:00:00,253359.6922969572
2022-05-23 04:00:00,252954.4725398771
2022-05-24 04:00:00,261771.40220639628
2022-05-25 04:00:00,256113.60317609232
2022-05-26 04:00:00,249683.66520688456
2022-05-27 04:00:00,241331.07353983654
2022-05-31 04:00:00,243451.46638007794
2022-06-01 04:00:00,245902.80884301008
2022-06-02 04:00:00,238140.58332953352
2022-06-03 04:00:00,242741.73369727033
2022-06-06 04:00:00,240764.1497510423
2022-06-07 04:00:00,240463.95612221112
2022-06-08 04:00:00,241607.99624815717
2022-06-09 04:00:00,245258.82605162397
2022-06-10 04:00:00,251050.6665362431
2022-06-13 04:00:00,258262.22525969282
2022-06-14 04:00:00,258837.8349207951
2022-06-15 04:00:00,255491.91428175702
2022-06-16 04:00:00,262605.365365894
2022-06-17 04:00:00,260768.0164164616
2022-06-21 04:00:00,255070.31560589376
2022-06-22 04:00:00,255939.32315895727
2022-06-23 04:00:00,250925.61205212446
2022-06-24 04:00:00,244348.61061267118
2022-06-27 04:00:00,248131.23926715116
2022-06-28 04:00:00,258004.79449481991
2022-06-29 04:00:00,259753.77432270077
2022-06-30 04:00:00,265393.693189812
2022-07-01 04:00:00,264012.0719778064
2022-07-05 04:00:00,254572.1132070544
2022-07-06 04:00:00,255987.77649135617
2022-07-07 04:00:00,245309.75981353878
2022-07-08 04:00:00,242419.77059613215
2022-07-11 04:00:00,245466.64627933994
2022-07-12 04:00:00,248440.9764738132
2022-07-13 04:00:00,250451.17678928867
2022-07-14 04:00:00,254469.78172875487
2022-07-15 04:00:00,249634.03298760497
2022-07-18 04:00:00,249312.81433674894
2022-07-19 04:00:00,247834.59389294704
2022-07-20 04:00:00,243556.75237946605
2022-07-21 04:00:00,240473.92512421703
2022-07-22 04:00:00,244055.5476404243
2022-07-25 04:00:00,246190.45600185925
2022-07-26 04:00:00,254409.9065404945
2022-07-27 04:00:00,246844.99570904308
2022-07-28 04:00:00,245554.2081901969
2022-07-29 04:00:00,244733.44512867345
2022-08-01 04:00:00,242440.25928887355
2022-08-02 04:00:00,241060.4025333499
2022-08-03 04:00:00,236681.14407075997
2022-08-04 04:00:00,236241.11720628844
2022-08-05 04:00:00,236525.1319324504
2022-08-08 04:00:00,236358.42029727323
2022-08-09 04:00:00,237753.90019906385
2022-08-10 04:00:00,237319.3712410751
2022-08-11 04:00:00,237064.31730888516
2022-08-12 04:00:00,237066.00199077756
2022-08-15 04:00:00,238110.6831198135
2022-08-16 04:00:00,237870.41073426945
2022-08-17 04:00:00,239587.46925744755
2022-08-18 04:00:00,239556.52146081
2022-08-19 04:00:00,239485.8789137519
2022-08-22 04:00:00,239628.57465126208
2022-08-23 04:00:00,239965.539700548
2022-08-24 04:00:00,241504.75993351155
2022-08-25 04:00:00,243088.71943096333
2022-08-26 04:00:00,241188.35000805074
2022-08-29 04:00:00,241825.60023491964
2022-08-30 04:00:00,239252.48067086324
2022-08-31 04:00:00,238819.41180142428
2022-09-01 04:00:00,240671.93824616037
2022-09-02 04:00:00,242040.45928230844
2022-09-06 04:00:00,243586.734867483
2022-09-07 04:00:00,237230.74502983651
2022-09-08 04:00:00,233897.96281060585
2022-09-09 04:00:00,230254.581489872
2022-09-12 04:00:00,228217.73670227436
2022-09-13 04:00:00,237592.6890872231
2022-09-14 04:00:00,237594.29847748188
2022-09-15 04:00:00,238417.99913055805
2022-09-16 04:00:00,243912.9280624924
2022-09-19 04:00:00,242529.38600926974
2022-09-20 04:00:00,245070.17591100314
2022-09-21 04:00:00,247181.46458440402
2022-09-22 04:00:00,252629.31540685275
2022-09-23 04:00:00,253968.29999946215
2022-09-26 04:00:00,255792.3124964104
2022-09-27 04:00:00,254589.11375068285
2022-09-28 04:00:00,249957.54055427172
2022-09-29 04:00:00,252250.59157966234
2022-09-30 04:00:00,253817.81467841723
2022-10-03 04:00:00,254676.04984816365
2022-10-04 04:00:00,248054.27800500783
2022-10-05 04:00:00,249913.5192211791
2022-10-06 04:00:00,248630.12928319562
2022-10-07 04:00:00,257394.50678182233
2022-10-10 04:00:00,258992.1524442297
2022-10-11 04:00:00,263423.6608728033
2022-10-12 04:00:00,262021.27257667598
2022-10-13 04:00:00,260940.82177589473
2022-10-14 04:00:00,265675.4592693029
2022-10-17 04:00:00,257341.93944401605
2022-10-18 04:00:00,254197.8872727514
2022-10-19 04:00:00,255860.4974397327
2022-10-20 04:00:00,255400.10532700075
2022-10-21 04:00:00,261973.97952893903
2022-10-24 04:00:00,260736.15961963346
2022-10-25 04:00:00,257372.94528508795
2022-10-26 04:00:00,261463.92143560064
2022-10-27 04:00:00,257559.801595295
2022-10-28 04:00:00,254618.3403246104
2022-10-31 04:00:00,255406.35854791285
2022-11-01 04:00:00,253387.59087922983
2022-11-02 04:00:00,257997.8181894105
2022-11-03 04:00:00,261643.55104526452
2022-11-04 04:00:00,261363.3681991952
2022-11-07 05:00:00,261394.47534470298
2022-11-08 05:00:00,261013.66199006545
2022-11-09 05:00:00,264761.0117128365
2022-11-10 05:00:00,254704.32213334015
2022-11-11 05:00:00,251316.359447239
2022-11-14 05:00:00,253018.71785163696
2022-11-15 05:00:00,246402.5811441614
2022-11-16 05:00:00,251724.97405416507
2022-11-17 05:00:00,257328.8636682703
2022-11-18 05:00:00,258366.1561907007
2022-11-21 05:00:00,259299.14224070567
2022-11-22 05:00:00,257909.9283315565
2022-11-23 05:00:00,253418.20954962747
2022-11-25 05:00:00,253578.16156829087
2022-11-28 05:00:00,257064.12095511644
2022-11-29 05:00:00,257470.73210204332
2022-11-30 05:00:00,255529.00776160447
2022-12-01 05:00:00,257675.9640824806
2022-12-02 05:00:00,258763.74831557387
2022-12-05 05:00:00,264004.2586610328
2022-12-06 05:00:00,262519.1056674867
2022-12-07 05:00:00,263522.1855654684
2022-12-08 05:00:00,263499.29566526087
2022-12-09 05:00:00,263263.85651349695
2022-12-12 05:00:00,262864.5102771268
2022-12-13 05:00:00,262492.0391175962
2022-12-14 05:00:00,262475.378686688
2022-12-15 05:00:00,262230.41922337015
2022-12-16 05:00:00,261450.84785410797
2022-12-19 05:00:00,261567.54588267242
2022-12-20 05:00:00,261717.51404564857
2022-12-21 05:00:00,259279.8804951267
2022-12-22 05:00:00,260700.85360914038
2022-12-23 05:00:00,260982.6278518772
2022-12-27 05:00:00,263685.2211472721
2022-12-28 05:00:00,264540.69937488745
2022-12-29 05:00:00,258599.4560715885
2022-12-30 05:00:00,259068.14032337378
2023-01-03 05:00:00,258943.8823326122
2023-01-04 05:00:00,256668.40797882192
2023-01-05 05:00:00,260417.35304527395
2023-01-06 05:00:00,257110.8358213143
2023-01-09 05:00:00,255915.60699288413
2023-01-10 05:00:00,254854.0245877938
2023-01-11 05:00:00,253380.38383769488
2023-01-12 05:00:00,252886.79119674946
2023-01-13 05:00:00,253609.20278444505
2023-01-17 05:00:00,255083.7188451903
2023-01-18 05:00:00,256308.4946334975
2023-01-19 05:00:00,255182.11523752508
2023-01-20 05:00:00,255696.1255181342
2023-01-23 05:00:00,253067.17025473708
2023-01-24 05:00:00,253039.8842179634
2023-01-25 05:00:00,251786.66109614866
2023-01-26 05:00:00,252585.33453921278
2023-01-27 05:00:00,254073.01876238783
2023-01-30 05:00:00,252327.7049019142
2023-01-31 05:00:00,252778.43977663954
2023-02-01 05:00:00,255060.79934285898
2023-02-02 05:00:00,258028.00028966684
2023-02-03 05:00:00,255984.09923612632
2023-02-06 05:00:00,254714.80453413713
2023-02-07 05:00:00,256889.04991739977
2023-02-08 05:00:00,260097.089924991
2023-02-09 05:00:00,260850.24466246355
2023-02-10 05:00:00,260864.15573838673
2023-02-13 05:00:00,261379.0433459612
2023-02-14 05:00:00,265948.8694367739
2023-02-15 05:00:00,267203.2776267573
2023-02-16 05:00:00,266015.79112124885
2023-02-17 05:00:00,264219.3899228617
2023-02-21 05:00:00,260235.18728694276
2023-02-22 05:00:00,260250.4870534833
2023-02-23 05:00:00,260092.89724025087
2023-02-24 05:00:00,260342.28682002382
2023-02-27 05:00:00,259923.68704585006
2023-02-28 05:00:00,260247.0872533696
2023-03-01 05:00:00,261529.62612787075
2023-03-02 05:00:00,261513.88546198866
2023-03-03 05:00:00,261986.50720481703
2023-03-06 05:00:00,262251.5364101393
2023-03-07 05:00:00,261276.65721206495
2023-03-08 05:00:00,262156.06541137525
2023-03-09 05:00:00,260614.481518553
2023-03-10 05:00:00,259925.80090036304
2023-03-13 04:00:00,258668.58225975902
2023-03-14 04:00:00,259373.95333825023
2023-03-15 04:00:00,259518.0615287829
2023-03-16 04:00:00,260591.9644153796
2023-03-17 04:00:00,260457.58401758297
2023-03-20 04:00:00,261088.52060587032
2023-03-21 04:00:00,261969.21277887447
2023-03-22 04:00:00,260799.47467691524
2023-03-23 04:00:00,263160.6075275622
2023-03-24 04:00:00,263734.4925678454
2023-03-27 04:00:00,263273.2820041857
2023-03-28 04:00:00,262684.7827436381
2023-03-29 04:00:00,262937.7210786143
2023-03-30 04:00:00,263616.2114159861
2023-03-31 04:00:00,265101.3632561961
2023-04-03 04:00:00,264964.8416497508
2023-04-04 04:00:00,265232.41256989393
2023-04-05 04:00:00,263857.4766415492
2023-04-06 04:00:00,264987.83693589125
2023-04-10 04:00:00,264534.65838517103
2023-04-11 04:00:00,262710.668749816
2023-04-12 04:00:00,262218.191393859
2023-04-13 04:00:00,265462.37208080967
2023-04-14 04:00:00,264635.2195653983
2023-04-17 04:00:00,264849.2325620719
2023-04-18 04:00:00,265856.05898690707
2023-04-19 04:00:00,266315.3394625845
2023-04-20 04:00:00,264919.49996974855
2023-04-21 04:00:00,264897.9392397681
2023-04-24 04:00:00,264651.0221026221
2023-04-25 04:00:00,262596.68804325536
2023-04-26 04:00:00,261066.63521368842
2023-04-27 04:00:00,262463.40053732734
2023-04-28 04:00:00,266373.57126410346
2023-05-01 04:00:00,268617.49482901435
2023-05-02 04:00:00,267360.4065590403
2023-05-03 04:00:00,268434.8644485972
2023-05-04 04:00:00,269543.99455266213
2023-05-05 04:00:00,273157.13834386086
2023-05-08 04:00:00,274132.06815724587
2023-05-09 04:00:00,272067.48328086117
2023-05-10 04:00:00,272746.1436386683
2023-05-11 04:00:00,272180.7882286646
2023-05-12 04:00:00,271877.9322373011
2023-05-15 04:00:00,273442.96714559576
2023-05-16 04:00:00,272572.0960090725
2023-05-17 04:00:00,275061.9700604641
2023-05-18 04:00:00,278094.57926380273
2023-05-19 04:00:00,277241.7220517361
2023-05-22 04:00:00,279326.96664035536
2023-05-23 04:00:00,277402.9764780018
2023-05-24 04:00:00,276123.22610751516
2023-05-25 04:00:00,281910.779052799
2023-05-26 04:00:00,283687.8618863451
2023-05-30 04:00:00,285292.54299291247
2023-05-31 04:00:00,286136.3434842455
2023-06-01 04:00:00,286893.5016263353
2023-06-02 04:00:00,287576.10120519274
2023-06-05 04:00:00,287318.1537450182
2023-06-06 04:00:00,286902.5295153124
2023-06-07 04:00:00,284156.2106620659
2023-06-08 04:00:00,287490.7615272392
2023-06-09 04:00:00,289594.92278212204
2023-06-12 04:00:00,292922.3911506523
2023-06-13 04:00:00,294401.8617469658
2023-06-14 04:00:00,296927.09507424914
2023-06-15 04:00:00,298913.25050027453
2023-06-16 04:00:00,298242.44370706164
2023-06-20 04:00:00,299229.7769132384
2023-06-21 04:00:00,296495.98833403765
2023-06-22 04:00:00,298254.0587380904
2023-06-23 04:00:00,296741.8702310103
2023-06-26 04:00:00,293404.7265994899
2023-06-27 04:00:00,296174.52333069104
2023-06-28 04:00:00,295978.00833392213
2023-06-29 04:00:00,296048.5156505115
2023-06-30 04:00:00,299025.3950679309
2023-07-03 04:00:00,298211.0718715198
2023-07-05 04:00:00,298998.6584130847
2023-07-06 04:00:00,297026.44835296506
2023-07-07 04:00:00,296283.63657012815
2023-07-10 04:00:00,298157.33971038694
2023-07-11 04:00:00,297254.9725494688
2023-07-12 04:00:00,299985.9736993292
2023-07-13 04:00:00,303406.4175698736
2023-07-14 04:00:00,303691.7575585821
2023-07-17 04:00:00,305807.65209289145
2023-07-18 04:00:00,307835.2444352453
2023-07-19 04:00:00,308836.3683222482
2023-07-20 04:00:00,303812.0858362863
2023-07-21 04:00:00,302705.7956408212
2023-07-24 04:00:00,302879.9419878671
2023-07-25 04:00:00,303812.5392321298
2023-07-26 04:00:00,300696.5091315726
2023-07-27 04:00:00,300258.29823794164
2023-07-28 04:00:00,305146.7797557334
2023-07-31 04:00:00,310649.22446741856
2023-08-01 04:00:00,310546.7136432151
2023-08-02 04:00:00,303332.3396019748
2023-08-03 04:00:00,301916.6109117209
2023-08-04 04:00:00,299333.65168171114
2023-08-07 04:00:00,299654.6628704913
2023-08-08 04:00:00,298734.5790234454
2023-08-09 04:00:00,298346.9674149313
2023-08-10 04:00:00,298822.8762703695
2023-08-11 04:00:00,299350.6876869955
2023-08-14 04:00:00,300448.63464363
2023-08-15 04:00:00,298656.99287764076
2023-08-16 04:00:00,298121.71941514686
2023-08-17 04:00:00,296980.2712263651
2023-08-18 04:00:00,296900.0529493876
2023-08-21 04:00:00,297260.1050837565
2023-08-22 04:00:00,297346.26241289236
2023-08-23 04:00:00,298196.3039167986
2023-08-24 04:00:00,296962.92397295096
2023-08-25 04:00:00,297634.68512035086
2023-08-28 04:00:00,297889.80523753836
2023-08-29 04:00:00,298620.70004054357
2023-08-30 04:00:00,299253.61884471227
2023-08-31 04:00:00,299534.8011605387
2023-09-01 04:00:00,299468.8562066202
2023-09-05 04:00:00,299509.0950521021
2023-09-06 04:00:00,298981.4985135584
2023-09-07 04:00:00,299348.9326338632
2023-09-08 04:00:00,299608.9754614694
2023-09-11 04:00:00,300679.1030805528
2023-09-12 04:00:00,300338.7131612718
2023-09-13 04:00:00,299457.31301478745
2023-09-14 04:00:00,300193.6731450975
2023-09-15 04:00:00,300238.6619680345
2023-09-18 04:00:00,300284.1879889014
2023-09-19 04:00:00,299890.384439894
2023-09-20 04:00:00,298446.4607327375
2023-09-21 04:00:00,295678.64494361496
2023-09-22 04:00:00,295865.77415504074
2023-09-25 04:00:00,296396.53569831466
2023-09-26 04:00:00,292749.7420085512
2023-09-27 04:00:00,294721.8246312246
2023-09-28 04:00:00,298104.1564412222
2023-09-29 04:00:00,297407.93201254855
2023-10-02 04:00:00,297513.2120847319
2023-10-03 04:00:00,295449.67345520004
2023-10-04 04:00:00,296234.12320760137
2023-10-05 04:00:00,296163.56787182426
2023-10-06 04:00:00,298112.5532653484
2023-10-09 04:00:00,298405.978798892
2023-10-10 04:00:00,299005.0050630827
2023-10-11 04:00:00,299197.8832369108
2023-10-12 04:00:00,298239.8963972196
2023-10-13 04:00:00,298448.4829183683
2023-10-16 04:00:00,299180.217297183
2023-10-17 04:00:00,298593.59795866295
2023-10-18 04:00:00,298853.8670130758
2023-10-19 04:00:00,298321.6566763906
2023-10-20 04:00:00,297260.4767294912
2023-10-23 04:00:00,296653.3608867912
2023-10-24 04:00:00,294030.12218563765
2023-10-25 04:00:00,297661.08464598004
2023-10-26 04:00:00,298264.5474679405
2023-10-27 04:00:00,300494.7620770866
2023-10-30 04:00:00,298754.7351643974
2023-10-31 04:00:00,297416.0156304771
2023-11-01 04:00:00,297343.4460904533
2023-11-02 04:00:00,292680.3967127181
2023-11-03 04:00:00,286776.78107111
2023-11-06 05:00:00,288408.83802319923
2023-11-07 05:00:00,289085.24744702736
2023-11-08 05:00:00,290138.8470659391
2023-11-09 05:00:00,291860.32441808144
2023-11-10 05:00:00,290180.59140492836
2023-11-13 05:00:00,290412.6241426603
2023-11-14 05:00:00,285436.1919297686
2023-11-15 05:00:00,283767.4993564904
2023-11-16 05:00:00,284420.42421600653
2023-11-17 05:00:00,285853.65355179145
2023-11-20 05:00:00,287341.8287036164
2023-11-21 05:00:00,287309.43631622626
2023-11-22 05:00:00,287058.1122157319
2023-11-24 05:00:00,286479.4357135041
2023-11-27 05:00:00,286817.6877848847
2023-11-28 05:00:00,286915.29447433783
2023-11-29 05:00:00,287056.1127383454
2023-11-30 05:00:00,287128.86171664635
2023-12-01 05:00:00,288672.00598468224
2023-12-04 05:00:00,288541.53817309777
2023-12-05 05:00:00,288455.8129800741
2023-12-06 05:00:00,286700.1867999853
2023-12-07 05:00:00,288560.88849654904
2023-12-08 05:00:00,289354.6690751623
2023-12-11 05:00:00,290698.7440263342
2023-12-12 05:00:00,292436.83856979123
2023-12-13 05:00:00,295478.57949081174
2023-12-14 05:00:00,298079.7274095129
2023-12-15 05:00:00,299174.1010209631
2023-12-18 05:00:00,298403.37621322385
2023-12-19 05:00:00,299115.5182878088
2023-12-20 05:00:00,296047.518562467
2023-12-21 05:00:00,298211.9758683752
2023-12-22 05:00:00,298553.4582749914
2023-12-26 05:00:00,298893.00606551877
2023-12-27 05:00:00,299337.17993128696
2023-12-28 05:00:00,299232.3387649356
2023-12-29 05:00:00,298997.5869970218
2024-01-02 05:00:00,295623.7824639408
2024-01-03 05:00:00,294025.2005060094
2024-01-04 05:00:00,293146.5598140417
2024-01-05 05:00:00,294356.0708503551
2024-01-08 05:00:00,298047.57330168714
2024-01-09 05:00:00,297871.6199821376
2024-01-10 05:00:00,299191.00787962903
2024-01-11 05:00:00,299228.11150549713
2024-01-12 05:00:00,299761.359907139
2024-01-16 05:00:00,301276.980741529
2024-01-17 05:00:00,300422.52215724904
2024-01-18 05:00:00,301524.57331039384
2024-01-19 05:00:00,304752.1929087825
2024-01-22 05:00:00,306535.788215179
2024-01-23 05:00:00,307955.2407181201
2024-01-24 05:00:00,308911.3339319873
2024-01-25 05:00:00,309662.184250896
2024-01-26 05:00:00,308733.5501871753
2024-01-29 05:00:00,310539.90442202333
2024-01-30 05:00:00,309851.5223877216
2024-01-31 05:00:00,306127.90494705684
2024-02-01 05:00:00,309069.4522123614
2024-02-02 05:00:00,313264.0583615338
2024-02-05 05:00:00,314932.4683423077
2024-02-06 05:00:00,311597.0484978709
2024-02-07 05:00:00,313688.9369358974
2024-02-08 05:00:00,312483.5761456896
2024-02-09 05:00:00,315281.1581731249
2024-02-12 05:00:00,314336.0893826891
2024-02-13 05:00:00,310561.84808575036
2024-02-14 05:00:00,312841.691582775
2024-02-15 05:00:00,313043.1244212149
2024-02-16 05:00:00,311888.9929972647
2024-02-20 05:00:00,310149.9029150764
2024-02-21 05:00:00,303522.391123527
2024-02-22 05:00:00,312106.78366043424
2024-02-23 05:00:00,310755.47977503226
2024-02-26 05:00:00,312353.40081079886
2024-02-27 05:00:00,312511.12113245414
2024-02-28 05:00:00,311973.77819454984
2024-02-29 05:00:00,313380.51758969144
2024-03-01 05:00:00,315937.63505184965
2024-03-04 05:00:00,317666.3439446719
2024-03-05 05:00:00,314675.82763376646
2024-03-06 05:00:00,317013.0866979754
2024-03-07 05:00:00,320643.74287168146
2024-03-08 05:00:00,317921.144452492
2024-03-11 04:00:00,316854.77874465566
2024-03-12 04:00:00,319058.0142127908
2024-03-13 04:00:00,317266.44712301577
2024-03-14 04:00:00,315647.27558065736
2024-03-15 04:00:00,314061.13694622007
2024-03-18 04:00:00,315851.3667850072
2024-03-19 04:00:00,315925.0130023534
2024-03-20 04:00:00,318548.6707629735
2024-03-21 04:00:00,324096.5697383458
2024-03-22 04:00:00,323048.3052234227
2024-03-25 04:00:00,322459.19707922917
2024-03-26 04:00:00,323175.7292826624
2024-03-27 04:00:00,323831.805824563
2024-03-28 04:00:00,322837.47039823246
2024-04-01 04:00:00,322416.79021576024
2024-04-02 04:00:00,320754.2725534845
2024-04-03 04:00:00,320125.33099010715
2024-04-04 04:00:00,317827.8116886782
2024-04-05 04:00:00,320411.810582416
2024-04-08 04:00:00,320433.1472539744
2024-04-09 04:00:00,318946.24657528393
2024-04-10 04:00:00,318257.8921441316
2024-04-11 04:00:00,320323.1093937038
2024-04-12 04:00:00,317650.229137051
2024-04-15 04:00:00,315867.54223214375
2024-04-16 04:00:00,317486.1482260708
2024-04-17 04:00:00,315429.46191562456
2024-04-18 04:00:00,315316.13682341814
2024-04-19 04:00:00,316805.5555093312
2024-04-22 04:00:00,317230.12135973404
2024-04-23 04:00:00,317121.164225533
2024-04-24 04:00:00,316767.06283439114
2024-04-25 04:00:00,317083.5723444314
2024-04-26 04:00:00,318119.68339152006
2024-04-29 04:00:00,318883.2725734201
2024-04-30 04:00:00,317382.4799899545
2024-05-01 04:00:00,317311.2234210458
2024-05-02 04:00:00,318466.031665751
2024-05-03 04:00:00,320637.92186541227
2024-05-06 04:00:00,322596.17007351166
2024-05-07 04:00:00,321081.88686755614
2024-05-08 04:00:00,321175.84543778497
2024-05-09 04:00:00,321634.32383133966
2024-05-10 04:00:00,321654.13663651544
2024-05-13 04:00:00,321918.3469331463
2024-05-14 04:00:00,322232.2507722576
2024-05-15 04:00:00,323374.05796219903
2024-05-16 04:00:00,322683.3849177178
2024-05-17 04:00:00,323987.0142435845
2024-05-20 04:00:00,323781.9774164971
2024-05-21 04:00:00,324317.66188381275
2024-05-22 04:00:00,323366.6663126763
2024-05-23 04:00:00,322742.0644792316
2024-05-24 04:00:00,322794.079697515
2024-05-28 04:00:00,323212.0818448876
2024-05-29 04:00:00,322031.52860132605
2024-05-30 04:00:00,324311.849116005
2024-05-31 04:00:00,327440.2196528092
2024-06-03 04:00:00,326135.28420511633
2024-06-04 04:00:00,327521.6587206498
2024-06-05 04:00:00,328332.75054422766
2024-06-06 04:00:00,328751.4831004334
2024-06-07 04:00:00,327815.81475714117
2024-06-10 04:00:00,330257.4865634766
2024-06-11 04:00:00,330649.94950720656
2024-06-12 04:00:00,331654.59277579177
2024-06-13 04:00:00,331159.3120466372
2024-06-14 04:00:00,330491.98015192285
2024-06-17 04:00:00,330661.0063647567
2024-06-18 04:00:00,331678.08515366656
2024-06-20 04:00:00,328754.28299912554
2024-06-21 04:00:00,329319.7615605269
2024-06-24 04:00:00,325804.6438109927
2024-06-25 04:00:00,325588.0539596133
2024-06-26 04:00:00,325720.02908397245
2024-06-27 04:00:00,327790.67417467444
2024-06-28 04:00:00,328110.65111864416
2024-07-01 04:00:00,328831.3016031986
2024-07-02 04:00:00,330455.1478251224
2024-07-03 04:00:00,333727.52024257235
2024-07-05 04:00:00,335323.4821144595
2024-07-08 04:00:00,334819.07859558443
2024-07-09 04:00:00,334949.6852659641
2024-07-10 04:00:00,335984.3651717063
2024-07-11 04:00:00,337265.8972456809
2024-07-12 04:00:00,336641.81406620704
2024-07-15 04:00:00,336619.9902763702
2024-07-16 04:00:00,336849.2906678436
2024-07-17 04:00:00,333309.14362352825
2024-07-18 04:00:00,332179.6054248588
2024-07-19 04:00:00,330776.17471501994
2024-07-22 04:00:00,332033.93406865763
2024-07-23 04:00:00,332148.0537814872
2024-07-24 04:00:00,329726.1710349781
2024-07-25 04:00:00,329407.7489463551
2024-07-26 04:00:00,331127.3322364552
2024-07-29 04:00:00,331018.0384066346
2024-07-30 04:00:00,332581.4155945466
2024-07-31 04:00:00,332763.6346772263
2024-08-01 04:00:00,332855.17410593724
2024-08-02 04:00:00,332757.38436442113
2024-08-05 04:00:00,330934.4766503827
2024-08-06 04:00:00,331409.0466958539
2024-08-07 04:00:00,331745.6164285199
2024-08-08 04:00:00,332313.6727210309
2024-08-09 04:00:00,332670.0712462689
2024-08-12 04:00:00,332598.56371368765
2024-08-13 04:00:00,333781.8150492437
2024-08-14 04:00:00,333547.3451853521
2024-08-15 04:00:00,334293.94429118704
2024-08-16 04:00:00,333678.4348994024
2024-08-19 04:00:00,334302.70487315726
2024-08-20 04:00:00,334118.3457194097
2024-08-21 04:00:00,335150.432348911
2024-08-22 04:00:00,335126.3725344579
2024-08-23 04:00:00,335560.75397366687
2024-08-26 04:00:00,335550.2346924035
2024-08-27 04:00:00,335019.1038749902
2024-08-28 04:00:00,335289.22363741085
2024-08-29 04:00:00,335694.78267366573
2024-08-30 04:00:00,336529.5851600854
2024-09-03 04:00:00,336550.4084737984
2024-09-04 04:00:00,337446.6553075997
2024-09-05 04:00:00,334779.9866636483
2024-09-06 04:00:00,335067.456954786
2024-09-09 04:00:00,335223.14777429885
2024-09-10 04:00:00,336022.79034860915
2024-09-11 04:00:00,334683.29593642533
2024-09-12 04:00:00,335445.81731398875
2024-09-13 04:00:00,336503.1598738032
2024-09-16 04:00:00,337361.6119388476
2024-09-17 04:00:00,338250.5279465687
2024-09-18 04:00:00,337526.0397530567
2024-09-19 04:00:00,341865.44634256477
2024-09-20 04:00:00,342548.144881706
2024-09-23 04:00:00,343513.5648082567
2024-09-24 04:00:00,343117.74818075425
2024-09-25 04:00:00,344127.2335933519
2024-09-26 04:00:00,345184.9227947069
2024-09-27 04:00:00,342518.9759639574
2024-09-30 04:00:00,343631.1978393159
2024-10-01 04:00:00,341673.5012245133
2024-10-02 04:00:00,343484.7761645538
2024-10-03 04:00:00,345796.25673248596
2024-10-04 04:00:00,347803.89120056457
2024-10-07 04:00:00,345049.08051163156
2024-10-08 04:00:00,349024.0830942121
2024-10-09 04:00:00,351348.1222787824
2024-10-10 04:00:00,351845.01818332344
2024-10-11 04:00:00,353424.37352139445
2024-10-14 04:00:00,353665.1370054261
2024-10-15 04:00:00,351023.18221595924
2024-10-16 04:00:00,351325.9847061936
2024-10-17 04:00:00,350727.2725403611
2024-10-18 04:00:00,352713.79690101783
2024-10-21 04:00:00,352609.0315548875
2024-10-22 04:00:00,351864.34841559094
2024-10-23 04:00:00,348702.2633615825
2024-10-24 04:00:00,349300.2722879741
2024-10-25 04:00:00,350953.52425635786
2024-10-28 04:00:00,351462.4648344737
2024-10-29 04:00:00,352006.5675108653
2024-10-30 04:00:00,351119.54788806255
2024-10-31 04:00:00,347762.1997753099
2024-11-01 04:00:00,349087.73557085305
2024-11-04 05:00:00,348524.99688954814
2024-11-05 05:00:00,348804.9833729428
2024-11-06 05:00:00,351130.25703831756
2024-11-07 05:00:00,351082.44904728973
2024-11-08 05:00:00,351999.127839877
2024-11-11 05:00:00,353533.577600314
2024-11-12 05:00:00,353568.6171739834
2024-11-13 05:00:00,354018.49871237454
2024-11-14 05:00:00,353219.1173418301
2024-11-15 05:00:00,353235.2814432194
2024-11-18 05:00:00,353689.9315134098
2024-11-19 05:00:00,354507.96004796226
2024-11-20 05:00:00,354019.8913147469
2024-11-21 05:00:00,355803.6968567391
2024-11-22 05:00:00,356568.64349675376
2024-11-25 05:00:00,356171.06528945547
2024-11-26 05:00:00,358140.79635329824
2024-11-27 05:00:00,356860.2381227352
2024-11-29 05:00:00,357716.55946520343
2024-12-02 05:00:00,357649.38837436785
2024-12-03 05:00:00,357834.76934818376
2024-12-04 05:00:00,360602.4032516872
2024-12-05 05:00:00,361135.10040287126
2024-12-06 05:00:00,362034.27255252947
2024-12-09 05:00:00,361396.5445633327
2024-12-10 05:00:00,361118.5626583223
2024-12-11 05:00:00,362023.82467461866
2024-12-12 05:00:00,360226.91901035164
2024-12-13 05:00:00,358086.54315934377
2024-12-16 05:00:00,358840.5113640268
2024-12-17 05:00:00,357512.6519661386
2024-12-18 05:00:00,351939.0028953989
2024-12-19 05:00:00,354091.7729276399
2024-12-20 05:00:00,357532.03828305355
2024-12-23 05:00:00,358314.0776059677
2024-12-24 05:00:00,360320.5501096298
2024-12-26 05:00:00,360377.0481488754
2024-12-27 05:00:00,357294.53835273284
2024-12-30 05:00:00,356188.3192365219
2024-12-31 05:00:00,354229.20619979396
2025-01-02 05:00:00,356673.67455193726
2025-01-03 05:00:00,362553.0832604334
2025-01-06 05:00:00,364006.6414108507
2025-01-07 05:00:00,360762.79273625964
2025-01-08 05:00:00,360801.09963628405
2025-01-10 05:00:00,359782.9757539083
2025-01-13 05:00:00,359669.97749311756
2025-01-14 05:00:00,359874.59447309806
2025-01-15 05:00:00,360213.5447447045
2025-01-16 05:00:00,360327.6388912575
2025-01-17 05:00:00,360530.57871822285
2025-01-21 05:00:00,361132.85565906455
2025-01-22 05:00:00,361388.5255046456
2025-01-23 05:00:00,362202.0750041573
2025-01-24 05:00:00,362178.0351100533
2025-01-27 05:00:00,361725.11403043603
2025-01-28 05:00:00,361052.30487211084
2025-01-29 05:00:00,360234.06617887353
2025-01-30 05:00:00,360869.7838226113
2025-01-31 05:00:00,360651.2666717324
2025-02-03 05:00:00,359883.015988617
2025-02-04 05:00:00,360671.48465502553
2025-02-05 05:00:00,359504.62374651723
2025-02-06 05:00:00,364217.9737144738
2025-02-07 05:00:00,362519.80009208963
2025-02-10 05:00:00,365811.03222404764
2025-02-11 05:00:00,364965.4196599607
2025-02-12 05:00:00,365274.960294116
2025-02-13 05:00:00,366249.62176262186
2025-02-14 05:00:00,365664.06585686933
2025-02-18 05:00:00,368574.6672964788
2025-02-19 05:00:00,362087.1371095636
2025-02-20 05:00:00,360996.5510766081
2025-02-21 05:00:00,357421.5187737517
2025-02-24 05:00:00,355389.3479824429
2025-02-25 05:00:00,351642.50742656295
2025-02-26 05:00:00,355327.59712535446
2025-02-27 05:00:00,351956.54599981016
2025-02-28 05:00:00,353280.8403037042
2025-03-03 05:00:00,351846.40889196104
2025-03-04 05:00:00,351050.5860998526
2025-03-05 05:00:00,351343.0677969351
2025-03-06 05:00:00,349628.4667684927
2025-03-07 05:00:00,349813.92432263476
2025-03-10 04:00:00,349108.0846050139
2025-03-11 04:00:00,348776.43391493516
2025-03-12 04:00:00,348663.0806911421
2025-03-13 04:00:00,347732.7607238722
2025-03-14 04:00:00,348951.01386549
2025-03-17 04:00:00,347056.437655468
2025-03-18 04:00:00,349488.9946928215
2025-03-19 04:00:00,346140.2839962755
2025-03-20 04:00:00,347338.462581328
2025-03-21 04:00:00,347328.2442318712
2025-03-24 04:00:00,344923.6216155283
2025-03-25 04:00:00,347327.1922120039
2025-03-26 04:00:00,349352.12005700514
2025-03-27 04:00:00,350890.09968270705
2025-03-28 04:00:00,354076.33171166823
2025-03-31 04:00:00,353112.0529946272
2025-04-01 04:00:00,353541.2616127913
2025-04-02 04:00:00,355255.87489946384
2025-04-03 04:00:00,361803.48665183963
2025-04-04 04:00:00,364582.1846831929
2025-04-07 04:00:00,366587.8199676645
2025-04-08 04:00:00,367529.1184600961
2025-04-09 04:00:00,358208.89244183135
2025-04-10 04:00:00,366155.35530289245
2025-04-11 04:00:00,364435.0225001199
2025-04-14 04:00:00,360658.6539947862
2025-04-15 04:00:00,361070.51115153974
2025-04-16 04:00:00,365049.45339320845
2025-04-17 04:00:00,364192.5560738853
2025-04-21 04:00:00,368307.2291447929
2025-04-22 04:00:00,363931.15646908793
2025-04-23 04:00:00,356585.76330596756
2025-04-24 04:00:00,349494.0578956296
2025-04-25 04:00:00,352185.7196044614
2025-04-28 04:00:00,350530.30772396823
2025-04-29 04:00:00,353167.2666473081
2025-04-30 04:00:00,353057.3182744806
2025-05-01 04:00:00,353624.817374212
2025-05-02 04:00:00,348430.59490981605
2025-05-05 04:00:00,349593.09450545814
2025-05-06 04:00:00,351100.4814073136
2025-05-07 04:00:00,348756.2731401017
2025-05-08 04:00:00,346891.422949595
2025-05-09 04:00:00,346410.7642626428
2025-05-12 04:00:00,341389.07253242505
2025-05-13 04:00:00,341799.68165646377
2025-05-14 04:00:00,343116.01273403945
2025-05-15 04:00:00,343046.0718580324
2025-05-16 04:00:00,341546.00880490127
2025-05-19 04:00:00,342736.2414251405
2025-05-20 04:00:00,343900.77184708416
2025-05-21 04:00:00,348645.2325747758
2025-05-22 04:00:00,348503.89405091107
2025-05-23 04:00:00,349186.3024752885
2025-05-27 04:00:00,345624.41181595623
2025-05-28 04:00:00,348181.39215953887
2025-05-29 04:00:00,350888.68881144014
2025-05-30 04:00:00,352283.19191991485
2025-06-02 04:00:00,354178.32188495697
2025-06-03 04:00:00,352104.87719512044
2025-06-04 04:00:00,350751.90855328756
2025-06-05 04:00:00,351930.98194806295
2025-06-06 04:00:00,349630.09892288037
2025-06-09 04:00:00,348053.85326400585
2025-06-10 04:00:00,347044.1026689131
2025-06-11 04:00:00,347175.2202836592
2025-06-12 04:00:00,348318.07395950146
2025-06-13 04:00:00,347198.68333301984
2025-06-16 04:00:00,347237.72558460676
2025-06-17 04:00:00,346453.681442891
2025-06-18 04:00:00,346456.1649099024
2025-06-20 04:00:00,346269.13383537845
2025-06-23 04:00:00,346378.87362895755
2025-06-24 04:00:00,346480.67286906985
2025-06-25 04:00:00,347505.2831272706
2025-06-26 04:00:00,348589.1014256104
2025-06-27 04:00:00,350131.834999524
2025-06-30 04:00:00,351522.6217460317
2025-07-01 04:00:00,347575.01106831257
2025-07-02 04:00:00,347866.1805514974
2025-07-03 04:00:00,350338.11187359516
2025-07-07 04:00:00,351696.9973445043
2025-07-08 04:00:00,350175.3059935674
2025-07-09 04:00:00,351214.84713317006
2025-07-10 04:00:00,348372.50971477863
2025-07-11 04:00:00,349401.79227512714
2025-07-14 04:00:00,350409.30349502154
2025-07-15 04:00:00,349206.7600456197
2025-07-16 04:00:00,347561.4702339131
2025-07-17 04:00:00,348898.9661674458
2025-07-18 04:00:00,350291.3692550618
2025-07-21 04:00:00,349516.49453145755
2025-07-22 04:00:00,346471.0687722156
2025-07-23 04:00:00,348494.9895638416
2025-07-24 04:00:00,349037.47192468145
2025-07-25 04:00:00,350033.3398903797
2025-07-28 04:00:00,350093.54384422954
2025-07-29 04:00:00,350525.1900692051
2025-07-30 04:00:00,349768.0935726231
2025-07-31 04:00:00,350176.66304524883
2025-08-01 04:00:00,346334.0130021015
2025-08-04 04:00:00,349259.52351540717
2025-08-05 04:00:00,348242.4919599488
2025-08-06 04:00:00,348377.1252314637
2025-08-07 04:00:00,346342.40904494026
2025-08-08 04:00:00,346014.7977625916
2025-08-11 04:00:00,344879.7957665838
2025-08-12 04:00:00,346687.75396701565
2025-08-13 04:00:00,344483.9657895254
2025-08-14 04:00:00,345253.22367831937
2025-08-15 04:00:00,344790.4348752188
2025-08-18 04:00:00,345103.96901897946
2025-08-19 04:00:00,341325.0657902197
2025-08-20 04:00:00,340010.755544709
2025-08-21 04:00:00,338122.87721676705
2025-08-22 04:00:00,339019.7872890937
2025-08-25 04:00:00,338113.1033131645
2025-08-26 04:00:00,338910.2420155571
2025-08-27 04:00:00,339003.43623615336
2025-08-28 04:00:00,339279.70049676043
2025-08-29 04:00:00,338922.98352440936
2025-09-02 04:00:00,338873.1229532884
2025-09-03 04:00:00,339696.33445536357
2025-09-04 04:00:00,342515.312612407
2025-09-05 04:00:00,339963.0194442745
2025-09-08 04:00:00,341476.8240020748
2025-09-09 04:00:00,342000.4508823335
2025-09-10 04:00:00,341714.0879050031
2025-09-11 04:00:00,343454.55671603826
2025-09-12 04:00:00,342735.0961371198
2025-09-15 04:00:00,342877.82155517244
2025-09-16 04:00:00,342056.2494802823
2025-09-17 04:00:00,341716.19575042394
2025-09-18 04:00:00,342202.36539764074
2025-09-19 04:00:00,343771.3649932828
2025-09-22 04:00:00,346019.6132232633
2025-09-23 04:00:00,344531.4990378461
2025-09-24 04:00:00,344627.4317771039
2025-09-25 04:00:00,342733.3014499445
2025-09-26 04:00:00,341888.68264501286
2025-09-29 04:00:00,342801.2577769251
2025-09-30 04:00:00,343167.9560166342
2025-10-01 04:00:00,341234.1899579159
2025-10-02 04:00:00,341819.0973294369
2025-10-03 04:00:00,341892.1666882626
2025-10-06 04:00:00,343265.15699130215
2025-10-07 04:00:00,343660.09811526455
2025-10-08 04:00:00,343466.5093865964
2025-10-09 04:00:00,343010.64841705293
2025-10-10 04:00:00,336264.8761918937
2025-10-13 04:00:00,339087.04589251627
2025-10-14 04:00:00,338870.45473941154
2025-10-15 04:00:00,339360.20637973136
2025-10-16 04:00:00,338060.6648428541
2025-10-17 04:00:00,336331.1214959386
2025-10-20 04:00:00,336253.031659818
2025-10-21 04:00:00,337022.4816770223
2025-10-22 04:00:00,336453.34155556234
2025-10-23 04:00:00,336566.1218671468
2025-10-24 04:00:00,336431.59014412435
2025-10-27 04:00:00,337311.9603797811
2025-10-28 04:00:00,336632.22423476155
2025-10-29 04:00:00,335929.82112159336
2025-10-30 04:00:00,335205.752752664
2025-10-31 04:00:00,335173.7218149118
2025-11-03 05:00:00,336334.77436618134
2025-11-04 05:00:00,335597.5239847116
2025-11-05 05:00:00,334956.6957071237
2025-11-06 05:00:00,334050.8381383042
2025-11-07 05:00:00,334942.1367431626
2025-11-10 05:00:00,337689.4747558579
2025-11-11 05:00:00,340443.50200805516
2025-11-12 05:00:00,341709.5940032944
2025-11-13 05:00:00,342031.26719252084
2025-11-14 05:00:00,340788.03658644174
2025-11-17 05:00:00,341900.7023730065
2025-11-18 05:00:00,341909.5565580019
2025-11-19 05:00:00,340748.71592362865
2025-11-20 05:00:00,338104.10064800724
2025-11-21 05:00:00,340626.2381541506
2025-11-24 05:00:00,341271.5692546145
2025-11-25 05:00:00,342589.22928116476
2025-11-26 05:00:00,343126.9876277224
2025-11-28 05:00:00,343676.6481654421
2025-12-01 05:00:00,343048.13972586684
2025-12-02 05:00:00,342637.5023586183
2025-12-03 05:00:00,342616.0594264894
2025-12-04 05:00:00,342799.61650971085
2025-12-05 05:00:00,342567.7697046112
2025-12-08 05:00:00,342586.9291932892
2025-12-09 05:00:00,343055.0749076904
2025-12-10 05:00:00,345786.11597672116
2025-12-11 05:00:00,348373.4631637634
2025-12-12 05:00:00,348503.60556259763
2025-12-15 05:00:00,350649.8154167236
2025-12-16 05:00:00,349059.87575379026
2025-12-17 05:00:00,349168.45862109505
2025-12-18 05:00:00,349535.66730792366
2025-12-19 05:00:00,350813.39837939583
2025-12-22 05:00:00,352856.95443183265
2025-12-23 05:00:00,352296.82773715304
2025-12-24 05:00:00,352893.1460202341
2025-12-26 05:00:00,352702.36499911593
2025-12-29 05:00:00,352213.0782406931
2025-12-30 05:00:00,351709.3565141498
2025-12-31 05:00:00,350554.3255845844
2026-01-02 05:00:00,350145.6808937443
2026-01-05 05:00:00,353208.24542316323
2026-01-06 05:00:00,354018.54551547626
2026-01-07 05:00:00,352979.4826566201
2026-01-08 05:00:00,351696.0400983315
2026-01-09 05:00:00,350869.0190564614
2026-01-12 05:00:00,350971.6307317603
2026-01-13 05:00:00,349781.9728826993
2026-01-14 05:00:00,348662.7073900505
2026-01-15 05:00:00,351725.7997896477
2026-01-16 05:00:00,351656.77848837816
2026-01-20 05:00:00,345553.65428879636
2026-01-21 05:00:00,349324.1416468896
2026-01-22 05:00:00,348627.30627892667
2026-01-23 05:00:00,348406.7268950766
2026-01-26 05:00:00,348521.763104183
2026-01-27 05:00:00,349455.25317834073
2026-01-28 05:00:00,350004.60832177335
2026-01-29 05:00:00,351760.07751427824
2026-01-30 05:00:00,350199.196166622
2026-02-02 05:00:00,351521.3181705826
2026-02-03 05:00:00,351480.9981651657
2026-02-04 05:00:00,351324.70375371247
2026-02-05 05:00:00,351270.823876622
2026-02-06 05:00:00,351872.5035545853
2026-02-09 05:00:00,351729.2807064942
2026-02-10 05:00:00,351693.3513290681
2026-02-11 05:00:00,352103.84240649117
2026-02-12 05:00:00,351386.89392016304
2026-02-13 05:00:00,351713.19121859444
2026-02-17 05:00:00,352060.94608114136
2026-02-18 05:00:00,351181.33894770517
2026-02-19 05:00:00,352310.6577076234
2026-02-20 05:00:00,352436.8483509339
2026-02-23 05:00:00,352194.8018967069
2026-02-24 05:00:00,352020.3340156644
2026-02-25 05:00:00,351695.39201813634
2026-02-26 05:00:00,351808.75455933507
2026-02-27 05:00:00,352379.2344482511
2026-03-02 05:00:00,352751.85337143834
2026-03-03 05:00:00,352743.3328811773
2026-03-04 05:00:00,352890.0039093145
2026-03-05 05:00:00,353392.83336182917
2026-03-06 05:00:00,352795.41220399225
2026-03-09 04:00:00,352830.9852227759
