symbol,entry_date,regime,vix,entry_price,exit_price,stock_move_pct,ic_pnl,ic_return,straddle_sold
NVDA,2021-03-09,CHOPPY,24.030000686645508,12.52025032043457,13.291250228881836,0.06158023112276757,0.2727871525847503,1.1878054695255487,0.4333140012661588
NVDA,2021-05-14,CHOPPY,18.809999465942383,14.243000030517578,14.99174976348877,0.0525696644925151,0.2440261615222837,1.1932579417397429,0.3858568242018769
NVDA,2021-06-01,CHOPPY,17.899999618530273,16.26449966430664,17.457000732421875,0.07331925929035771,0.2623891104702163,1.1807019512306465,0.41930462876258906
NVDA,2021-09-24,CHOPPY,17.75,22.08099937438965,20.742000579833984,-0.060640316674646706,0.3774912192884704,1.2617635421101987,0.5644857850084768
NVDA,2021-10-01,CHOPPY,21.100000381469727,20.742000579833984,20.83099937438965,0.004290752678996232,0.4083983590359206,1.222472466863052,0.6303315309460717
NVDA,2021-12-02,CHOPPY,27.950000762939453,32.125999450683594,30.489999771118164,-0.050924475737380306,0.8607953211572635,1.2558842944533288,1.2932259146516618
NVDA,2022-01-20,CHOPPY,25.59000015258789,24.149999618530273,21.944000244140625,-0.09134573123127451,0.6039846240562807,1.2803439962109686,0.8900683204415111
NVDA,2022-04-07,CHOPPY,21.549999237060547,24.20800018310547,21.257999420166016,-0.12186057256386797,0.5172057004127748,1.2988091306818583,0.7513496702839324
NVDA,2022-08-18,CHOPPY,19.559999465942383,18.77300071716309,17.913000106811523,-0.045810503249239014,0.3511498732559448,1.2527897284798495,0.5288572500315248
NVDA,2023-01-17,CHOPPY,19.36000061035156,17.70199966430664,19.26499938964844,0.08829509405614491,0.3065022020877842,1.1716397771970322,0.49358689669838
NVDA,2023-02-01,CHOPPY,17.8700008392334,20.94300079345703,22.204999923706055,0.060258753876535905,0.33955714706301693,1.1886051215632547,0.5390132103254239
NVDA,2023-03-01,CHOPPY,20.579999923706055,22.697999954223633,24.180999755859375,0.06533614435750258,0.4227253484735488,1.185532692086385,0.6727735156052415
NVDA,2023-04-03,CHOPPY,18.549999237060547,27.96500015258789,27.16900062561035,-0.02846413454797986,0.49192012563935816,1.2422930974418813,0.7471273746613094
NVDA,2023-05-17,CHOPPY,16.8700008392334,30.17799949645996,30.538000106811523,0.011929240385658846,0.4732724709677313,1.2178502667630922,0.7332321145912417
NVDA,2023-06-01,CHOPPY,15.649999618530272,39.77000045776367,38.5099983215332,-0.03168222584177764,0.5911341268679291,1.2442404281794692,0.8964082695952186
NVDA,2023-08-15,CHOPPY,16.459999084472656,43.939998626708984,45.667999267578125,0.03932636993344768,0.6631975238999833,1.2012717214020865,1.0416594851410141
NVDA,2023-09-01,CHOPPY,13.09000015258789,48.50899887084961,45.178001403808594,-0.06866761929903904,0.6139322558029063,1.2666210218126934,0.9145298608262274
NVDA,2023-10-02,CHOPPY,17.610000610351562,44.78200149536133,45.27299880981445,0.010964166362773762,0.7334605622348475,1.2184342521560594,1.1357919812451611
NVDA,2024-04-16,CHOPPY,18.399999618530273,87.41500091552734,82.4229965209961,-0.05710695352340299,1.546525190522332,1.2596254341314914,2.3165394874717182
NVDA,2024-05-01,CHOPPY,15.390000343322754,83.04100036621094,90.41200256347656,0.08876340801242151,1.1426995333284764,1.171356391152747,1.840632681582899
NVDA,2024-07-30,CHOPPY,17.690000534057617,103.7300033569336,104.25,0.005012982032566842,1.711700717192167,1.222035431586114,2.6428235313196953
NVDA,2024-08-01,CHOPPY,18.59000015258789,109.20999908447266,104.97000122070312,-0.03882426425523493,1.9349234231870684,1.2485622169858845,2.9240023941193694
NVDA,2024-10-25,CHOPPY,20.329999923706055,141.5399932861328,135.39999389648438,-0.0433799610067524,2.74850397343529,1.2513189592611758,4.14431229965013
NVDA,2024-11-01,CHOPPY,21.8799991607666,135.39999389648438,147.6300048828125,0.0903250482838144,2.6467705276578575,1.1704114117149669,4.266795936858483
NVDA,2024-12-24,CHOPPY,14.270000457763672,140.22000122070312,138.30999755859375,-0.013621478002293498,1.8837294852487072,1.2333115121852483,2.8818401035140107
NVDA,2025-01-02,CHOPPY,17.93000030517578,138.30999755859375,135.91000366210938,-0.017352280665521955,2.338905655693358,1.2355690947205793,3.571657431300567
NVDA,2025-02-27,CHOPPY,21.1299991607666,120.1500015258789,110.56999969482422,-0.07973368047765915,2.4675826146128284,1.2733173144625278,3.6564461985280596
NVDA,2025-03-03,CHOPPY,22.780000686645508,114.05999755859376,106.9800033569336,-0.06207254386467181,2.504234901470912,1.2626302111309688,3.7421657351101993
NVDA,2025-04-01,CHOPPY,21.770000457763672,110.1500015258789,96.3000030517578,-0.12573761490931215,2.3816823924063346,1.3011552057434215,3.4536543705124703
NVDA,2025-05-28,CHOPPY,19.309999465942383,134.80999755859375,141.9199981689453,0.05274090007502059,2.3708974995653382,1.1931543236995015,3.74921451463514
NVDA,2025-06-02,CHOPPY,18.36000061035156,137.3800048828125,142.6300048828125,0.03821516824430411,2.314154214507728,1.2019441315382127,3.632721847920215
NVDA,2025-10-16,CHOPPY,25.309999465942383,181.80999755859375,182.16000366210935,0.001925120225595936,4.299015716918481,1.2239039578835897,6.6274402963011365
NVDA,2025-11-21,CHOPPY,23.43000030517578,178.8800048828125,179.9199981689453,0.0058139157968724944,3.908025699794015,1.2215507707124436,6.036288930944106
NVDA,2025-12-01,CHOPPY,17.239999771118164,179.9199981689453,185.5500030517578,0.031291712650674396,2.85577458987182,1.2061336515539385,4.46737717351004
NVDA,2026-01-30,CHOPPY,17.440000534057617,191.1300048828125,185.41000366210935,-0.029927280252047588,3.1631562389121877,1.2431784758674695,4.800774333337548
NVDA,2026-02-02,CHOPPY,16.34000015258789,185.61000061035156,190.0399932861328,0.023867208993124625,2.802691865773539,1.210626365670392,4.368067646553985
NVDA,2026-03-02,CHOPPY,21.440000534057617,182.47999572753903,182.6499938964844,0.0009315989309819674,3.656894819321284,1.2245051572837367,5.6347672403395395
AAPL,2021-03-09,CHOPPY,24.030000686645508,121.08999633789062,125.56999969482422,0.03699730359585239,2.6713102272378504,1.2026810855421972,4.190810046412451
AAPL,2021-05-14,CHOPPY,18.809999465942383,127.4499969482422,125.43000030517578,-0.01584932672761653,2.259371553926321,1.2346596275447714,3.452745275687581
AAPL,2021-06-01,CHOPPY,17.899999618530273,124.27999877929688,126.73999786376952,0.019794006345632824,2.0599633324669493,1.2130911412133265,3.203982896881175
AAPL,2021-09-24,CHOPPY,17.75,146.9199981689453,142.64999389648438,-0.029063465325876205,2.4736708257832323,1.2426557643581462,3.7559101874723675
AAPL,2021-10-01,CHOPPY,21.100000381469727,142.64999389648438,142.89999389648438,0.0017525412597032104,2.8122272458853095,1.2240083888317081,4.335010439139544
AAPL,2021-12-02,CHOPPY,27.950000762939453,163.75999450683594,174.55999755859375,0.06595019182970834,4.1407482929708905,1.1851611198071057,6.592127009295197
AAPL,2022-01-20,CHOPPY,25.59000015258789,164.50999450683594,159.22000122070312,-0.032156060195558486,3.99925181036404,1.2445271547255499,6.063152663331298
AAPL,2022-04-07,CHOPPY,21.549999237060547,172.13999938964844,165.2899932861328,-0.03979322718603162,3.5371619374496386,1.2491485556340023,5.342751603015599
AAPL,2022-08-18,CHOPPY,19.559999465942383,174.14999389648438,170.02999877929688,-0.023657739084598794,3.2226282712456165,1.2393846524139598,4.906007742326421
AAPL,2023-01-17,CHOPPY,19.36000061035156,135.94000244140625,142.52999877929688,0.048477241573767725,2.4021445704847224,1.1957343478492417,3.790430754414549
AAPL,2023-02-01,CHOPPY,17.8700008392334,145.42999267578125,151.9199981689453,0.044626320704235695,2.3766793550343777,1.198064616288708,3.742953934961687
AAPL,2023-03-01,CHOPPY,20.579999923706055,145.30999755859375,152.8699951171875,0.05202668560740503,2.7246239029562975,1.193586509010309,4.307019037238693
AAPL,2023-04-03,CHOPPY,18.549999237060547,166.1699981689453,160.8000030517578,-0.03231627355335117,2.928508675878386,1.2446241029994547,4.439483418631407
AAPL,2023-05-17,CHOPPY,16.8700008392334,172.69000244140625,171.83999633789062,-0.0049221500463180095,2.730921510359121,1.2280473766532085,4.195833314720958
AAPL,2023-06-01,CHOPPY,15.649999618530272,180.08999633789062,180.57000732421875,0.0026653950585212574,2.6321102316695324,1.2234560029299197,4.059194370895299
AAPL,2023-08-15,CHOPPY,16.459999084472656,177.4499969482422,177.22999572753906,-0.0012397927556307255,2.7330274074710337,1.2258191093716817,4.206701826044751
AAPL,2023-09-01,CHOPPY,13.09000015258789,189.4600067138672,179.36000061035156,-0.053309436005505924,2.3802216689343805,1.2573274811171122,3.571849298178155
AAPL,2023-10-02,CHOPPY,17.610000610351562,173.75,178.99000549316406,0.030158304996627697,2.818631489710007,1.2068194989589505,4.4067672312901935
AAPL,2024-04-16,CHOPPY,18.399999618530273,169.3800048828125,166.89999389648438,-0.014641698635231171,2.9354985922483374,1.2339288678834752,4.488651439566487
AAPL,2024-05-01,CHOPPY,15.390000343322754,169.3000030517578,182.7400054931641,0.07938571883721376,2.3409670421490003,1.177031016485354,3.752593504833867
AAPL,2024-07-30,CHOPPY,17.690000534057617,218.8000030517578,207.22999572753903,-0.0528793746016624,3.714030584769013,1.2570672424494373,5.574566451408052
AAPL,2024-08-01,CHOPPY,18.59000015258789,218.36000061035156,213.30999755859375,-0.02312696023833228,3.8393511014870256,1.2390634676283732,5.846398405980338
AAPL,2024-10-25,CHOPPY,20.329999923706055,231.41000366210935,222.91000366210935,-0.036731342057326,4.4792029948624155,1.2472957483387017,6.775719725379707
AAPL,2024-11-01,CHOPPY,21.8799991607666,222.91000366210935,226.9600067138672,0.01816878105612928,4.5199541448321385,1.2140745972041045,7.024457465173439
AAPL,2024-12-24,CHOPPY,14.270000457763672,258.20001220703125,243.8500061035156,-0.05557709304835144,3.540088879382269,1.2586996852774952,5.306597799374193
AAPL,2025-01-02,CHOPPY,17.93000030517578,243.8500061035156,236.8500061035156,-0.028706171108433206,4.1465808250262075,1.2424395585552437,6.297076869322775
AAPL,2025-02-27,CHOPPY,21.1299991607666,237.3000030517578,235.3300018310547,-0.008301732808125777,4.708111785395758,1.2300924290744915,7.221595364544459
AAPL,2025-03-03,CHOPPY,22.780000686645508,238.02999877929688,227.47999572753903,-0.044322157315725065,5.181590434548543,1.2518891008966357,7.80946628464218
AAPL,2025-04-01,CHOPPY,21.770000457763672,223.19000244140625,172.4199981689453,-0.2274743658636301,5.05418349188775,1.362718127422333,6.997922076336541
AAPL,2025-05-28,CHOPPY,19.309999465942383,200.4199981689453,202.82000732421875,0.011974898598942879,3.5976520274600547,1.217822638074521,5.5739008958260845
AAPL,2025-06-02,CHOPPY,18.36000061035156,201.6999969482422,201.4499969482422,-0.0012394645700671576,3.4651073727851793,1.2258189107801014,5.333527148032516
AAPL,2025-10-16,CHOPPY,25.309999465942383,247.4499969482422,259.5799865722656,0.04901996271416646,5.714875764644683,1.1954059365451017,9.020186475531121
AAPL,2025-11-21,CHOPPY,23.43000030517578,271.489990234375,283.1000061035156,0.04276406603100835,5.822727362274442,1.199191503451102,9.161404171402406
AAPL,2025-12-01,CHOPPY,17.239999771118164,283.1000061035156,277.8900146484375,-0.01840336044773199,4.6055284610224945,1.2362051239008267,7.029315906838934
AAPL,2026-01-30,CHOPPY,17.440000534057617,259.4800109863281,278.1199951171875,0.07183591545262231,4.081619497405681,1.181599551946698,6.517579369712714
AAPL,2026-02-02,CHOPPY,16.34000015258789,270.010009765625,274.6199951171875,0.017073386855413528,4.090968499656463,1.2147374419161052,6.354301945070816
AAPL,2026-03-02,CHOPPY,21.440000534057617,264.7200012207031,259.8800048828125,-0.018283455407872296,5.35535658006905,1.236132566987926,8.17424170136557
META,2021-03-09,CHOPPY,24.030000686645508,265.739990234375,279.2799987792969,0.05095209243057463,5.821205515311264,1.1942367666110418,9.197009286383839
META,2021-05-14,CHOPPY,18.809999465942383,315.94000244140625,316.2300109863281,0.0009179228419347105,5.554804143423931,1.2245134329559104,8.559124181645055
META,2021-06-01,CHOPPY,17.899999618530273,329.1300048828125,333.67999267578125,0.013824287441033471,5.471634319957866,1.2167035362812013,8.485089450054105
META,2021-09-24,CHOPPY,17.75,352.9599914550781,343.010009765625,-0.028190111996643896,5.940209126031499,1.2421272809723374,9.02318298528607
META,2021-10-01,CHOPPY,21.100000381469727,343.010009765625,330.04998779296875,-0.03778321799271016,6.89432996658696,1.2479322592869928,10.423778735962408
META,2021-12-02,CHOPPY,27.950000762939453,310.3900146484375,329.82000732421875,0.0625986396430587,7.861787539743966,1.187189210372551,12.494690202826575
META,2022-01-20,CHOPPY,25.59000015258789,316.55999755859375,294.6400146484375,-0.06924432360124391,7.834376694672168,1.2669699970006714,11.667081979154657
META,2022-04-07,CHOPPY,21.549999237060547,222.9499969482422,210.17999267578125,-0.057277436408422526,4.620016374328847,1.259728596699586,6.9197540246951705
META,2022-08-18,CHOPPY,19.559999465942383,174.66000366210938,168.77999877929688,-0.0336654343268407,3.2478584018233674,1.2454405068874448,4.92037531020762
META,2023-01-17,CHOPPY,19.36000061035156,135.36000061035156,143.13999938964844,0.0574763500606981,2.3810025552279237,1.1902888091843629,3.7742584965172163
META,2023-02-01,CHOPPY,17.8700008392334,153.1199951171875,183.42999267578125,0.19794931116211548,2.3085691215366797,1.1052858400392749,3.940872702392938
META,2023-03-01,CHOPPY,20.579999923706055,173.4199981689453,184.97000122070312,0.0666013330279581,3.227671511218957,1.1847671013800012,5.140205396055856
META,2023-04-03,CHOPPY,18.549999237060547,213.07000732421875,213.8500061035156,0.0036607629064843395,3.6893725366501373,1.2228536861437922,5.6924882647096275
META,2023-05-17,CHOPPY,16.8700008392334,242.4900054931641,249.2100067138672,0.027712487395248696,3.7730741843306763,1.2082995115996351,5.89175765331468
META,2023-06-01,CHOPPY,15.649999618530272,272.6099853515625,264.5799865722656,-0.02945599651803382,4.047638627034322,1.2428932927518943,6.144577380704242
META,2023-08-15,CHOPPY,16.459999084472656,301.95001220703125,287.6000061035156,-0.047524442865982,4.756792714064985,1.2538268672659638,7.158149842606327
META,2023-09-01,CHOPPY,13.09000015258789,296.3800048828125,307.55999755859375,0.03772181824547097,3.5603483007354733,1.2022426673873874,5.587589332420453
META,2023-10-02,CHOPPY,17.610000610351562,306.82000732421875,318.3599853515625,0.03761155645612568,4.958737083584548,1.2023093889785332,7.781780455715593
META,2024-04-16,CHOPPY,18.399999618530273,499.760009765625,496.1000061035156,-0.007323522471967746,8.630179324302567,1.2295004946383559,13.243880166518187
META,2024-05-01,CHOPPY,15.390000343322754,439.19000244140625,472.6000061035156,0.07607186747509516,6.0831712906481386,1.1790362935356624,9.734799296168587
META,2024-07-30,CHOPPY,17.690000534057617,463.19000244140625,494.0899963378906,0.06671127125718401,7.409815920795311,1.1847005755814883,11.801112487309597
META,2024-08-01,CHOPPY,18.59000015258789,497.739990234375,509.6300048828125,0.02388800353943582,8.550654112141704,1.2106137824788321,13.326553752358654
META,2024-10-25,CHOPPY,20.329999923706055,573.25,567.1599731445312,-0.010623684004306586,10.955362874926996,1.231497487701702,16.784846251700337
META,2024-11-01,CHOPPY,21.8799991607666,567.1599731445312,589.3400268554688,0.0391072268163841,11.380304002629114,1.2014043292397234,17.87264385559685
META,2024-12-24,CHOPPY,14.270000457763672,607.75,599.239990234375,-0.014002484188605512,8.166100411049829,1.2335420665698447,12.490645469000642
META,2025-01-02,CHOPPY,17.93000030517578,599.239990234375,615.8599853515625,0.02773512346979226,9.909746809533932,1.208285814062893,15.474513788103966
META,2025-02-27,CHOPPY,21.1299991607666,658.239990234375,627.9299926757812,-0.046047031490446935,13.302195864715483,1.2529328564002107,20.031785929634193
META,2025-03-03,CHOPPY,22.780000686645508,655.0499877929688,597.989990234375,-0.08710785225848718,14.554453839917047,1.2777795717641574,21.491370082170498
META,2025-04-01,CHOPPY,21.770000457763672,586.0,510.4500122070313,-0.12892489384465647,12.689374853499132,1.3030838913130398,18.37350370480768
META,2025-05-28,CHOPPY,19.309999465942383,643.5800170898438,687.9500122070312,0.06894246859593443,11.225610875672091,1.1833504339097005,17.89866912766335
META,2025-06-02,CHOPPY,18.36000061035156,670.9000244140625,694.0599975585938,0.03452075167944472,11.322272311747154,1.20417969612523,17.740523291858505
META,2025-10-16,CHOPPY,25.309999465942383,712.0700073242188,734.0,0.030797523347723472,16.59700499050455,1.2064326952826478,25.956776435284137
META,2025-11-21,CHOPPY,23.43000030517578,594.25,640.8699951171875,0.07845182182109803,12.515541750410359,1.1775961360544378,20.052910327028922
META,2025-12-01,CHOPPY,17.239999771118164,640.8699951171875,666.7999877929688,0.04046061271918304,10.12539647350103,1.2005853686423604,15.912672390567966
META,2026-01-30,CHOPPY,17.440000534057617,716.5,661.4600219726562,-0.07681783395302687,12.128550770064667,1.2715528780170957,17.996937801290645
META,2026-02-02,CHOPPY,16.34000015258789,706.4099731445312,677.219970703125,-0.04132161712195134,11.014282062808668,1.2500734146356631,16.624355038785605
META,2026-03-02,CHOPPY,21.440000534057617,653.5599975585938,647.3900146484375,-0.009440576126452861,13.16445953415528,1.2307815657075476,20.181162593504943
AMZN,2021-03-09,CHOPPY,24.030000686645508,153.1425018310547,154.59300231933594,0.009471573671177371,3.42519443794219,1.2193374495366454,5.300116893351465
AMZN,2021-05-14,CHOPPY,18.809999465942383,161.14500427246094,160.1540069580078,-0.006149724088111136,2.843119849253154,1.2287902060032823,4.365576033935468
AMZN,2021-06-01,CHOPPY,17.899999618530273,160.9324951171875,163.20550537109375,0.014123998091566864,2.6750296062173757,1.2165221754343878,4.148897384715593
AMZN,2021-09-24,CHOPPY,17.75,171.2760009765625,164.16299438476562,-0.041529499470099276,2.9012549066616033,1.2501992083591447,4.378554893511923
AMZN,2021-10-01,CHOPPY,21.100000381469727,164.16299438476562,164.43099975585938,0.0016325565459996323,3.2365303194202575,1.224080993956829,4.988771993182007
AMZN,2021-12-02,CHOPPY,27.950000762939453,171.8679962158203,174.17100524902344,0.013399871319330217,4.462364749084527,1.2169603588769162,6.918513055033471
AMZN,2022-01-20,CHOPPY,25.59000015258789,151.66749572753906,139.6374969482422,-0.07931823968998603,3.7715988473594226,1.2730659230190835,5.589831690274631
AMZN,2022-04-07,CHOPPY,21.549999237060547,157.7845001220703,151.7064971923828,-0.03852091254201294,3.240184407371162,1.2483786528599707,4.897196432829196
AMZN,2022-08-18,CHOPPY,19.559999465942383,142.3000030517578,137.27999877929688,-0.035277611839790654,2.6481865987986595,1.2464160674103753,4.008756481036491
AMZN,2023-01-17,CHOPPY,19.36000061035156,96.0500030517578,96.31999969482422,0.002811000879624431,1.7364873545456794,1.2233678939655928,2.6781733043290052
AMZN,2023-02-01,CHOPPY,17.8700008392334,105.1500015258789,100.0500030517578,-0.048502124584999896,1.7992358542767763,1.254418481825405,2.706261650235634
AMZN,2023-03-01,CHOPPY,20.579999923706055,92.16999816894533,93.91999816894533,0.018986655471038345,1.7571751073551958,1.2135796852074472,2.731938224799904
AMZN,2023-04-03,CHOPPY,18.549999237060547,102.41000366210938,99.91999816894533,-0.02431408460231629,1.797808121876883,1.2397818200777835,2.736038503759718
AMZN,2023-05-17,CHOPPY,16.8700008392334,115.5,116.75,0.010822510822510822,1.8123477646120316,1.218519970727262,2.8062930163817787
AMZN,2023-06-01,CHOPPY,15.649999618530272,122.7699966430664,124.25,0.012055089984538,1.786015031021976,1.2177741126798682,2.7672124461225196
AMZN,2023-08-15,CHOPPY,16.459999084472656,137.6699981689453,134.25,-0.024842000540657907,2.1450531775888217,1.2401012724611191,3.2636609898494373
AMZN,2023-09-01,CHOPPY,13.09000015258789,138.1199951171875,143.10000610351562,0.036055684639308375,1.6605967736264964,1.2032508778102746,2.603946955247241
AMZN,2023-10-02,CHOPPY,17.610000610351562,129.4600067138672,128.25999450683594,-0.00926936617331961,2.141663410494374,1.2306779631761464,3.283453901290811
AMZN,2024-04-16,CHOPPY,18.399999618530273,183.32000732421875,179.5399932861328,-0.02061975718449883,3.18640471454947,1.2375463094354051,4.858068196104364
AMZN,2024-05-01,CHOPPY,15.390000343322754,179.0,188.0,0.05027932960893855,2.5121288764699328,1.194643868710415,3.967597313981785
AMZN,2024-07-30,CHOPPY,17.690000534057617,181.7100067138672,161.92999267578125,-0.10885484182075278,3.167555579242695,1.2909391055866501,4.6295909194875025
AMZN,2024-08-01,CHOPPY,18.59000015258789,184.07000732421875,165.8000030517578,-0.09925573719503562,3.3567689517454484,1.2851304973824618,4.928313768094419
AMZN,2024-10-25,CHOPPY,20.329999923706055,187.8300018310547,197.92999267578125,0.05377197863103407,3.4760306281338726,1.1925303976571102,5.499690714680933
AMZN,2024-11-01,CHOPPY,21.8799991607666,197.92999267578125,208.17999267578125,0.051785986860465295,3.946186447305141,1.193732160586235,6.237274199414721
AMZN,2024-12-24,CHOPPY,14.270000457763672,229.0500030517578,220.22000122070312,-0.038550542298222086,3.1147174551712693,1.2483965824119154,4.707498778762686
AMZN,2025-01-02,CHOPPY,17.93000030517578,220.22000122070312,218.94000244140625,-0.005812363873407067,3.7030061951271156,1.2285860626599905,5.686865864831858
AMZN,2025-02-27,CHOPPY,21.1299991607666,208.7400054931641,200.6999969482422,-0.038516855098890954,4.203029580756008,1.2483761976208287,6.3524476893311705
AMZN,2025-03-03,CHOPPY,22.780000686645508,205.02000427246097,194.5399932861328,-0.051117016719991686,4.477665897534568,1.2560008048128726,6.726449688081241
AMZN,2025-04-01,CHOPPY,21.770000457763672,192.1699981689453,170.66000366210938,-0.11193211589628851,4.128455196314409,1.2928012250382708,6.025317701894201
AMZN,2025-05-28,CHOPPY,19.309999465942383,204.72000122070312,207.22999572753903,0.012260621785215562,3.6743177835093075,1.2176497413191854,5.69348871680812
AMZN,2025-06-02,CHOPPY,18.36000061035156,206.6499938964844,216.97999572753903,0.049987912587256884,3.4603692577692424,1.194820210918254,5.464419282418134
AMZN,2025-10-16,CHOPPY,25.309999465942383,214.47000122070312,221.08999633789065,0.030866764953179335,4.9987164468123355,1.2063907958166866,7.817981120536328
AMZN,2025-11-21,CHOPPY,23.43000030517578,220.69000244140625,233.8800048828125,0.059767104515340376,4.692594611385871,1.1889026283229345,7.447163363953409
AMZN,2025-12-01,CHOPPY,17.239999771118164,233.8800048828125,226.88999938964844,-0.02988714446395904,3.8261953919600797,1.2431541889076891,5.80719322914174
AMZN,2026-01-30,CHOPPY,17.440000534057617,239.3000030517578,210.32000732421875,-0.12110319831993911,4.136119274521501,1.2983508285361414,6.010701005961124
AMZN,2026-02-02,CHOPPY,16.34000015258789,242.9600067138672,208.72000122070312,-0.14092856662408784,3.970865209947939,1.3103475513006804,5.717718556346986
AMZN,2026-03-02,CHOPPY,21.440000534057617,208.38999938964844,213.4900054931641,0.024473372611224217,4.127546600898362,1.2102595640672777,6.434837622028498
MSFT,2021-03-09,CHOPPY,24.030000686645508,233.77999877929688,237.7100067138672,0.01681071073270254,5.2096935121314765,1.2148963924371086,8.09090426265046
MSFT,2021-05-14,CHOPPY,18.809999465942383,248.1499938964844,245.1699981689453,-0.012008848683599783,4.3908021783495315,1.2323356782657195,6.722626438633317
MSFT,2021-06-01,CHOPPY,17.899999618530273,247.3999938964844,252.57000732421875,0.020897387046410164,4.098442397231036,1.2124234637120623,6.378060483734806
MSFT,2021-09-24,CHOPPY,17.75,299.3500061035156,289.1000061035156,-0.034240854488092234,5.0528198495345364,1.2457887050163148,7.652680040543054
MSFT,2021-10-01,CHOPPY,21.100000381469727,289.1000061035156,294.8500061035156,0.019889311236960493,5.6482660472561035,1.213033470337214,8.785500161489546
MSFT,2021-12-02,CHOPPY,27.950000762939453,329.489990234375,333.1000061035156,0.010956374931368095,8.565241763679612,1.2184389669054188,13.263556037953856
MSFT,2022-01-20,CHOPPY,25.59000015258789,301.6000061035156,299.8399963378906,-0.0058355760278762285,7.238090027733649,1.2286001087940983,11.115719052505835
MSFT,2022-04-07,CHOPPY,21.549999237060547,301.3699951171875,279.8299865722656,-0.07147363338724566,6.287638493808994,1.2683189964769301,9.353694842698962
MSFT,2022-08-18,CHOPPY,19.559999465942383,290.1700134277344,278.8500061035156,-0.0390116373173686,5.4098196933553595,1.2486756001344588,8.174426542406927
MSFT,2023-01-17,CHOPPY,19.36000061035156,240.3500061035156,242.0399932861328,0.007031359016855446,4.336215199111711,1.2208140717231668,6.7017069192062735
MSFT,2023-02-01,CHOPPY,17.8700008392334,252.75,266.7300109863281,0.05531161616747032,4.108256645470644,1.1915987325097528,6.505065355883161
MSFT,2023-03-01,CHOPPY,20.579999923706055,246.27000427246097,253.6999969482422,0.030170108201894717,4.6688339870968765,1.2068123566058226,7.299494972977609
MSFT,2023-04-03,CHOPPY,18.549999237060547,287.2300109863281,282.8299865722656,-0.015318818527886826,5.0201861392110505,1.2343386065327615,7.673785190818083
MSFT,2023-05-17,CHOPPY,16.8700008392334,314.0,313.8500061035156,-0.00047768756842157643,4.954724597621352,1.2253579444385463,7.6292294990812
MSFT,2023-06-01,CHOPPY,15.649999618530272,332.5799865722656,325.260009765625,-0.022009673167901467,4.920154668240475,1.2383873751075822,7.496289837408009
MSFT,2023-08-15,CHOPPY,16.459999084472656,321.8599853515625,322.4599914550781,0.0018641835916951527,4.949587589707404,1.2239408318468825,7.63014376666388
MSFT,2023-09-01,CHOPPY,13.09000015258789,328.6600036621094,337.94000244140625,0.0282358628244814,3.966971287002927,1.2079828067682319,6.196157298741466
MSFT,2023-10-02,CHOPPY,17.610000610351562,321.79998779296875,329.82000732421875,0.024922373634177108,5.234054080597968,1.2099878646612074,8.161713043082813
MSFT,2024-04-16,CHOPPY,18.399999618530273,414.5799865722656,407.5700073242187,-0.016908629155028013,7.193009064302236,1.235300632410381,10.986568661575749
MSFT,2024-05-01,CHOPPY,15.390000343322754,394.94000244140625,410.5400085449219,0.039499686046186366,5.5729466639855225,1.2011668443918213,8.753982641734543
MSFT,2024-07-30,CHOPPY,17.690000534057617,422.9200134277344,399.6099853515625,-0.05511687159764769,7.186607142870324,1.2584211961685066,10.775117393054124
MSFT,2024-08-01,CHOPPY,18.59000015258789,417.1099853515625,402.69000244140625,-0.03457117646800596,7.374895007073392,1.2459885893844265,11.167755754999082
MSFT,2024-10-25,CHOPPY,20.329999923706055,428.1499938964844,410.3699951171875,-0.04152749978456293,8.306611807436168,1.250197998309847,12.53629624111457
MSFT,2024-11-01,CHOPPY,21.8799991607666,410.3699951171875,422.5400085449219,0.029656197023515424,8.273444196317861,1.2071233344317083,12.93179547048794
MSFT,2024-12-24,CHOPPY,14.270000457763672,439.3299865722656,418.5799865722656,-0.04723101230101629,5.999329229467057,1.253649306623229,9.02923094393251
MSFT,2025-01-02,CHOPPY,17.93000030517578,418.5799865722656,418.9500122070313,0.0008840022137604013,7.015221481135933,1.2245339589994098,10.809228154321751
MSFT,2025-02-27,CHOPPY,21.1299991607666,392.5299987792969,396.8900146484375,0.011107471741521796,7.7135681067428115,1.218347535234934,11.945608020118456
MSFT,2025-03-03,CHOPPY,22.780000686645508,388.489990234375,380.1600036621094,-0.021441959333984812,8.363371461907908,1.238043840229914,12.745870252553228
MSFT,2025-04-01,CHOPPY,21.770000457763672,382.19000244140625,354.55999755859375,-0.0722938975543937,8.058384448088741,1.2688153545599676,11.983224276105178
MSFT,2025-05-28,CHOPPY,19.309999465942383,457.3599853515625,463.8699951171875,0.014233885722689316,8.200654487015967,1.2164556802537887,12.719684938411925
MSFT,2025-06-02,CHOPPY,18.36000061035156,461.9700012207031,472.75,0.023334845879195522,7.840142198952501,1.2109485091276984,12.215813487193548
MSFT,2025-10-16,CHOPPY,25.309999465942383,511.6099853515625,520.5599975585938,0.01749381846189159,12.004232431308168,1.2144830304294187,18.649494958692994
MSFT,2025-11-21,CHOPPY,23.43000030517578,472.1199951171875,486.739990234375,0.030966693358451362,10.185977933941835,1.2063303271607726,15.93164480552342
MSFT,2025-12-01,CHOPPY,17.239999771118164,486.739990234375,491.0199890136719,0.008793193214381195,7.812970395060794,1.2197479509782432,12.08565553544377
MSFT,2026-01-30,CHOPPY,17.440000534057617,430.2900085449219,401.1400146484375,-0.06774499364988426,7.252283522893347,1.2660627227708516,10.807958855966193
MSFT,2026-02-02,CHOPPY,16.34000015258789,423.3699951171875,413.6000061035156,-0.02307671570104436,6.542847897164761,1.2390330636643698,9.963411303873293
MSFT,2026-03-02,CHOPPY,21.440000534057617,398.5499877929687,409.4100036621094,0.02724881746774018,7.883059838812852,1.208580087450194,12.306753986374778
GOOGL,2021-03-09,CHOPPY,24.030000686645508,102.01799774169922,104.19450378417967,0.021334530089398347,2.268307581141057,1.2121589398043735,3.5307462447830105
GOOGL,2021-05-14,CHOPPY,18.809999465942383,113.91899871826172,114.7064971923828,0.006912793151111501,1.9969711377000636,1.2208858182753037,3.0861772777858243
GOOGL,2021-06-01,CHOPPY,17.899999618530273,119.05899810791016,119.9219970703125,0.00724849844293295,1.9857740141596696,1.2206826763586045,3.0693836289375485
GOOGL,2021-09-24,CHOPPY,17.75,142.21499633789062,136.54299926757812,-0.03988325574917797,2.407069216233036,1.2492030336994981,3.6356300041782346
GOOGL,2021-10-01,CHOPPY,21.100000381469727,136.54299926757812,139.78550720214844,0.023747156221580374,2.6625629598599065,1.2106990119786587,4.14942413278969
GOOGL,2021-12-02,CHOPPY,27.950000762939453,142.96600341796875,147.6385040283203,0.03268259934979967,3.676365407079401,1.2052919984824648,5.755068906669021
GOOGL,2022-01-20,CHOPPY,25.59000015258789,133.3074951171875,129.0050048828125,-0.03227493120767727,3.240903731422555,1.244599085927798,4.913158598568996
GOOGL,2022-04-07,CHOPPY,21.549999237060547,135.8885040283203,126.7300033569336,-0.06739717047350827,2.829598330859741,1.2658522480823593,4.217605003502509
GOOGL,2022-08-18,CHOPPY,19.559999465942383,120.16999816894533,116.6500015258789,-0.029291809076319585,2.2298508584949253,1.2427939396811494,3.38532852181799
GOOGL,2023-01-17,CHOPPY,19.36000061035156,91.29000091552734,97.6999969482422,0.07021575165330723,1.5954047637518278,1.1825799451295809,2.545449616200313
GOOGL,2023-02-01,CHOPPY,17.8700008392334,100.43000030517578,99.37000274658205,-0.010554590813230413,1.6870137376195644,1.2314556780442196,2.5847822578695716
GOOGL,2023-03-01,CHOPPY,20.579999923706055,90.36000061035156,94.25,0.04305001508823366,1.7019988559365968,1.1990184700167825,2.678289514640953
GOOGL,2023-04-03,CHOPPY,18.549999237060547,104.36000061035156,105.3499984741211,0.009486372728818597,1.8018162054679263,1.2193284943339489,2.788135628472336
GOOGL,2023-05-17,CHOPPY,16.8700008392334,120.83999633789062,120.9000015258789,0.0004965672774475747,1.9058625586188565,1.224768403547876,2.9360384227066856
GOOGL,2023-06-01,CHOPPY,15.649999618530272,123.72000122070312,122.13999938964844,-0.012770787386561165,1.8220383836550769,1.2327967424559414,2.788625369173684
GOOGL,2023-08-15,CHOPPY,16.459999084472656,129.77999877929688,129.0800018310547,-0.005393719793699477,2.0029282604390835,1.2283327328411335,3.0766174541450835
GOOGL,2023-09-01,CHOPPY,13.09000015258789,135.66000366210938,136.9199981689453,0.009287884953727605,1.652976857697285,1.2194486032153264,2.5575692584195657
GOOGL,2023-10-02,CHOPPY,17.610000610351562,134.1699981689453,138.4199981689453,0.031676232078712924,2.1748946576857064,1.205900971237236,3.4029119502340914
GOOGL,2024-04-16,CHOPPY,18.399999618530273,154.39999389648438,158.25999450683594,0.025000004941317898,2.6238623202257267,1.2099408884206992,4.091673957336372
GOOGL,2024-05-01,CHOPPY,15.390000343322754,163.86000061035156,169.3800048828125,0.03368731997985981,2.318977466520715,1.2046840221427706,3.6320139569311984
GOOGL,2024-07-30,CHOPPY,17.690000534057617,170.2899932861328,158.2899932861328,-0.07046802791187375,2.9150690956846055,1.2677104846998242,4.3386328626276125
GOOGL,2024-08-01,CHOPPY,18.59000015258789,170.75999450683594,162.02999877929688,-0.05112436172624484,3.0434682585576995,1.2560052494215364,4.571949793457959
GOOGL,2024-10-25,CHOPPY,20.329999923706055,165.27000427246094,171.2899932861328,0.0364251761242012,3.085451268814813,1.2030272911994175,4.839130591768189
GOOGL,2024-11-01,CHOPPY,21.8799991607666,171.2899932861328,178.35000610351562,0.041216726569597996,3.4333540976872694,1.2001278291857056,5.397780504602851
GOOGL,2024-12-24,CHOPPY,14.270000457763672,196.11000061035156,189.42999267578125,-0.03406255628871643,2.6609842252319975,1.2456808132468145,4.030506771780174
GOOGL,2025-01-02,CHOPPY,17.93000030517578,189.42999267578125,192.0399932861328,0.013778180389938076,3.1545365602254822,1.2167314365704165,4.891758029024906
GOOGL,2025-02-27,CHOPPY,21.1299991607666,168.5,172.35000610351562,0.022848700911071957,3.2918675207359325,1.2112426850701816,5.127849992738243
GOOGL,2025-03-03,CHOPPY,22.780000686645508,167.00999450683594,165.8699951171875,-0.006825935136485354,3.5696885726466414,1.2291993946929047,5.479388850095021
GOOGL,2025-04-01,CHOPPY,21.770000457763672,157.07000732421875,144.6999969482422,-0.07875475774596988,3.3219879777609655,1.2727249489417558,4.924789012774236
GOOGL,2025-05-28,CHOPPY,19.309999465942383,172.36000061035156,168.0500030517578,-0.025005787557040082,3.1508113889910927,1.2402003832265696,4.793521457857613
GOOGL,2025-06-02,CHOPPY,18.36000061035156,169.02999877929688,176.08999633789062,0.04176771939643694,2.842203116994129,1.199794412520379,4.469638576904003
GOOGL,2025-10-16,CHOPPY,25.309999465942383,251.4600067138672,253.0800018310547,0.006442356931258933,5.932655849394893,1.2211704885432846,9.166361607075794
GOOGL,2025-11-21,CHOPPY,23.43000030517578,299.6600036621094,314.8900146484375,0.05082430354469721,6.400758312579953,1.1943140941952128,10.111998623531237
GOOGL,2025-12-01,CHOPPY,17.239999771118164,314.8900146484375,313.7200012207031,-0.0037156256893082166,5.085864580048021,1.2273172848840344,7.818655390857368
GOOGL,2026-01-30,CHOPPY,17.440000534057617,338.0,322.8599853515625,-0.04479294274685651,5.634296098497273,1.252173982479274,8.489832486861461
GOOGL,2026-02-02,CHOPPY,16.34000015258789,343.69000244140625,324.32000732421875,-0.05635891349644301,5.397791176066808,1.2591727803052148,8.088255886922513
GOOGL,2026-03-02,CHOPPY,21.440000534057617,306.5199890136719,306.3599853515625,-0.0005220007433258725,6.147065833193302,1.2253847592177722,9.464976068841597
JPM,2021-03-09,CHOPPY,24.030000686645508,151.8300018310547,153.50999450683594,0.011064958542585166,3.3931537306433293,1.2183732608130748,5.254692511880943
JPM,2021-05-14,CHOPPY,18.809999465942383,164.00999450683594,162.66000366210938,-0.008231149868554473,2.8966335710392253,1.2300497179407082,4.443191426116658
JPM,2021-06-01,CHOPPY,17.899999618530273,166.0500030517578,165.0,-0.0063234148296313275,2.7881657820495813,1.2288953097088384,4.280828572823623
JPM,2021-09-24,CHOPPY,17.75,163.0399932861328,167.1300048828125,0.025085940659368016,2.6726973961232954,1.2098888870167805,4.168006938338288
JPM,2021-10-01,CHOPPY,21.100000381469727,167.1300048828125,170.22000122070312,0.01848857923541171,3.267569460993152,1.2138810809960525,5.078936886504071
JPM,2021-12-02,CHOPPY,27.950000762939453,161.2100067138672,160.4600067138672,-0.004652316660039475,4.223213047884048,1.227884095130357,6.489477742274731
JPM,2022-01-20,CHOPPY,25.59000015258789,147.66000366210938,145.30999755859375,-0.015914980666620785,3.5612804995444685,1.234699356042752,5.442132237346988
JPM,2022-04-07,CHOPPY,21.549999237060547,131.08999633789062,126.12000274658205,-0.037912836449382356,2.6912058234800824,1.248010693980664,4.068672537219094
JPM,2022-08-18,CHOPPY,19.559999465942383,121.63999938964844,118.5500030517578,-0.025402798038435356,2.2528538819929462,1.2404406221268944,3.426740164785291
JPM,2023-01-17,CHOPPY,19.36000061035156,140.8000030517578,138.4499969482422,-0.016690383896169145,2.570076549390889,1.2351685678845152,3.9259427115214365
JPM,2023-02-01,CHOPPY,17.8700008392334,139.58999633789062,142.63999938964844,0.02184972513628409,2.307483072885939,1.2118471850842427,3.592649057192758
JPM,2023-03-01,CHOPPY,20.579999923706055,142.5500030517578,137.8000030517578,-0.0333216408159272,2.788526867234716,1.245232470629283,4.2252122167628805
JPM,2023-04-03,CHOPPY,18.549999237060547,130.16000366210938,128.52000427246094,-0.012599872030626368,2.271895162505368,1.232693318191136,3.477421823399454
JPM,2023-05-17,CHOPPY,16.8700008392334,138.4499969482422,135.33999633789062,-0.02246298792996144,2.208373643495505,1.2386616848425682,3.363907009124941
JPM,2023-06-01,CHOPPY,15.649999618530272,137.5800018310547,140.72999572753906,0.02289572506586023,1.9906843550925761,1.2112142298233697,3.1010271549596466
JPM,2023-08-15,CHOPPY,16.459999084472656,150.8300018310547,146.3800048828125,-0.029503393848835508,2.3554462903591515,1.2429219738148982,3.5756373910228807
JPM,2023-09-01,CHOPPY,13.09000015258789,146.82000732421875,144.4600067138672,-0.0160741077007307,1.8114726422093153,1.2347956469606949,2.7679664390149017
JPM,2023-10-02,CHOPPY,17.610000610351562,143.77000427246094,144.77000427246094,0.006955553803176379,2.3594202250446568,1.220859942958377,3.6463939204047886
JPM,2024-04-16,CHOPPY,18.399999618530273,180.8000030517578,192.13999938964844,0.06272121762433992,3.014538605155569,1.1871150360098905,4.791286873166505
JPM,2024-05-01,CHOPPY,15.390000343322754,191.86000061035156,195.6499938964844,0.019753952225977197,2.7342421634099168,1.213115378753922,4.25264370436969
JPM,2024-07-30,CHOPPY,17.690000534057617,215.19000244140625,200.33999633789065,-0.06900881051646013,3.6811135132771238,1.266827483371556,5.482591186273947
JPM,2024-08-01,CHOPPY,18.59000015258789,207.9600067138672,204.05999755859375,-0.01875364988153454,3.648681985648319,1.2364170909705023,5.567947647743212
JPM,2024-10-25,CHOPPY,20.329999923706055,222.30999755859375,222.94000244140625,0.002833902612258592,4.220465228679254,1.2233540356738815,6.509270177473829
JPM,2024-11-01,CHOPPY,21.8799991607666,222.94000244140625,236.97999572753903,0.0629765548236361,4.419604178641099,1.1869605264167051,7.025402802510105
JPM,2024-12-24,CHOPPY,14.270000457763672,242.30999755859375,240.0,-0.0095332325610509,3.24868709806658,1.2308376339500726,4.980021839734769
JPM,2025-01-02,CHOPPY,17.93000030517578,240.0,239.8699951171875,-0.00054168701171875,4.025131115880223,1.2253966717684268,6.197655980356678
JPM,2025-02-27,CHOPPY,21.1299991607666,259.04998779296875,246.5399932861328,-0.0482918166235694,5.2407474897218265,1.2542912203153158,7.883498385893275
JPM,2025-03-03,CHOPPY,22.780000686645508,260.6199951171875,232.22000122070312,-0.10897089413156634,5.85063012596626,1.291009331136948,8.550615785443217
JPM,2025-04-01,CHOPPY,21.770000457763672,243.66000366210935,216.8699951171875,-0.10994832201542752,5.229772341942157,1.2916007920957118,7.639740580203446
JPM,2025-05-28,CHOPPY,19.309999465942383,263.489990234375,264.2200012207031,0.0027705454225368424,4.751425771556284,1.2233923743634116,7.327946841764596
JPM,2025-06-02,CHOPPY,18.36000061035156,264.6600036621094,266.739990234375,0.007859089184178875,4.526308070649127,1.2203131958156483,6.998370529933452
JPM,2025-10-16,CHOPPY,25.309999465942383,298.5400085449219,294.5400085449219,-0.013398539175690123,7.112655126704777,1.23317660748864,10.882548315590025
JPM,2025-11-21,CHOPPY,23.43000030517578,298.0199890136719,308.9200134277344,0.036574809797615467,6.41168645591083,1.202936744901934,10.056656483556258
JPM,2025-12-01,CHOPPY,17.239999771118164,308.9200134277344,315.2099914550781,0.020361186565904264,4.930212508212987,1.2127479292358372,7.6704214677214155
JPM,2026-01-30,CHOPPY,17.440000534057617,305.8900146484375,322.3999938964844,0.0539735802328231,4.855663913879843,1.1924084045375656,7.683298768546843
JPM,2026-02-02,CHOPPY,16.34000015258789,308.1400146484375,322.1000061035156,0.04530405267555183,4.603026816801881,1.1976545072585096,7.251637434235563
JPM,2026-03-02,CHOPPY,21.440000534057617,297.55999755859375,289.9200134277344,-0.025675440897780472,6.041501303144933,1.2406056037175066,9.188302090833732
XOM,2021-03-09,CHOPPY,24.030000686645508,59.93000030517578,59.11000061035156,-0.013682624572811832,1.3558001399599624,1.2333485131853432,2.074120529821522
XOM,2021-05-14,CHOPPY,18.809999465942383,60.77000045776367,58.91999816894531,-0.03044269005895675,1.085006256594541,1.243490360543141,1.6463188466711811
XOM,2021-06-01,CHOPPY,17.899999618530273,60.459999084472656,62.130001068115234,0.027621601206267107,0.9982224238427118,1.2083545086314993,1.5586804386448987
XOM,2021-09-24,CHOPPY,17.75,57.59000015258789,60.93000030517578,0.05799618238823364,0.9285275560559836,1.1899742483539248,1.4722493259284584
XOM,2021-10-01,CHOPPY,21.100000381469727,60.93000030517578,62.18000030517578,0.020515345375664098,1.1900427823167732,1.212654644688785,1.8516102255944238
XOM,2021-12-02,CHOPPY,27.950000762939453,61.279998779296875,62.61000061035156,0.021703685664955032,1.584498731959513,1.2119355564589043,2.466814537330219
XOM,2022-01-20,CHOPPY,25.59000015258789,73.2699966430664,75.12000274658203,0.025249163208344333,1.7314832293148679,1.2097901178217296,2.7004266617383146
XOM,2022-04-07,CHOPPY,21.549999237060547,85.05000305175781,87.83000183105469,0.032686639383247125,1.686260946268027,1.2052895537782613,2.639717914211785
XOM,2022-08-18,CHOPPY,19.559999465942383,94.37999725341795,99.08999633789062,0.049904632565584216,1.6837649815130964,1.1948706053077303,2.658794220350312
XOM,2023-01-17,CHOPPY,19.36000061035156,112.93000030517578,113.80999755859376,0.007792413451163793,2.036630103861561,1.2203535426214094,3.1488402130733006
XOM,2023-02-01,CHOPPY,17.8700008392334,114.73999786376952,113.91999816894533,-0.007146589768964208,1.9241640426797655,1.229393429157738,2.953080850792146
XOM,2023-03-01,CHOPPY,20.579999923706055,110.88999938964844,109.9800033569336,-0.008206294866296046,2.142727295662938,1.230034677686886,3.2868030172391736
XOM,2023-04-03,CHOPPY,18.549999237060547,116.12999725341795,115.3499984741211,-0.0067166003422419246,2.0211524392337887,1.2291332340448433,3.1025889323781057
XOM,2023-05-17,CHOPPY,16.8700008392334,104.81999969482422,107.58999633789062,0.026426222582818636,1.6320194195894024,1.2090778558966884,2.546802018361259
XOM,2023-06-01,CHOPPY,15.649999618530272,103.36000061035156,108.19000244140624,0.04672989360035806,1.4777371814576812,1.1967917026932264,2.3297148158417693
XOM,2023-08-15,CHOPPY,16.459999084472656,108.16000366210938,108.0999984741211,-0.0005547816748946938,1.665282052257374,1.225404595608298,2.564085053453756
XOM,2023-09-01,CHOPPY,13.09000015258789,113.5199966430664,114.16000366210938,0.005637835077244598,1.3857127715262343,1.2216573206410575,2.1401684047815728
XOM,2023-10-02,CHOPPY,17.610000610351562,115.62999725341795,110.91999816894533,-0.040733366741763914,1.9424664118912407,1.2497174526873667,2.9326876710822294
XOM,2024-04-16,CHOPPY,18.399999618530273,118.69000244140624,121.02999877929688,0.01971519327456267,2.0223403831836744,1.2131388325625792,3.1453420413428534
XOM,2024-05-01,CHOPPY,15.390000343322754,116.02999877929688,116.1500015258789,0.0010342389713395672,1.6690114018238913,1.2244430477637611,2.5718453156315535
XOM,2024-07-30,CHOPPY,17.690000534057617,118.16999816894533,114.16000366210938,-0.033934116687578696,1.9875888377306143,1.2456030919019598,3.0107243974750997
XOM,2024-08-01,CHOPPY,18.59000015258789,116.9499969482422,117.88999938964844,0.008037644001155865,2.0249964119374266,1.2202051487617585,3.1312340805388112
XOM,2024-10-25,CHOPPY,20.329999923706055,119.48999786376952,114.9499969482422,-0.037994819622504034,2.314282104334138,1.2480603036214137,3.4986851160215835
XOM,2024-11-01,CHOPPY,21.8799991607666,114.9499969482422,121.11000061035156,0.05358855002739135,2.289696606200203,1.1926413939357787,3.622364859895239
XOM,2024-12-24,CHOPPY,14.270000457763672,106.4000015258789,107.30999755859376,0.008552594169780403,1.4138370236528497,1.2198935422223103,2.1867621504909596
XOM,2025-01-02,CHOPPY,17.93000030517578,107.30999755859376,106.54000091552734,-0.007175441809566572,1.805632377685443,1.229410888098575,2.771126867171164
XOM,2025-02-27,CHOPPY,21.1299991607666,110.1500015258789,107.62000274658205,-0.022968667673621927,2.2011810331576536,1.2389676816643806,3.352122756822526
XOM,2025-03-03,CHOPPY,22.780000686645508,107.76000213623048,111.8000030517578,0.03749072787155233,2.253023747143061,1.20238250474662,3.535470771884307
XOM,2025-04-01,CHOPPY,21.770000457763672,119.04000091552734,100.7699966430664,-0.15347785729122784,2.6071093600503543,1.3179413754715934,3.732392317136094
XOM,2025-05-28,CHOPPY,19.309999465942383,102.11000061035156,102.3000030517578,0.0018607623177995945,1.8421436583447623,1.2239429021274335,2.8397915830488687
XOM,2025-06-02,CHOPPY,18.36000061035156,103.0500030517578,104.97000122070312,0.01863171384847985,1.752982782552438,1.2137944674086203,2.7249380128767213
XOM,2025-10-16,CHOPPY,25.309999465942383,110.63999938964844,115.9800033569336,0.04826467820628686,2.556215812453419,1.195862974150173,4.0331114910299375
XOM,2025-11-21,CHOPPY,23.43000030517578,117.08000183105467,116.62999725341795,-0.003843564832584057,2.570106123203045,1.2273947033919312,3.950853643763604
XOM,2025-12-01,CHOPPY,17.239999771118164,116.62999725341795,115.9800033569336,-0.005573127941279379,1.8854443800960812,1.2284412962622613,2.8958992484382398
XOM,2026-01-30,CHOPPY,17.440000534057617,141.39999389648438,149.0500030517578,0.05410190583794389,2.244421532386642,1.1923307521739568,3.55166349652185
XOM,2026-02-02,CHOPPY,16.34000015258789,138.39999389648438,151.2100067138672,0.09255790016120956,2.0180727813906936,1.169060268849097,3.2570472153146848
XOM,2026-03-02,CHOPPY,21.440000534057617,154.22000122070312,150.44000244140625,-0.024510431522350634,3.1294222974675656,1.2399006334853928,4.762131910508354
UNH,2021-03-09,CHOPPY,24.030000686645508,351.9800109863281,354.6000061035156,0.00744359064551898,7.880329160022181,1.2205646222053579,12.181694696412315
UNH,2021-05-14,CHOPPY,18.809999465942383,409.7999877929687,411.6300048828125,0.004465634808091632,7.192402954137323,1.2223666422252926,11.101883136204467
UNH,2021-06-01,CHOPPY,17.899999618530273,406.7200012207031,401.739990234375,-0.012244322805324158,6.849195831003567,1.2324781683175166,10.485387355408504
UNH,2021-09-24,CHOPPY,17.75,407.0799865722656,392.4299926757813,-0.03598799837801317,6.877058200512828,1.246845936365341,10.406723984060495
UNH,2021-10-01,CHOPPY,21.100000381469727,392.4299926757813,408.4599914550781,0.040848046985390636,7.586905652453622,1.2003509244993877,11.925609447382477
UNH,2021-12-02,CHOPPY,27.950000762939453,446.0199890136719,473.3200073242187,0.06120806013855579,11.305130986478172,1.1880306775544784,17.954448674214127
UNH,2022-01-20,CHOPPY,25.59000015258789,463.0,461.6000061035156,-0.0030237449168129048,11.096135515400544,1.2268986141341949,17.064250056890867
UNH,2022-04-07,CHOPPY,21.549999237060547,536.9500122070312,534.8200073242188,-0.00396685880321991,10.841854013188428,1.2274693110139214,16.66544991652228
UNH,2022-08-18,CHOPPY,19.559999465942383,545.219970703125,541.5700073242188,-0.006694478513322237,10.005680294997454,1.2291198476883065,15.359480283016614
UNH,2023-01-17,CHOPPY,19.36000061035156,485.0799865722656,491.6000061035156,0.013441122519447974,8.72364619975751,1.2169353969592396,13.525541168406438
UNH,2023-02-01,CHOPPY,17.8700008392334,497.0,483.2200012207031,-0.02772635569275025,8.419004262693692,1.2418466528537184,12.791364913447799
UNH,2023-03-01,CHOPPY,20.579999923706055,475.2200012207031,470.6000061035156,-0.009721802755187208,9.189521616240686,1.230951741506916,14.0856212684804
UNH,2023-04-03,CHOPPY,18.549999237060547,494.19000244140625,520.969970703125,0.05418961963904546,8.343092526253377,1.1922776748167903,13.203035118658704
UNH,2023-05-17,CHOPPY,16.8700008392334,484.80999755859375,480.8299865722656,-0.00820942432369519,7.679209077181533,1.2300365713834998,11.77938450580735
UNH,2023-06-01,CHOPPY,15.649999618530272,493.6300048828125,490.2300109863281,-0.006887737501474474,7.248751785947322,1.2292367925272147,11.12632671370513
UNH,2023-08-15,CHOPPY,16.459999084472656,506.69000244140625,492.3399963378906,-0.028321076070915892,7.908201863912994,1.2422065299258522,12.011799352865513
UNH,2023-09-01,CHOPPY,13.09000015258789,476.239990234375,479.3800048828125,0.006593345189034178,5.8106018076700074,1.2210791225599928,8.978451465232203
UNH,2023-10-02,CHOPPY,17.610000610351562,514.5700073242188,526.510009765625,0.02320384451378086,8.376637901091105,1.2110277806468221,13.050879116438113
UNH,2024-04-16,CHOPPY,18.399999618530273,468.8900146484375,486.1799926757813,0.03687427219005169,7.92096252907914,1.2027555342810086,12.425810476899027
UNH,2024-05-01,CHOPPY,15.390000343322754,484.1099853515625,503.2099914550781,0.03945385693634294,6.831370334128018,1.2011945764932832,10.730466355042573
UNH,2024-07-30,CHOPPY,17.690000534057617,576.3300170898438,568.3499755859375,-0.01384630553203035,9.599123349220235,1.2334475597735053,14.683683425033943
UNH,2024-08-01,CHOPPY,18.59000015258789,572.77001953125,566.239990234375,-0.011400787531126576,10.013151778843554,1.2319677284269979,15.335417291723898
UNH,2024-10-25,CHOPPY,20.329999923706055,564.5599975585938,567.5599975585938,0.005313872773440064,10.704795188345404,1.2218533566432783,16.530401672710532
UNH,2024-11-01,CHOPPY,21.8799991607666,567.5599975585938,615.8099975585938,0.08501303863477229,11.125013049991718,1.1736258138942584,17.885249635667055
UNH,2024-12-24,CHOPPY,14.270000457763672,506.1000061035156,504.510009765625,-0.003141664332573459,6.764038324772105,1.2269699695066516,10.401506784200862
UNH,2025-01-02,CHOPPY,17.93000030517578,504.510009765625,520.6900024414062,0.03207070694850598,8.325063409050173,1.2056622666856796,13.028247829890551
UNH,2025-02-27,CHOPPY,21.1299991607666,468.55999755859375,487.7200012207031,0.040891249278516145,9.071419644168106,1.200324781936714,14.259379110256774
UNH,2025-03-03,CHOPPY,22.780000686645508,467.0499877929687,480.2200012207031,0.028198295197413348,9.810650861769371,1.208005539682947,15.323325427958501
UNH,2025-04-01,CHOPPY,21.770000457763672,523.1199951171875,553.0800170898438,0.0572717966285053,10.348301321638578,1.1904125885149102,16.40195762516147
UNH,2025-05-28,CHOPPY,19.309999465942383,298.1099853515625,300.3800048828125,0.007614704782776583,5.362835990554792,1.2204610776540399,8.290767037155089
UNH,2025-06-02,CHOPPY,18.36000061035156,304.7200012207031,303.19000244140625,-0.005020998861800099,5.244712954617386,1.2281071920279725,8.057671907036116
UNH,2025-10-16,CHOPPY,25.309999465942383,356.6700134277344,360.4500122070313,0.010598027972606127,8.397530580673845,1.21865580974293,13.001535950801747
UNH,2025-11-21,CHOPPY,23.43000030517578,319.9700012207031,323.2099914550781,0.01012591874867725,6.97551399592036,1.2189414923787918,10.797357579836929
UNH,2025-12-01,CHOPPY,17.239999771118164,323.2099914550781,323.6199951171875,0.0012685364714857834,5.207414284128481,1.22430126970897,8.025238732611395
UNH,2026-01-30,CHOPPY,17.440000534057617,286.92999267578125,276.6499938964844,-0.03582755041893734,4.762261209962886,1.2467488461295564,7.207063826253755
UNH,2026-02-02,CHOPPY,16.34000015258789,285.5899963378906,275.70001220703125,-0.034630008955769655,4.438470293686931,1.2460241900872444,6.720954792742127
UNH,2026-03-02,CHOPPY,21.440000534057617,294.92999267578125,285.1700134277344,-0.03309252870316277,6.009766654665974,1.245093830355031,9.10709063915367
COST,2021-03-09,CHOPPY,24.030000686645508,318.7799987792969,327.25,0.02657005224021981,7.069352677242771,1.208990821724173,11.032673729312775
COST,2021-05-14,CHOPPY,18.809999465942383,384.4200134277344,380.7200012207031,-0.009624920862052883,6.7940214297266674,1.2308931163557961,10.414314766766045
COST,2021-06-01,CHOPPY,17.899999618530273,378.2300109863281,379.7000122070313,0.0038865271871731987,6.318977073565275,1.222717071708993,9.750905199471635
COST,2021-09-24,CHOPPY,17.75,467.75,448.3299865722656,-0.04151793357078434,7.923202187516846,1.2501922096045455,11.957711762084294
COST,2021-10-01,CHOPPY,21.100000381469727,448.3299865722656,451.8500061035156,0.007851403289265849,8.811807683982753,1.2203178467027873,13.624362110946866
COST,2021-12-02,CHOPPY,27.950000762939453,525.510009765625,524.3300170898438,-0.0022454237861378153,13.75043830931846,1.2264276366127058,21.15430413553385
COST,2022-01-20,CHOPPY,25.59000015258789,482.8200073242187,482.5199890136719,-0.0006213874860106051,11.557426287593088,1.2254449001029335,17.79473291025993
COST,2022-04-07,CHOPPY,21.549999237060547,608.0499877929688,590.3900146484375,-0.0290436205888786,12.429251670181173,1.242643755915002,18.87219738882988
COST,2022-08-18,CHOPPY,19.559999465942383,560.9600219726562,550.77001953125,-0.018165291718244686,10.35267243700611,1.2360610638005172,15.802895821916003
COST,2023-01-17,CHOPPY,19.36000061035156,486.7699890136719,492.1099853515625,0.010970266159404994,8.76479457166652,1.2184305610483843,13.572663701243695
COST,2023-02-01,CHOPPY,17.8700008392334,517.9099731445312,503.80999755859375,-0.027224761671084237,8.77106751995895,1.2415431283831533,13.329528086128066
COST,2023-03-01,CHOPPY,20.579999923706055,478.6700134277344,486.0400085449219,0.015396818080187011,9.141940029891718,1.215751966866336,14.187880359417333
COST,2023-04-03,CHOPPY,18.549999237060547,497.0299987792969,498.6499938964844,0.003259350786001247,8.607936398284034,1.2230965885630505,13.278909926325372
COST,2023-05-17,CHOPPY,16.8700008392334,495.0,482.760009765625,-0.024727252998737372,7.904327665051719,1.2400318364523035,12.026970070207623
COST,2023-06-01,CHOPPY,15.649999618530272,512.5999755859375,520.0900268554688,0.014611883781245989,7.447651224870371,1.2162269461468374,11.553906256489388
COST,2023-08-15,CHOPPY,16.459999084472656,558.510009765625,538.3699951171875,-0.03606025728507377,8.74984960990346,1.2468896616602247,13.240265530298167
COST,2023-09-01,CHOPPY,13.09000015258789,544.25,558.780029296875,0.026697343678226917,6.574234928760189,1.2089137951555542,10.260629745830018
COST,2023-10-02,CHOPPY,17.610000610351562,571.3099975585938,558.969970703125,-0.021599528991619217,9.508509867334666,1.2381391887485265,14.489957848343549
COST,2024-04-16,CHOPPY,18.399999618530273,715.969970703125,722.6799926757812,0.009371932130151507,12.262239817960744,1.2193977446053257,18.973547922060927
COST,2024-05-01,CHOPPY,15.390000343322754,722.219970703125,763.4099731445312,0.05703248887081491,10.101136912771498,1.1905573983757092,16.00825707187554
COST,2024-07-30,CHOPPY,17.690000534057617,810.030029296875,816.8800048828125,0.008456446475056535,13.343919297400081,1.2199517230954398,20.637870945930793
COST,2024-08-01,CHOPPY,18.59000015258789,816.8900146484375,839.4299926757812,0.02759242691568976,14.00733415804946,1.2083721625721746,21.871517064263436
COST,2024-10-25,CHOPPY,20.329999923706055,891.219970703125,877.3099975585938,-0.015607788875688033,17.073789223773367,1.234513468209809,26.095054835929925
COST,2024-11-01,CHOPPY,21.8799991607666,877.3099975585938,943.7999877929688,0.07578847889503763,17.278359709072447,1.1792077775745682,27.64625481305526
COST,2024-12-24,CHOPPY,14.270000457763672,958.8200073242188,909.8099975585938,-0.05111492187402029,13.117840644938951,1.255999537180112,19.705932998883448
COST,2025-01-02,CHOPPY,17.93000030517578,909.8099975585938,936.9400024414062,0.02981941829130677,15.029997475204993,1.2070245660119279,23.494539051488808
COST,2025-02-27,CHOPPY,21.1299991607666,1021.7100219726562,1026.6199951171875,0.004805642539407971,20.14036394560965,1.222160896817297,31.093031031175524
COST,2025-03-03,CHOPPY,22.780000686645508,1046.8499755859375,934.4099731445312,-0.1074079429370688,23.483405874021663,1.2900635584336502,34.34583721103617
COST,2025-04-01,CHOPPY,21.770000457763672,954.4000244140624,908.75,-0.04783112242907626,19.888522600869987,1.2540124451397034,29.92435560484696
COST,2025-05-28,CHOPPY,19.309999465942383,1013.1400146484376,1051.68994140625,0.038049949859289015,17.950805078304526,1.2020441084531543,28.176539700823092
COST,2025-06-02,CHOPPY,18.36000061035156,1056.8499755859375,1006.1799926757812,-0.04794434790241998,18.574768251376973,1.2540809601146967,27.946148346405433
COST,2025-10-16,CHOPPY,25.309999465942383,925.6199951171876,942.0499877929688,0.017750256868317788,21.715639199883235,1.2143278544740024,33.74122070885946
COST,2025-11-21,CHOPPY,23.43000030517578,899.010009765625,911.9600219726562,0.014404747518225479,19.557259338949795,1.216352288399441,30.337008176577996
COST,2025-12-01,CHOPPY,17.239999771118164,911.9600219726562,887.52001953125,-0.026799423058633864,14.896924669054009,1.2412857475700283,22.643782941175882
COST,2026-01-30,CHOPPY,17.440000534057617,940.25,1001.1599731445312,0.06478061488384074,14.843567626395762,1.1858688539664977,23.617056200507367
COST,2026-02-02,CHOPPY,16.34000015258789,968.3599853515624,997.5900268554688,0.03018509846138925,14.575960142168647,1.2068032857031004,22.78897639309501
COST,2026-03-02,CHOPPY,21.440000534057617,1002.77001953125,1005.2999877929688,0.0025229795590632005,20.079684086348394,1.2235421813674734,30.964356575752586
HD,2021-03-09,CHOPPY,24.030000686645508,264.9599914550781,282.0799865722656,0.06461351022533551,5.763941630517133,1.1859699723028634,9.170014267643023
HD,2021-05-14,CHOPPY,18.809999465942383,323.6300048828125,315.7699890136719,-0.024287043075584918,5.760880826722781,1.2397654567147252,8.767453881412518
HD,2021-06-01,CHOPPY,17.899999618530273,316.30999755859375,310.8999938964844,-0.01710348614923946,5.339392575144336,1.235418544234385,8.154585067948087
HD,2021-09-24,CHOPPY,17.75,337.489990234375,329.8599853515625,-0.022608092398573743,5.664408154650801,1.2387494904285794,8.627702887891605
HD,2021-10-01,CHOPPY,21.100000381469727,329.8599853515625,334.3399963378906,0.013581553341649974,6.46488927912452,1.2168504194891765,10.024160821143095
HD,2021-12-02,CHOPPY,27.950000762939453,407.7699890136719,411.3399963378906,0.008754953577760852,10.611755041162017,1.2197710905392398,16.414702298031788
HD,2022-01-20,CHOPPY,25.59000015258789,349.5799865722656,356.42999267578125,0.01959496071466203,8.284478900878987,1.213211587664339,12.88406113553713
HD,2022-04-07,CHOPPY,21.549999237060547,302.75,304.5199890136719,0.005846371638883154,6.083419242692209,1.221531131040044,9.396526394493769
HD,2022-08-18,CHOPPY,19.559999465942383,325.2099914550781,309.7799987792969,-0.047446244215140064,6.0878745758787645,1.2537795477145528,9.161543450348239
HD,2023-01-17,CHOPPY,19.36000061035156,327.5299987792969,317.69000244140625,-0.030043038422630768,6.017639946488212,1.243248523427692,9.132556702001807
HD,2023-02-01,CHOPPY,17.8700008392334,328.0899963378906,320.7900085449219,-0.02224995542214185,5.54289768145158,1.238532774655532,8.444102349315314
HD,2023-03-01,CHOPPY,20.579999923706055,290.7900085449219,291.489990234375,0.0024071724229995004,5.589596585571487,1.2236122585576772,8.61907730840582
HD,2023-04-03,CHOPPY,18.549999237060547,297.7300109863281,293.7699890136719,-0.013300714830652715,5.198556116688167,1.2331174120412203,7.9543086090601465
HD,2023-05-17,CHOPPY,16.8700008392334,292.3900146484375,291.1000061035156,-0.004411944595553132,4.622696304909385,1.2277386412364495,7.104173646473387
HD,2023-06-01,CHOPPY,15.649999618530272,288.3900146484375,301.0899963378906,0.044037522259344056,4.128722794467192,1.1984209098818048,6.500256249031038
HD,2023-08-15,CHOPPY,16.459999084472656,332.1400146484375,324.4800109863281,-0.023062573987712113,5.170620933339492,1.2390245062337255,7.873846323771115
HD,2023-09-01,CHOPPY,13.09000015258789,333.0799865722656,328.3699951171875,-0.014140721883499406,4.105663967101471,1.2336257169351648,6.279486298509971
HD,2023-10-02,CHOPPY,17.610000610351562,299.8299865722656,295.3599853515625,-0.014908452859586665,4.9738555326689,1.2340902861445016,7.6044947325746115
HD,2024-04-16,CHOPPY,18.399999618530273,334.8299865722656,339.0,0.012454121778111322,5.72577888502939,1.217532650643537,8.873155377917545
HD,2024-05-01,CHOPPY,15.390000343322754,331.9700012207031,338.8299865722656,0.020664473676348202,4.728834134721723,1.2125644042023431,7.358230643384311
HD,2024-07-30,CHOPPY,17.690000534057617,363.69000244140625,353.9100036621094,-0.02689103003559335,6.096241577594448,1.2413411807649644,9.266060594353762
HD,2024-08-01,CHOPPY,18.59000015258789,358.5799865722656,348.3399963378906,-0.028557060120005626,6.3215119934161965,1.2423493285447913,9.60066612956935
HD,2024-10-25,CHOPPY,20.329999923706055,398.9100036621094,392.5899963378906,-0.015843190860593246,7.643108809718919,1.2346559146101885,11.680144927577363
HD,2024-11-01,CHOPPY,21.8799991607666,392.5899963378906,405.8999938964844,0.033903048174305055,7.898132471426663,1.2045534807424016,12.371502782388914
HD,2024-12-24,CHOPPY,14.270000457763672,396.1400146484375,388.4599914550781,-0.019387143205351693,5.336839287038812,1.2368004303194837,8.141578739709344
HD,2025-01-02,CHOPPY,17.93000030517578,388.4599914550781,389.8900146484375,0.003681262484722945,6.501423869393864,1.2228412814432517,10.031422454878623
HD,2025-02-27,CHOPPY,21.1299991607666,390.2699890136719,381.7300109863281,-0.021882230936913213,7.794816629202009,1.238310257291146,11.876830625102146
HD,2025-03-03,CHOPPY,22.780000686645508,389.69000244140625,374.6499938964844,-0.038594802152214024,8.459538702828285,1.2484233649256014,12.785241150843486
HD,2025-04-01,CHOPPY,21.770000457763672,365.5199890136719,335.239990234375,-0.08284088337003175,7.74566722554663,1.2751975444335983,11.460550976662054
HD,2025-05-28,CHOPPY,19.309999465942383,368.05999755859375,372.3999938964844,0.011791545853063573,6.607486508792231,1.217933588450155,10.236153921028588
HD,2025-06-02,CHOPPY,18.36000061035156,367.9599914550781,365.2000122070313,-0.007500759082890039,6.3409112950503985,1.229607744019671,9.72991885725745
HD,2025-10-16,CHOPPY,25.309999465942383,387.3900146484375,385.0299987792969,-0.0060920926712124375,9.196398253128693,1.2287553320922175,14.121358714821604
HD,2025-11-21,CHOPPY,23.43000030517578,343.32000732421875,357.3299865722656,0.04080734868101167,7.370557618334941,1.2003755518489094,11.585301338405504
HD,2025-12-01,CHOPPY,17.239999771118164,357.3299865722656,349.9100036621094,-0.02076507203141108,5.819837146391102,1.2376342423254898,8.872431312080346
HD,2026-01-30,CHOPPY,17.440000534057617,374.5899963378906,385.1499938964844,0.02819081572340853,6.02400076978174,1.208010065660709,9.4088944383513
HD,2026-02-02,CHOPPY,16.34000015258789,378.1199951171875,381.0,0.00761664265313429,5.755950002931903,1.2204599050103302,8.898516845834353
HD,2026-03-02,CHOPPY,21.440000534057617,370.80999755859375,353.55999755859375,-0.04651978132621473,7.605275807871143,1.2532189266829754,11.450175775723244
CRWD,2021-03-09,CHOPPY,24.030000686645508,199.1000061035156,196.30999755859375,-0.014013101252600023,4.504982203110197,1.2335484911654113,6.890662573736505
CRWD,2021-05-14,CHOPPY,18.809999465942383,190.63999938964844,210.6000061035156,0.10469999358881119,3.1798995426211967,1.1617128477874876,5.164624346887992
CRWD,2021-06-01,CHOPPY,17.899999618530273,222.07000732421875,215.13999938964844,-0.031206411068616793,3.7744921255941444,1.2439525032424235,5.725044354406611
CRWD,2021-09-24,CHOPPY,17.75,261.75,249.27000427246097,-0.04767906677187787,4.446996871311899,1.2539204332518936,6.691461365527661
CRWD,2021-10-01,CHOPPY,21.100000381469727,249.27000427246097,245.0,-0.017130036503684973,4.9600270478807875,1.2354346103793712,7.575100714477551
CRWD,2021-12-02,CHOPPY,27.950000762939453,209.3500061035156,201.27000427246097,-0.038595660833462685,5.576075783205669,1.2484238845306206,8.427344137297775
CRWD,2022-01-20,CHOPPY,25.59000015258789,173.88999938964844,159.80999755859375,-0.08097073943570823,4.3276146022997075,1.274065883323163,6.408860544227994
CRWD,2022-04-07,CHOPPY,21.549999237060547,217.02999877929688,235.22000122070312,0.08381330942135842,4.19253830544035,1.1743517937875465,6.736013581921101
CRWD,2022-08-18,CHOPPY,19.559999465942383,195.7599945068359,202.94000244140625,0.03667760592586049,3.515806077098068,1.2028745409300883,5.514786576789553
CRWD,2023-01-17,CHOPPY,19.36000061035156,104.43000030517578,104.5999984741211,0.0016278671689028714,1.8890941545308428,1.224083831591727,2.9118337334948503
CRWD,2023-02-01,CHOPPY,17.8700008392334,110.5,114.4800033569336,0.03601812992700085,1.8136899102165231,1.2032736029100128,2.8439553781408082
CRWD,2023-03-01,CHOPPY,20.579999923706055,120.20999908447266,128.9199981689453,0.0724565273339039,2.230642766730958,1.181224007413558,3.5630497778688426
CRWD,2023-04-03,CHOPPY,18.549999237060547,136.5500030517578,129.86000061035156,-0.048993059625714375,2.426010574214966,1.254715556335623,3.648140344480299
CRWD,2023-05-17,CHOPPY,16.8700008392334,137.22999572753906,149.1999969482422,0.0872258368678285,2.0716187242149884,1.1722868058854998,3.334264750201682
CRWD,2023-06-01,CHOPPY,15.649999618530272,157.5500030517578,151.3000030517578,-0.03966994528046293,2.3508921012204134,1.2490739553128227,3.551147195996013
CRWD,2023-08-15,CHOPPY,16.459999084472656,149.6300048828125,152.3300018310547,0.01804448880661854,2.282614487439367,1.2141498089044012,3.5471897751297625
CRWD,2023-09-01,CHOPPY,13.09000015258789,161.22999572753906,172.2899932861328,0.06859764219856414,1.9067213870408353,1.1835590951879016,3.0396348922040133
CRWD,2023-10-02,CHOPPY,17.610000610351562,169.5399932861328,181.82000732421875,0.0724313703219331,2.6920380331392244,1.1812392304194348,4.299990139893465
CRWD,2024-04-16,CHOPPY,18.399999618530273,299.1499938964844,299.6499938964844,0.0016714023406365713,5.143046179037997,1.224057487597619,7.927618443976184
CRWD,2024-05-01,CHOPPY,15.390000343322754,295.44000244140625,313.760009765625,0.06200923088555722,4.121640599006701,1.187545873277888,6.548530503515617
CRWD,2024-07-30,CHOPPY,17.690000534057617,233.6499938964844,231.69000244140625,-0.008388579098129581,3.881161511281216,1.2301449814835221,5.952913158958816
CRWD,2024-08-01,CHOPPY,18.59000015258789,224.22000122070312,240.52000427246097,0.0726964720498485,3.7578930787164304,1.181078812116712,6.003294807022841
CRWD,2024-10-25,CHOPPY,20.329999923706055,300.6199951171875,303.1300048828125,0.008349443837381973,5.6915785190156365,1.220016472509401,8.80219868858072
CRWD,2024-11-01,CHOPPY,21.8799991607666,303.1300048828125,330.0299987792969,0.08874078271098133,5.930374937742423,1.1713700821704713,9.552392403818706
CRWD,2024-12-24,CHOPPY,14.270000457763672,365.7900085449219,347.3399963378906,-0.05043880854051661,5.002828457102767,1.2555904076196915,7.517817051151516
CRWD,2025-01-02,CHOPPY,17.93000030517578,347.3399963378906,348.8399963378906,0.004318535198407751,5.811389748452395,1.222455655110656,8.969557523002477
CRWD,2025-02-27,CHOPPY,21.1299991607666,380.239990234375,347.7300109863281,-0.08549858006257613,7.830579498337671,1.2768057693060721,11.571594250220354
CRWD,2025-03-03,CHOPPY,22.780000686645508,382.7300109863281,308.8599853515625,-0.19300818727122082,8.93029671728511,1.3418619605666744,12.556892543993188
CRWD,2025-04-01,CHOPPY,21.770000457763672,362.3800048828125,325.0400085449219,-0.10304099518395267,7.752737171732205,1.2874210319132018,11.362099594304745
CRWD,2025-05-28,CHOPPY,19.309999465942383,468.8299865722656,460.55999755859375,-0.017639633237062868,8.53960123026055,1.2357429774491908,13.038678305657198
CRWD,2025-06-02,CHOPPY,18.36000061035156,479.1700134277344,464.3900146484375,-0.030844999405468657,8.352212956184044,1.243733805891628,12.67063120380577
CRWD,2025-10-16,CHOPPY,25.309999465942383,482.2300109863281,521.97998046875,0.08242948090501327,10.948785563769444,1.1751891758129174,17.57851960735294
CRWD,2025-11-21,CHOPPY,23.43000030517578,490.6700134277344,504.1300048828125,0.027431860694011018,10.60496499346857,1.208469324371001,16.5576134277298
CRWD,2025-12-01,CHOPPY,17.239999771118164,504.1300048828125,515.1900024414062,0.021938780575388884,8.03933533963966,1.211793295875365,12.517446082787409
CRWD,2026-01-30,CHOPPY,17.440000534057617,441.4049987792969,395.5,-0.10399746016979168,7.5685265003914655,1.2879998078074535,11.087143486684965
CRWD,2026-02-02,CHOPPY,16.34000015258789,438.8500061035156,408.0400085449219,-0.07020621426475794,6.9381832430457955,1.2675520560798743,10.327711368176558
CRWD,2026-03-02,CHOPPY,21.440000534057617,384.8599853515625,434.1300048828125,0.1280206345334726,7.228202162160439,1.1476010663662106,11.884022842780377
AVGO,2021-03-09,CHOPPY,24.030000686645508,44.36000061035156,47.81800079345703,0.07795311396588511,0.9584396591486405,1.1778979140485564,1.5352575921959284
AVGO,2021-05-14,CHOPPY,18.809999465942383,44.1619987487793,45.124000549316406,0.021783475109665423,0.7684427651451542,1.2118872742866371,1.1963918100891848
AVGO,2021-06-01,CHOPPY,17.899999618530273,46.83100128173828,46.35300064086914,-0.010206927628846934,0.7878487450515022,1.2312453001700487,1.207319992149092
AVGO,2021-09-24,CHOPPY,17.75,50.492000579833984,48.73500061035156,-0.034797590693686056,0.8525003180873516,1.2461255971138046,1.2907937770703317
AVGO,2021-10-01,CHOPPY,21.100000381469727,48.73500061035156,49.28499984741211,0.011285507954702359,0.9562424522169659,1.2182398019984662,1.4810146893567637
AVGO,2021-12-02,CHOPPY,27.950000762939453,55.244998931884766,58.34199905395508,0.05605937518233659,1.40395011778848,1.191146248729456,2.2238767818971783
AVGO,2022-01-20,CHOPPY,25.59000015258789,54.77199935913086,54.23099899291992,-0.009877316375903833,1.3170883445691945,1.231045845876894,2.0186675878619336
AVGO,2022-04-07,CHOPPY,21.549999237060547,60.30500030517578,57.3849983215332,-0.048420561626163594,1.2443362009791117,1.2543691264646368,1.8717011629646212
AVGO,2022-08-18,CHOPPY,19.559999465942383,55.845001220703125,55.01300048828125,-0.014898392232704111,1.0289866291592458,1.234084198260045,1.5732185929437965
AVGO,2023-01-17,CHOPPY,19.36000061035156,57.92399978637695,58.50299835205078,0.009995831914390723,1.0434859660799978,1.2190202104970287,1.6151015614673083
AVGO,2023-02-01,CHOPPY,17.8700008392334,60.275001525878906,60.17100143432617,-0.0017254266100363716,1.0081010991106354,1.2261129760291378,1.551306920877545
AVGO,2023-03-01,CHOPPY,20.579999923706055,59.35699844360352,63.22600173950195,0.06518192289615961,1.1055459980903666,1.1856260145451503,1.759353978289489
AVGO,2023-04-03,CHOPPY,18.549999237060547,64.24700164794922,62.15700149536133,-0.032530703363253435,1.1323796038429847,1.2447538587216378,1.7164560489605833
AVGO,2023-05-17,CHOPPY,16.8700008392334,65.74700164794922,67.9530029296875,0.03355288038153586,1.0200121145716066,1.2047653742046807,1.5974489313652054
AVGO,2023-06-01,CHOPPY,15.649999618530272,78.99500274658203,80.41999816894531,0.01803905782413481,1.1457746196870353,1.2141530952993975,1.7805323837985942
AVGO,2023-08-15,CHOPPY,16.459999084472656,84.25199890136719,85.5790023803711,0.01575040944200521,1.2867386842325552,1.2155380017346629,1.9973121652387413
AVGO,2023-09-01,CHOPPY,13.09000015258789,87.25199890136719,85.91400146484375,-0.015334862849800818,1.0761295625395753,1.234348315269517,1.6449434181175862
AVGO,2023-10-02,CHOPPY,17.610000610351562,83.49500274658203,85.58799743652344,0.025067304881633595,1.3579418927530118,1.2099001638947458,2.117657796144589
AVGO,2024-04-16,CHOPPY,18.399999618530273,132.906005859375,124.91899871826172,-0.06009515589208333,2.354716521185975,1.2614336545302969,3.5220729562527673
AVGO,2024-05-01,CHOPPY,15.390000343322754,124.28600311279295,132.53700256347656,0.06638719762510667,1.7300279927135471,1.1848966789506508,2.754842525786867
AVGO,2024-07-30,CHOPPY,17.690000534057617,143.52000427246094,143.9199981689453,0.002787025394209294,2.3709058614308054,1.2233824020063646,3.656589532743032
AVGO,2024-08-01,CHOPPY,18.59000015258789,147.02000427246094,145.74000549316406,-0.00870628990681262,2.5667985697324953,1.230337234582309,3.936332277995931
AVGO,2024-10-25,CHOPPY,20.329999923706055,173.0,168.9199981689453,-0.023583825613032877,3.327252175812043,1.2393399259093452,5.065466029732504
AVGO,2024-11-01,CHOPPY,21.8799991607666,168.9199981689453,183.63999938964844,0.08714185046332358,3.3074468218169972,1.1723376277212096,5.323095969948285
AVGO,2024-12-24,CHOPPY,14.270000457763672,239.67999267578125,231.97999572753903,-0.032126156473386236,3.2491190827718883,1.2445090593913786,4.9259692546702665
AVGO,2025-01-02,CHOPPY,17.93000030517578,231.97999572753903,224.30999755859375,-0.033063187818805344,3.9531065283754847,1.245076075605162,5.990550866016246
AVGO,2025-02-27,CHOPPY,21.1299991607666,197.8000030517578,179.4499969482422,-0.09277050465319774,4.08748890430002,1.2812061548091283,6.019517769807601
AVGO,2025-03-03,CHOPPY,22.780000686645508,187.3699951171875,184.4499969482422,-0.015584128969630635,4.022132474834309,1.2344991511323526,6.147374982671787
AVGO,2025-04-01,CHOPPY,21.770000457763672,168.52000427246094,156.02999877929688,-0.07411586266619354,3.556291305626857,1.26991786171129,5.283793383676223
AVGO,2025-05-28,CHOPPY,19.309999465942383,239.42999267578125,261.0799865722656,0.09042306544193579,4.130371822468225,1.170352099592533,6.658811809479187
AVGO,2025-06-02,CHOPPY,18.36000061035156,248.7100067138672,244.27999877929688,-0.017811940874847443,4.307671140962892,1.235847244211301,6.57660680647482
AVGO,2025-10-16,CHOPPY,25.309999465942383,354.1499938964844,344.2900085449219,-0.027841269296885844,8.497349078425174,1.2419161893500665,12.909674781376838
AVGO,2025-11-21,CHOPPY,23.43000030517578,340.20001220703125,386.0799865722656,0.13486176578181241,6.9572868566922255,1.1434613624412662,11.480017396788798
AVGO,2025-12-01,CHOPPY,17.239999771118164,386.0799865722656,401.1000061035156,0.03890390606517125,6.104639288404999,1.201527362650612,9.586287998638396
AVGO,2026-01-30,CHOPPY,17.440000534057617,331.29998779296875,332.9200134277344,0.0048899055069630375,5.390015019734141,1.2221099076278117,8.321542601365538
AVGO,2026-02-02,CHOPPY,16.34000015258789,331.1099853515625,343.94000244140625,0.038748505504058506,4.962537306881507,1.2016213986059858,7.792203058612903
AVGO,2026-03-02,CHOPPY,21.440000534057617,318.82000732421875,345.75,0.08446769982159633,6.125392256332029,1.1739558092040072,9.844786140381323
AMD,2021-03-09,CHOPPY,24.030000686645508,78.52999877929688,82.75,0.05373744156756129,1.7178223130814074,1.1925512967178102,2.717848854423112
AMD,2021-05-14,CHOPPY,18.809999465942383,74.58999633789062,77.16999816894531,0.034589113255447154,1.2896074888855025,1.20413832918251,2.020716074036421
AMD,2021-06-01,CHOPPY,17.899999618530273,80.80999755859375,80.88999938964844,0.000989999176731564,1.352004063044716,1.2244698181391167,2.0833106905201784
AMD,2021-09-24,CHOPPY,17.75,105.8000030517578,102.4499969482422,-0.03166357284391343,1.7835948223761369,1.2442291408812627,2.7047053787719038
AMD,2021-10-01,CHOPPY,21.100000381469727,102.4499969482422,105.05999755859376,0.02547584859050934,1.9960296907666728,1.209652946010196,3.113367159221377
AMD,2021-12-02,CHOPPY,27.950000762939453,150.67999267578125,138.10000610351562,-0.08348810183004211,4.100719288632963,1.2755891891341513,6.065594057142912
AMD,2022-01-20,CHOPPY,25.59000015258789,121.88999938964844,102.5999984741211,-0.15825745354106185,3.1448379341064907,1.3208336037649604,4.492357298097702
AMD,2022-04-07,CHOPPY,21.549999237060547,103.72000122070312,93.05999755859376,-0.10277674061559461,2.1962826120515353,1.2872611262434954,3.219183250560736
AMD,2022-08-18,CHOPPY,19.559999465942383,100.44000244140624,97.18000030517578,-0.032457208850948056,1.8666174187708615,1.2447093857375642,2.8295116100303868
AMD,2023-01-17,CHOPPY,19.36000061035156,71.58999633789062,74.69999694824219,0.04344183223132146,1.268263488573044,1.1987813737082598,1.996152118244426
AMD,2023-02-01,CHOPPY,17.8700008392334,84.63999938964844,84.69000244140625,0.0005907733000755187,1.4139881853502463,1.2247113976189632,2.1783925924889176
AMD,2023-03-01,CHOPPY,20.579999923706055,78.29000091552734,85.37000274658203,0.09043302782297583,1.4393876270785912,1.17034607115858,2.3205321728303128
AMD,2023-04-03,CHOPPY,18.549999237060547,96.55999755859376,94.02999877929688,-0.026201313621219344,1.6966726527340192,1.2409238197110632,2.579746721960182
AMD,2023-05-17,CHOPPY,16.8700008392334,103.75,108.2699966430664,0.04356623270425452,1.6015028666479667,1.1987060965198282,2.5208043328970526
AMD,2023-06-01,CHOPPY,15.649999618530272,119.47000122070312,121.0500030517578,0.013225092616646533,1.7369974040174416,1.2170661209293065,2.6928311750090232
AMD,2023-08-15,CHOPPY,16.459999084472656,111.3499984741211,105.66000366210938,-0.051100088818897764,1.7571878616318284,1.2559905614048668,2.6397083683680815
AMD,2023-09-01,CHOPPY,13.09000015258789,109.4499969482422,105.31999969482422,-0.037734101129039015,1.3647335556220792,1.247902537700615,2.0634375642960747
AMD,2023-10-02,CHOPPY,17.610000610351562,103.2699966430664,106.97000122070312,0.03582845645308868,1.6705179382349753,1.2033883780832857,2.6192048183143215
AMD,2024-04-16,CHOPPY,18.399999618530273,163.4600067138672,152.27000427246094,-0.0684571270145246,2.907663463528507,1.2664936487650582,4.33176864621876
AMD,2024-05-01,CHOPPY,15.390000343322754,144.27000427246094,153.6199951171875,0.06480897322958866,2.0098185443273344,1.1858516937701886,3.1977948683774113
AMD,2024-07-30,CHOPPY,17.690000534057617,138.44000244140625,130.17999267578125,-0.05966490624067267,2.357631956270752,1.261173301950293,3.5271617110542453
AMD,2024-08-01,CHOPPY,18.59000015258789,132.5399932861328,136.32000732421875,0.028519799528927747,2.2716274690290392,1.2078109910484096,3.5486426236983513
AMD,2024-10-25,CHOPPY,20.329999923706055,156.22999572753906,141.86000061035156,-0.09197974467238922,3.1050627441315717,1.280727650293221,4.574437781405222
AMD,2024-11-01,CHOPPY,21.8799991607666,141.86000061035156,147.9499969482422,0.04292962295001031,2.8410005309415656,1.1990913216825443,4.470367071580098
AMD,2024-12-24,CHOPPY,14.270000457763672,126.29000091552734,120.62999725341795,-0.044817512242281504,1.7225608896767146,1.2521888499672595,2.5955468987505035
AMD,2025-01-02,CHOPPY,17.93000030517578,120.62999725341795,116.04000091552734,-0.03805020676779098,2.0606045011164746,1.2480938194793056,3.1150967662002316
AMD,2025-02-27,CHOPPY,21.1299991607666,99.51000213623048,98.8499984741211,-0.006632535905343823,1.9726907104471765,1.2290823649901883,3.0283226334222677
AMD,2025-03-03,CHOPPY,22.780000686645508,98.2300033569336,96.62999725341795,-0.01628836454073787,2.1093583955356037,1.2349252980153709,3.222803441962556
AMD,2025-04-01,CHOPPY,21.770000457763672,102.77999877929688,78.20999908447266,-0.23905429058803793,2.3394423234222166,1.3697253690746296,3.2225745535009214
AMD,2025-05-28,CHOPPY,19.309999465942383,112.86000061035156,118.58000183105467,0.050682271750568025,1.986936172094568,1.1944000404450772,3.138760923322093
AMD,2025-06-02,CHOPPY,18.36000061035156,114.62999725341795,121.7300033569336,0.061938465267684865,1.9078702006317392,1.1875886949539274,3.0311463142306487
AMD,2025-10-16,CHOPPY,25.309999465942383,234.55999755859375,234.9900054931641,0.001833253491840286,5.546575714424575,1.223959548262504,8.550312967355525
AMD,2025-11-21,CHOPPY,23.43000030517578,203.77999877929688,219.7599945068359,0.07841788116235149,4.2918999811822065,1.1776166742188328,6.876536881722009
AMD,2025-12-01,CHOPPY,17.239999771118164,219.7599945068359,221.11000061035156,0.006143093089100254,3.5321438812751262,1.2213515790175071,5.456596226666612
AMD,2026-01-30,CHOPPY,17.440000534057617,236.72999572753903,208.44000244140625,-0.11950320532549978,4.088647442371177,1.29738264110653,5.946147953675254
AMD,2026-02-02,CHOPPY,16.34000015258789,246.27000427246097,216.0,-0.12291389023151893,3.991478361711205,1.2994465140508802,5.795614645988288
AMD,2026-03-02,CHOPPY,21.440000534057617,198.6199951171875,202.67999267578125,0.020441031408737657,3.9419652780027934,1.2126996135410688,6.133151402709213
NFLX,2021-03-09,CHOPPY,24.030000686645508,50.64400100708008,52.40299987792969,0.034732620564550176,1.1185068499324862,1.20405149006933,1.7527408921440442
NFLX,2021-05-14,CHOPPY,18.809999465942383,49.33700180053711,49.78900146484375,0.009161474102824788,0.8639011976268463,1.219525096923259,1.3365877125330416
NFLX,2021-06-01,CHOPPY,17.899999618530273,49.90800094604492,49.23899841308594,-0.013404715081300027,0.8409333709878735,1.2331803446513647,1.2866461459548635
NFLX,2021-09-24,CHOPPY,17.75,59.23899841308594,61.314998626708984,0.0350444853767895,0.9662618802833289,1.203862774498701,1.514404848954036
NFLX,2021-10-01,CHOPPY,21.100000381469727,61.314998626708984,63.26599884033203,0.03181929800734246,1.1908071904429516,1.205814399212117,1.8633099929572514
NFLX,2021-12-02,CHOPPY,27.950000762939453,61.64699935913086,61.099998474121094,-0.008873114518083133,1.618323583186563,1.2304381834565499,2.48158807492123
NFLX,2022-01-20,CHOPPY,25.59000015258789,50.82500076293945,38.66999816894531,-0.2391540071133126,1.3599160832083637,1.3697857095177637,1.8731976720528465
NFLX,2022-04-07,CHOPPY,21.549999237060547,36.21500015258789,34.112998962402344,-0.05804228030730354,0.750730508353159,1.260191418881361,1.1240138887213476
NFLX,2022-08-18,CHOPPY,19.559999465942383,24.517000198364254,23.39800071716309,-0.04564177803758484,0.45855428337128706,1.252687629514698,0.6906723916584734
NFLX,2023-01-17,CHOPPY,19.36000061035156,32.62200164794922,36.382999420166016,0.11529022077813646,0.5569602879915037,1.1553044917027622,0.9096030314568065
NFLX,2023-02-01,CHOPPY,17.8700008392334,36.19900131225586,36.68299865722656,0.013370461267583,0.6009187309443162,1.2169781554813421,0.9316592259304636
NFLX,2023-03-01,CHOPPY,20.579999923706055,31.347999572753903,31.179000854492188,-0.0053910527167609235,0.6048984229093075,1.2283311189400887,0.9291613323767239
NFLX,2023-04-03,CHOPPY,18.549999237060547,34.827999114990234,33.82099914550781,-0.0289135177176745,0.6127782524899335,1.242565028092509,0.9304827964065315
NFLX,2023-05-17,CHOPPY,16.8700008392334,33.99599838256836,36.48500061035156,0.07321456483712074,0.5169139872462585,1.1807653039165185,0.8259976869777302
NFLX,2023-06-01,CHOPPY,15.649999618530272,40.3129997253418,40.9370002746582,0.015478891513105221,0.5854616910659696,1.215702302607597,0.9086473701292533
NFLX,2023-08-15,CHOPPY,16.459999084472656,42.369998931884766,41.31700134277344,-0.02485243369498681,0.6601755266124784,1.240107585769307,1.0044404335958452
NFLX,2023-09-01,CHOPPY,13.09000015258789,43.987998962402344,44.5359992980957,0.012457951000720655,0.5351375727326104,1.2175303335051442,0.8292964090274054
NFLX,2023-10-02,CHOPPY,17.610000610351562,38.03300094604492,38.595001220703125,0.014776648191802648,0.621742821436456,1.216127243940826,0.9646191785707032
NFLX,2024-04-16,CHOPPY,18.399999618530273,61.75199890136719,57.775001525878906,-0.06440273102479652,1.0963305979955773,1.2640402535029762,1.6364576146783225
NFLX,2024-05-01,CHOPPY,15.390000343322754,55.17100143432617,60.946998596191406,0.10469262858570368,0.7529423961850041,1.1617173044966438,1.2228844530755183
NFLX,2024-07-30,CHOPPY,17.690000534057617,62.257999420166016,60.957000732421875,-0.020896891963456402,1.0405312082077462,1.2377140091754837,1.5862036108717101
NFLX,2024-08-01,CHOPPY,18.59000015258789,62.48500061035156,63.03499984741211,0.008802100211061394,1.0815214731278973,1.219742561178256,1.672981347064174
NFLX,2024-10-25,CHOPPY,20.329999923706055,75.46800231933594,75.61000061035156,0.0018815694950393975,1.4334043505308989,1.2239303112926496,2.2097144628923124
NFLX,2024-11-01,CHOPPY,21.8799991607666,75.61000061035156,79.50399780273438,0.05150108664130464,1.507675751454998,1.1939045593478819,2.3826621708473508
NFLX,2024-12-24,CHOPPY,14.270000457763672,93.21199798583984,88.6729965209961,-0.048695463705576675,1.2737686253975613,1.254535475154029,1.9157186677060098
NFLX,2025-01-02,CHOPPY,17.93000030517578,88.6729965209961,83.76899719238281,-0.05530431496641829,1.5273854380879457,1.258534621861018,2.2898530299354096
NFLX,2025-02-27,CHOPPY,21.1299991607666,96.30699920654295,90.63600158691406,-0.05888458436407821,1.9583091992407913,1.2607011137378474,2.9308477458867257
NFLX,2025-03-03,CHOPPY,22.780000686645508,97.37000274658205,86.66799926757812,-0.10991068272697148,2.186811534641541,1.2915780158172718,3.1945878985194827
NFLX,2025-04-01,CHOPPY,21.770000457763672,92.83799743652344,87.04000091552734,-0.062452839150913236,1.9482797727858379,1.2628603353358616,2.9108520304554424
NFLX,2025-05-28,CHOPPY,19.309999465942383,120.8550033569336,123.96600341796876,0.02574159095297968,2.1545756315628495,1.209492140046824,3.3611107555665813
NFLX,2025-06-02,CHOPPY,18.36000061035156,121.89800262451172,122.4459991455078,0.004495533226119378,2.0882194627705877,1.2223485501007643,3.2233332480198538
NFLX,2025-10-16,CHOPPY,25.309999465942383,118.35900115966795,111.35900115966795,-0.05914210099286747,2.8831752293547654,1.260856942146957,4.314488885369102
NFLX,2025-11-21,CHOPPY,23.43000030517578,104.30999755859376,109.12999725341795,0.04620841537376765,2.2332795576611852,1.1971072594897598,3.5199310513337596
NFLX,2025-12-01,CHOPPY,17.239999771118164,109.12999725341795,96.79000091552734,-0.1130761170023224,1.8576224094614289,1.2934934827507567,2.7096757649883134
NFLX,2026-01-30,CHOPPY,17.440000534057617,83.48999786376953,82.19999694824219,-0.015450963570896668,1.3720033980042445,1.2344185701138346,2.0970890419876467
NFLX,2026-02-02,CHOPPY,16.34000015258789,82.76000213623047,81.47000122070312,-0.01558725087275717,1.274312098449259,1.2345010402577266,1.9476390634732101
NFLX,2026-03-02,CHOPPY,21.440000534057617,97.08999633789062,98.31999969482422,0.012668692999564662,1.934395943764447,1.2174028093504254,2.998024679627221
