symbol,entry_date,ml_rank,regime,signals_aligned,insider_confirmed,vix_rising,vix,equity_return,call_cost,call_pnl,call_return,kelly_fraction,kelly_weighted_pnl
NVDA,2017-03-24,1.0,CHOPPY,2,False,True,12.960000038146973,-0.0664371234264196,0.05989598279842724,-0.014240216195406191,-0.23774910319661893,0.2,-0.04754982063932379
ET,2017-04-05,0.9973614775725592,CHOPPY,2,False,True,12.890000343322754,-0.02409643730458169,0.423276645091214,-0.08600053510356398,-0.20317807774400426,0.2,-0.04063561554880085
AEP,2017-04-10,1.0,CHOPPY,2,False,True,14.050000190734863,0.005333342375578704,1.6313439944040227,0.06774735130621035,0.04152855040911247,0.2,0.008305710081822494
MSFT,2017-03-24,0.9551451187335092,CHOPPY,2,False,True,12.960000038146973,0.010772497877495037,1.4486056600913755,0.44691436866500944,0.3085134767710482,0.2,0.061702695354209636
COF,2017-04-17,0.992084432717678,CHOPPY,2,False,True,14.65999984741211,-0.017228919339467245,2.0930398818012192,-0.4135235069613057,-0.1975707728060286,0.2,-0.039514154561205724
ORCL,2017-03-27,0.9736147757255936,CHOPPY,2,False,True,12.5,-0.018733277201815775,0.9641421374056136,-0.19167056591115184,-0.19879907585712772,0.2,-0.039759815171425544
CGNX,2017-04-13,0.9630606860158312,CHOPPY,2,False,True,15.960000038146973,0.06902160065706642,1.0958080263371228,2.6156679825270697,2.386976477321736,0.2,0.4773952954643472
AAPL,2017-04-07,0.8865435356200527,CHOPPY,2,False,True,12.869999885559082,0.0020929472542375767,0.7933254491337486,-0.06922146802695184,-0.08725481843868295,0.2,-0.01745096368773659
AAPL,2017-05-04,0.8680738786279684,TRENDING_BULL,2,False,True,10.460000038146973,0.041015454561548016,0.6591187804601113,1.4036212915313586,2.129542251172895,0.2,0.4259084502345791
LLY,2017-05-17,0.9815303430079156,TRENDING_BULL,2,False,True,15.59000015258789,0.023675434970200058,2.0954869881922367,1.5059771211143809,0.7186764363607802,0.2,0.14373528727215604
AMZN,2017-06-06,0.8970976253298153,TRENDING_BULL,2,False,True,10.449999809265137,-0.01037886674513609,0.9014729063812635,-0.17306272067627326,-0.19197772828358212,0.2,-0.03839554565671643
INTU,2017-05-16,0.8865435356200527,TRENDING_BULL,2,False,True,10.649999618530272,0.10305881874234069,2.3357438955953835,12.907928644717183,5.526260250131977,0.2,1.1052520500263954
ORCL,2017-06-27,0.8918205804749341,TRENDING_BULL,2,False,True,11.0600004196167,-0.005911315015971367,0.9655096872532649,-0.18183442740066813,-0.18832998757160138,0.2,-0.03766599751432028
FTNT,2017-06-27,0.9102902374670184,TRENDING_BULL,2,False,True,11.0600004196167,0.06182796164101456,0.14154467248100885,0.44117161014460693,3.116836560583368,0.2,0.6233673121166736
BSX,2017-06-27,0.8759894459102903,TRENDING_BULL,2,False,True,11.0600004196167,0.0003595911209593065,0.5290802736330147,-0.08693246972168217,-0.16430865797499197,0.2,-0.032861731594998396
BA,2017-06-27,0.9683377308707124,TRENDING_BULL,2,False,True,11.0600004196167,0.037960697244342013,3.783846721349784,6.972933735971216,1.8428161205969285,0.2,0.3685632241193857
AAPL,2017-06-30,0.8733509234828496,TRENDING_BULL,2,False,True,11.18000030517578,0.038466831841305206,0.6924207739428877,1.2796843191423068,1.8481310314468669,0.2,0.36962620628937337
NOW,2017-07-27,0.8680738786279684,TRENDING_BULL,3,True,True,10.109999656677246,-0.055364530234297576,0.3844731699087598,-0.08793223150384377,-0.2287083687132477,0.3,-0.0686125106139743
ADBE,2017-07-27,0.8839050131926122,TRENDING_BULL,2,False,True,10.109999656677246,-0.008755121792170905,2.542517494648375,-0.48473590830017743,-0.19065194608118732,0.2,-0.038130389216237466
AAPL,2017-07-28,0.8839050131926122,TRENDING_BULL,2,False,True,10.289999961853027,0.053377897843070655,0.6615490041226221,1.9024346327081387,2.8757274530724124,0.2,0.5751454906144825
MS,2017-08-09,0.8891820580474934,TRENDING_BULL,2,False,True,11.109999656677246,-0.038824810694153195,0.9106309565912359,-0.19597119149678588,-0.21520374425921635,0.2,-0.04304074885184327
SYK,2017-08-03,0.8944591029023746,TRENDING_BULL,2,False,True,10.4399995803833,-0.006900283804937689,2.62856054663397,-0.49715931047472095,-0.1891374772064366,0.2,-0.03782749544128732
SHOP,2017-09-07,0.9921052631578948,CHOPPY,2,False,True,11.550000190734863,0.05896356797594179,0.22541883727763332,0.6384879616823412,2.8324516681627556,0.2,0.5664903336325512
SNPS,2017-09-11,0.9842105263157894,CHOPPY,2,False,True,10.729999542236328,-0.0022613104098777276,1.4691908277894457,-0.2723141839126617,-0.18534977129035543,0.2,-0.03706995425807109
NRG,2017-09-07,1.0,CHOPPY,2,False,True,11.550000190734863,0.0024865882875194185,0.479407411392653,-0.02699818935457421,-0.05631575297542002,0.2,-0.011263150595084004
NOW,2017-09-07,0.9210526315789472,CHOPPY,3,True,True,11.550000190734863,-0.023433522308432753,0.46800336752948885,-0.09483470942621591,-0.20263680991620298,0.3,-0.06079104297486089
ANET,2017-10-25,0.8717277486910995,TRENDING_BULL,2,False,True,11.229999542236328,0.12963452218729,0.2289214252008557,1.5184727003853191,6.633161134013607,0.2,1.3266322268027215
MSFT,2017-10-12,0.8923884514435696,TRENDING_BULL,2,False,True,9.90999984741211,0.021265551494305705,1.3146378430141652,1.4215852362551586,1.0813512206493214,0.2,0.2162702441298643
INTU,2017-10-12,0.9238845144356956,TRENDING_BULL,2,False,True,9.90999984741211,0.03750172218438153,2.4864246596896797,5.0898681869409454,2.0470631060971662,0.2,0.4094126212194333
AAPL,2017-10-17,0.8769633507853403,TRENDING_BULL,2,False,True,10.3100004196167,0.05340557113627058,0.7114722948469924,2.0429644988080735,2.8714603697216754,0.2,0.5742920739443351
LLY,2017-10-25,0.986910994764398,TRENDING_BULL,2,False,True,11.229999542236328,-0.00989978023566872,1.6390681939948943,-0.31402342998689936,-0.19158655578663344,0.2,-0.03831731115732669
AVGO,2017-11-13,0.9817232375979112,CHOPPY,2,False,True,11.5,0.04675296577928159,0.5242344280435747,1.1628134450986212,2.2181172828312747,0.2,0.44362345656625496
AAPL,2017-11-29,0.9634464751958224,CHOPPY,2,False,True,10.699999809265137,0.016462170257587058,0.7798438804174221,0.5648802378496187,0.724350414274276,0.2,0.14487008285485523
AMZN,2017-12-14,0.856396866840731,TRENDING_BULL,2,False,True,10.489999771118164,-0.004079197929266485,1.0594371680571728,-0.19793895826577812,-0.18683407023444762,0.2,-0.037366814046889525
SHOP,2017-12-14,0.9608355091383812,TRENDING_BULL,2,False,True,10.489999771118164,-0.021602206116707837,0.18627168777425812,-0.03746697534939489,-0.2011415465070621,0.2,-0.04022830930141242
SPGI,2017-12-14,0.8694516971279374,TRENDING_BULL,2,False,True,10.489999771118164,0.010800152742676117,3.0240503352097896,1.2817409287770491,0.4238490721709928,0.2,0.08476981443419856
ROST,2017-12-14,0.9321148825065274,TRENDING_BULL,2,False,True,10.489999771118164,0.06277311256352398,1.3625279089533142,4.559804382644978,3.3465768683944184,0.2,0.6693153736788837
INTU,2017-12-27,0.91644908616188,TRENDING_BULL,2,False,True,10.470000267028809,0.02690105454164079,2.8587168586608853,3.808210581528281,1.332139826996427,0.2,0.2664279653992854
MCD,2018-01-10,0.9477806788511748,TRENDING_BULL,2,False,True,9.81999969482422,0.012391269801975191,2.9309028002752378,1.6418316726926312,0.5601795025541102,0.2,0.11203590051082205
MSFT,2018-01-09,0.8903394255874674,TRENDING_BULL,2,False,True,10.079999923706056,0.04080705536508494,1.529653390945168,3.3702680946925194,2.2032887415168227,0.2,0.44065774830336457
FTNT,2018-01-10,0.9321148825065274,TRENDING_BULL,2,False,True,9.81999969482422,0.029705225962432785,0.14898601015729146,0.23827418045255094,1.599305734820295,0.2,0.31986114696405904
ROST,2018-01-10,0.9660574412532638,TRENDING_BULL,2,False,True,9.81999969482422,0.04598412333216925,1.362833532977436,3.511083255122255,2.5763111709259556,0.2,0.5152622341851911
EBAY,2018-01-10,0.9033942558746736,TRENDING_BULL,2,False,True,9.81999969482422,0.06153845219825214,0.6368223232358212,2.235138354748054,3.5098304082540173,0.2,0.7019660816508035
INTU,2018-01-30,0.9451697127937336,TRENDING_BULL,2,False,True,14.789999961853027,-0.05424331981987203,4.286802976604611,-0.9765032999598819,-0.22779290424336865,0.2,-0.04555858084867373
ADBE,2018-02-02,0.9007832898172324,TRENDING_BULL,2,False,True,17.309999465942383,0.030259651336200868,5.825324902635242,4.994956862754033,0.857455497545627,0.2,0.17149109950912542
PANW,2018-01-30,0.8511749347258486,TRENDING_BULL,2,False,True,14.789999961853027,0.01592954180131907,0.6548080797551168,0.29835703249908996,0.45564042613931804,0.2,0.09112808522786361
BSX,2018-03-15,0.8779220779220779,TRENDING_BULL,2,False,True,16.59000015258789,-0.018678177259827882,0.7944765241733539,-0.15790545615963225,-0.1987540869428855,0.2,-0.0397508173885771
GS,2018-03-15,0.9116883116883115,TRENDING_BULL,3,True,True,16.59000015258789,-0.05532420221156017,7.608310822955535,-1.73983383286091,-0.228675441020567,0.3,-0.0686026323061701
LRCX,2018-03-15,0.9090909090909092,TRENDING_BULL,2,False,True,16.59000015258789,-0.08929534379684634,0.6366085722938994,-0.16323456231894523,-0.25641276197516494,0.2,-0.05128255239503299
MSFT,2018-03-16,0.8701298701298701,TRENDING_BULL,2,False,True,15.800000190734863,-0.06427063350025256,2.5710686158530254,-0.6067212131111226,-0.23598017157928922,0.2,-0.047196034315857845
VST,2018-04-03,0.948051948051948,CHOPPY,2,False,True,21.100000381469727,0.07555339956428375,0.7542120489838481,1.4781258619255047,1.9598279607399374,0.2,0.3919655921479875
VRTX,2018-03-22,0.8727272727272727,TRENDING_BULL,2,False,True,23.34000015258789,-0.07134259884452113,6.66861966041579,-1.6121681922013877,-0.2417544071033238,0.2,-0.048350881420664765
NFLX,2018-04-26,0.9922279792746114,CHOPPY,2,False,True,16.239999771118164,0.04974833848117379,0.877108781928374,1.4366734940171055,1.6379650091502862,0.2,0.32759300183005724
MRVL,2018-05-21,0.9870466321243524,CHOPPY,2,False,True,13.079999923706056,0.027518663147916927,0.48238964740336676,0.5123187649979452,1.0620434492234285,0.2,0.21240868984468572
AAPL,2018-05-21,0.9766839378238342,CHOPPY,2,False,True,13.079999923706056,0.030272304684577426,1.0553961012493307,1.252415847519198,1.1866784859605262,0.2,0.23733569719210523
CAT,2018-05-29,0.937984496124031,TRENDING_BULL,2,False,True,17.020000457763672,0.025192100631329685,4.4975164441025415,3.1372113343763823,0.6975430492288947,0.2,0.13950860984577892
LOW,2018-05-31,0.9896640826873384,TRENDING_BULL,2,False,True,15.43000030517578,0.043679627750438266,2.5217423268030843,3.777189277819423,1.4978490219529765,0.2,0.29956980439059533
CMG,2018-05-31,0.9043927648578812,TRENDING_BULL,2,False,True,15.43000030517578,0.07034274016552407,0.2283555484274539,0.5764122547597889,2.5241876482931564,0.2,0.5048375296586313
NVDA,2018-05-29,0.896640826873385,TRENDING_BULL,2,False,True,17.020000457763672,0.056277413006324196,0.1819485768046513,0.32472245049581006,1.7846935447285617,0.2,0.35693870894571234
LLY,2018-06-19,0.979328165374677,TRENDING_BULL,2,False,True,13.350000381469728,-0.003570577743416308,1.99373073351371,-0.37166885815103345,-0.18641878359170996,0.2,-0.03728375671834199
ISRG,2018-06-22,0.9457364341085271,TRENDING_BULL,2,False,True,13.770000457763672,0.03354640880858486,3.815171618233182,4.807722841601697,1.2601589974681582,0.2,0.25203179949363164
MSFT,2018-06-22,0.8888888888888888,TRENDING_BULL,2,False,True,13.770000457763672,0.014341148884502171,2.3783533788960645,1.031408161807211,0.43366480816486114,0.2,0.08673296163297223
AMGN,2018-06-27,0.8863049095607235,TRENDING_BULL,2,False,True,17.90999984741211,0.05748380712651052,5.6541599414065065,9.777825244432053,1.729315290999667,0.2,0.3458630581999334
NRG,2018-06-27,0.9457364341085271,TRENDING_BULL,2,False,True,17.90999984741211,0.017782063745033678,0.9528860125124331,0.3889763423146181,0.4082086810037447,0.2,0.08164173620074894
NFLX,2018-07-16,0.9974160206718348,CHOPPY,2,False,True,12.829999923706056,-0.16360372298752288,0.8838385401094049,-0.28025220821670227,-0.31708529951863335,0.2,-0.06341705990372667
ADBE,2018-07-20,0.9276485788113696,CHOPPY,2,False,True,12.859999656677246,-0.016541157196094215,5.697064131060759,-1.122374145752584,-0.19700921736747323,0.2,-0.03940184347349465
ORCL,2018-07-27,0.8837209302325582,TRENDING_BULL,2,False,True,13.029999732971191,-0.0063746939436995255,1.0899689627658848,-0.20568622803635495,-0.18870833488176528,0.2,-0.03774166697635306
INTU,2018-07-30,0.9534883720930232,TRENDING_BULL,2,False,True,14.260000228881836,0.033994547549935875,4.971596320540826,6.1157034998016115,1.2301287364249087,0.2,0.24602574728498175
FTNT,2018-08-01,0.8682170542635659,TRENDING_BULL,2,False,True,13.149999618530272,0.179876187682514,0.2922494496323775,2.31329376292558,7.915476883995804,0.2,1.583095376799161
TMO,2018-08-14,0.8656330749354005,TRENDING_BULL,2,False,True,13.3100004196167,0.027416804485047,5.302745967773895,5.495639912189297,1.0363762370642808,0.2,0.2072752474128562
HD,2018-08-16,0.8811369509043928,TRENDING_BULL,2,False,True,13.449999809265137,0.01980651583641133,4.5205372809882,3.1135669840866083,0.6887603819088459,0.2,0.1377520763817692
ROST,2018-08-31,0.8501291989664083,TRENDING_BULL,2,False,True,12.859999656677246,0.004593886479578426,2.1187573868679004,0.05915044814288839,0.027917518310262433,0.2,0.005583503662052487
AAPL,2018-09-05,0.8863049095607235,TRENDING_BULL,2,False,True,13.90999984741211,-0.03746639125023742,1.3570930960598644,-0.29054630278716065,-0.21409459942779344,0.2,-0.04281891988555869
LLY,2018-09-11,0.9689922480620154,TRENDING_BULL,2,False,True,13.220000267028809,0.000567943571946322,2.4022892588131777,-0.37971673485166413,-0.15806453509235546,0.2,-0.031612907018471095
NVDA,2018-09-28,0.9741602067183462,TRENDING_BULL,2,False,True,12.119999885559082,-0.12269589503297272,0.14646885558760403,-0.041550899808924166,-0.28368419786056354,0.2,-0.05673683957211271
ULTA,2018-09-27,0.8708010335917312,TRENDING_BULL,2,False,True,12.40999984741211,-0.04192921622121616,5.96179523491038,-1.298112237038933,-0.2177384807578764,0.2,-0.043547696151575284
BX,2019-02-11,0.987146529562982,CHOPPY,3,True,True,15.970000267028809,0.012612672470428936,0.9147756429894913,0.26155807160856415,0.2859259246931751,0.3,0.08577777740795253
CMG,2019-02-26,0.9588688946015425,CHOPPY,2,False,True,15.170000076293944,0.052527093816261076,0.31287452501095725,0.5858049206135691,1.8723317936896702,0.2,0.37446635873793405
VST,2019-02-27,0.987146529562982,CHOPPY,2,False,True,14.699999809265137,-0.004971287291127999,0.661232911423385,-0.12402247027512026,-0.18756245814828948,0.2,-0.0375124916296579
PHM,2019-02-27,0.9948586118251928,CHOPPY,2,False,True,14.699999809265137,0.01587302704886488,0.6850019094708653,0.313177923999448,0.45719277518710066,0.2,0.09143855503742014
AVGO,2019-02-13,0.9562982005141388,CHOPPY,2,False,True,15.649999618530272,-0.02118586207995391,0.7573216720552081,-0.15207140575392797,-0.20080160302456274,0.2,-0.04016032060491255
NEE,2019-03-20,0.9820051413881749,CHOPPY,2,False,True,13.90999984741211,-0.0029493736398324565,1.1357661439070321,-0.21115206987992818,-0.1859115725650755,0.2,-0.037182314513015104
ETSY,2019-03-20,0.9640102827763496,CHOPPY,2,False,True,13.90999984741211,0.008127685721217501,1.6485867395727838,0.2684166520707536,0.16281621441423902,0.2,0.03256324288284781
MDB,2019-03-22,0.961439588688946,TRENDING_BULL,2,False,True,16.479999542236328,-0.11194024260037104,4.330442485275193,-1.190448358549884,-0.2749022444236972,0.2,-0.05498044888473944
AAPL,2019-03-20,0.897172236503856,CHOPPY,2,False,True,13.90999984741211,0.03821217209539273,1.125537300745956,1.626077552561455,1.4447122734037898,0.2,0.28894245468075797
AMD,2019-03-22,0.9922879177377892,TRENDING_BULL,2,False,True,16.479999542236328,0.09897605688050501,0.7475371568296874,2.5332342566161232,3.3887736997042333,0.2,0.6777547399408467
FTNT,2019-03-22,0.8894601542416453,TRENDING_BULL,2,False,True,16.479999542236328,-0.0126775209483143,0.48299346805330096,-0.09363049182599653,-0.19385457158121214,0.2,-0.03877091431624243
CRM,2019-05-01,0.8538461538461538,TRENDING_BULL,3,True,True,14.800000190734863,-0.04372492509877514,4.128041960822237,-0.904886079552552,-0.21920467091674467,0.3,-0.0657614012750234
INTU,2019-04-09,0.8794871794871795,TRENDING_BULL,2,False,True,14.279999732971191,0.01985328223102479,6.359539732823677,4.076106374457574,0.6409436131705329,0.2,0.1281887226341066
ADBE,2019-04-30,0.8897435897435897,TRENDING_BULL,2,False,True,13.119999885559082,-0.06012105323573898,6.527887246035297,-1.5183346994479665,-0.23259205348102863,0.2,-0.04651841069620573
FTNT,2019-05-01,0.953846153846154,TRENDING_BULL,2,False,True,14.800000190734863,-0.117967196883564,0.46787023794299154,-0.13092096213282567,-0.27982323198933196,0.2,-0.05596464639786639
AVGO,2019-05-09,0.8615384615384616,TRENDING_BULL,2,False,True,19.100000381469727,-0.14460959479286184,0.998983038641782,-0.3012699669814597,-0.3015766587899896,0.2,-0.06031533175799793
MSFT,2019-05-02,0.9948717948717948,TRENDING_BULL,2,False,True,14.420000076293944,0.02155133199460762,3.13057758804579,2.2006093870300973,0.7029403760613359,0.2,0.14058807521226718
MSFT,2019-06-26,0.903061224489796,TRENDING_BULL,2,False,True,16.209999084472656,0.033375654932828513,3.734446833987299,3.8864852728347064,1.0407124389785662,0.2,0.20814248779571326
INTU,2019-06-27,0.9540816326530612,TRENDING_BULL,2,False,True,15.81999969482422,0.09170899863446283,7.02060877218701,22.89740172181057,3.2614553046341785,0.2,0.6522910609268358
EBAY,2019-07-17,0.8727735368956743,TRENDING_BULL,2,False,True,13.970000267028809,0.05534204240246768,0.9379083398934115,2.030271338379934,2.164679907431747,0.2,0.43293598148634943
ADBE,2019-07-31,0.916030534351145,TRENDING_BULL,2,False,True,16.1200008392334,-0.05085987564234369,8.287017890474038,-1.8648304007794652,-0.22503033364065686,0.2,-0.04500606672813137
ORCL,2019-07-31,0.8905852417302799,TRENDING_BULL,2,False,True,16.1200008392334,-0.0706927104115557,1.5611293708736584,-0.3765815207609171,-0.2412237754198231,0.2,-0.04824475508396462
NEM,2019-08-23,0.9848101265822784,CHOPPY,2,False,True,19.8700008392334,-0.03155210910539135,1.343246980271121,-0.2810953963938676,-0.20926560827788446,0.2,-0.04185312165557689
MSFT,2019-08-01,0.9236641221374046,TRENDING_BULL,2,False,True,17.8700008392334,-0.03172537273842549,4.243829035008265,-0.8886878353839727,-0.209407077441856,0.2,-0.0418814154883712
TTD,2019-08-26,0.9949367088607596,CHOPPY,3,True,True,19.31999969482422,-0.16264051071262195,0.8336888368999679,-0.26369481202362943,-0.31629883998946895,0.3,-0.09488965199684068
NOC,2019-08-29,0.9265822784810128,CHOPPY,2,False,True,17.8799991607666,-0.011551110495482454,11.316135299796239,-2.183276994492802,-0.19293486129775372,0.2,-0.038586972259550746
ENPH,2019-09-03,0.9974683544303796,CHOPPY,2,False,True,19.65999984741211,-0.09494588432047918,0.9367608600754919,-0.24451932339079785,-0.2610264089931047,0.2,-0.05220528179862094
FTNT,2019-08-23,0.9772151898734176,CHOPPY,2,False,True,19.8700008392334,-0.01667701643666914,0.5492615517069664,-0.10827051724977327,-0.19712014597288996,0.2,-0.03942402919457799
LOW,2019-09-20,0.8810126582278481,TRENDING_BULL,2,False,True,15.31999969482422,-0.03190339712270874,2.9240894013397307,-0.6127500505326919,-0.2095524337429451,0.2,-0.04191048674858902
PANW,2019-11-06,0.8664987405541562,TRENDING_BULL,2,False,True,12.619999885559082,0.06523707895661199,0.8418820618650246,2.4203579224258354,2.874937039356804,0.2,0.5749874078713608
FTNT,2019-11-06,0.9697732997481108,TRENDING_BULL,2,False,True,12.619999885559082,0.10031146260005996,0.4042510091677774,1.8269283491795678,4.51929199370615,0.2,0.9038583987412301
LLY,2019-11-06,0.9042821158690176,TRENDING_BULL,2,False,True,12.619999885559082,0.0069407917558030685,2.4708329062958554,0.3505971673180426,0.1418943249560488,0.2,0.028378864991209764
AAPL,2019-11-06,0.853904282115869,TRENDING_BULL,2,False,True,12.619999885559082,0.023130199163862934,1.3960574468250087,1.2576872990019823,0.9008850616156839,0.2,0.1801770123231368
MSFT,2019-12-03,0.9269521410579346,CHOPPY,2,False,True,15.960000038146973,0.036032449070941976,4.099087811205218,4.74840494046806,1.1584052743363722,0.2,0.23168105486727444
LLY,2019-12-05,0.8639798488664987,CHOPPY,2,False,True,14.520000457763672,0.09251072698506793,2.9914387355812218,10.757027628898742,3.5959378010824294,0.2,0.7191875602164859
NVDA,2019-12-09,0.9874055415617128,CHOPPY,2,False,True,15.859999656677246,0.12560687346736527,0.14470801452002044,0.654536717620667,4.5231545729632785,0.2,0.9046309145926558
ISRG,2019-12-23,0.8844221105527639,TRENDING_BULL,2,False,True,12.609999656677246,-0.026179236446024802,4.319555134944662,-0.8849847374823772,-0.20487867612175178,0.2,-0.04097573522435036
MSFT,2019-12-31,0.8592964824120602,TRENDING_BULL,2,False,True,13.779999732971191,0.03474949799357079,3.7380606161881227,4.900108243094958,1.3108691233829777,0.2,0.26217382467659556
ADBE,2020-01-22,0.9271356783919598,TRENDING_BULL,2,False,True,12.90999984741211,0.04424952963036628,7.773814407942171,14.344333435865096,1.8452117175848846,0.2,0.36904234351697696
FTNT,2020-01-27,0.9346733668341708,TRENDING_BULL,2,False,True,18.229999542236328,0.037577585527952456,0.7176653705948014,0.7503259485422603,1.0455094801639793,0.2,0.20910189603279586
NVDA,2020-01-22,0.9974874371859296,TRENDING_BULL,2,False,True,12.90999984741211,0.002598877889344189,0.1388553898060707,-0.008935657618211579,-0.0643522561903529,0.2,-0.01287045123807058
MSFT,2020-01-29,0.9020100502512562,TRENDING_BULL,2,False,True,16.389999389648438,0.099202654687978,4.737585255589514,16.184388242683987,3.4161682311868193,0.2,0.6832336462373639
AMZN,2020-01-29,0.8969849246231156,TRENDING_BULL,2,False,True,16.389999389648438,0.1625403468902498,2.6191483876330737,14.966972499604418,5.714442362362708,0.2,1.1428884724725417
CL,2020-02-20,0.9874371859296482,CHOPPY,2,False,True,15.5600004196167,-0.03752005304438813,2.0116936380504593,-0.4307808853056636,-0.21413841409924383,0.2,-0.04282768281984877
DLR,2020-06-09,0.8827930174563591,TRENDING_BULL,2,False,True,27.56999969482422,0.0030393550152377586,6.709609498808957,-0.7845776279941656,-0.1169334263243544,0.2,-0.02338668526487088
CMG,2020-06-09,0.9077306733167082,TRENDING_BULL,2,False,True,27.56999969482422,-0.00029826692329916064,0.9859256474595642,-0.18116083360066426,-0.1837469529953517,0.2,-0.03674939059907034
AMT,2020-06-09,0.8503740648379052,TRENDING_BULL,2,False,True,27.56999969482422,-0.00474115637915655,12.60351950646765,-2.3615788847386803,-0.18737455704549885,0.2,-0.037474911409099775
TEAM,2020-06-09,0.8528678304239401,TRENDING_BULL,2,False,True,27.56999969482422,0.05065119790818999,8.23003691361599,7.620134399976571,0.9258931010831336,0.2,0.18517862021662673
FTNT,2020-06-09,0.9825436408977556,TRENDING_BULL,2,False,True,27.56999969482422,0.00846084248481555,1.2891859642776355,0.0023355275691621102,0.0018116296902679725,0.2,0.00036232593805359453
SBAC,2020-06-10,0.9476309226932668,TRENDING_BULL,2,False,True,27.56999969482422,-0.05994383377828997,14.51756919026986,-3.3745705505964203,-0.23244735439994774,0.2,-0.04648947087998955
ITW,2020-06-11,0.85785536159601,TRENDING_BULL,2,False,True,40.790000915527344,0.035054844155168685,11.589116390707519,3.9950716114023717,0.34472616174652737,0.2,0.06894523234930548
LOW,2020-07-24,0.9029850746268656,TRENDING_BULL,2,False,True,25.84000015258789,0.039107665427047876,6.535275660715368,4.759434256716003,0.7282683246746202,0.2,0.14565366493492404
SHOP,2020-08-19,0.9429280397022332,TRENDING_BULL,2,False,True,22.540000915527344,0.06488882598537947,3.9125319603409827,6.037325358932069,1.5430737486949264,0.2,0.3086147497389853
CELH,2020-08-20,0.9900744416873448,TRENDING_BULL,2,False,True,22.719999313354492,-0.18531475002313327,0.29806332723402357,-0.09979526183630569,-0.33481227886163845,0.2,-0.06696245577232769
MS,2020-08-19,0.8808933002481389,TRENDING_BULL,2,False,True,22.540000915527344,0.03659725729424416,1.9917229680001196,1.5740288341214577,0.7902850242782173,0.2,0.15805700485564347
NEM,2020-08-19,0.9255583126550868,TRENDING_BULL,2,False,True,22.540000915527344,0.02349189668842898,2.558183586668571,1.1296286433876146,0.44157450203122,0.2,0.08831490040624401
MRVL,2020-08-21,0.9230769230769232,TRENDING_BULL,2,False,True,22.540000915527344,0.11655713187657345,1.2973145818860936,3.7854033468355843,2.9178762034202967,0.2,0.5835752406840594
NVDA,2020-09-01,0.9181141439205956,TRENDING_BULL,2,False,True,26.1200008392334,-0.0945300937341575,0.6209806994153994,-0.1618815442961119,-0.2606869174009911,0.2,-0.052137383480198224
SMCI,2020-08-27,0.9627791563275434,TRENDING_BULL,2,False,True,24.469999313354492,-0.018738059126895665,0.11007054009173156,-0.021882351411552287,-0.19880298028260585,0.2,-0.03976059605652117
TJX,2020-09-02,0.8560794044665012,TRENDING_BULL,3,True,True,26.56999969482422,-0.013925628801374771,2.592804519243593,-0.5052692735976256,-0.19487364737586518,0.3,-0.05846209421275955
BE,2020-09-24,0.9900744416873448,CHOPPY,2,False,True,28.510000228881836,0.4113621713748218,0.7164945182340992,6.119175162842928,8.540435421508164,0.2,1.708087084301633
TSLA,2020-09-24,0.9875930521091812,CHOPPY,2,False,True,28.510000228881836,0.09832634550927934,6.339252153265332,12.055651983134478,1.9017467189603183,0.2,0.3803493437920637
BE,2020-10-05,1.0,CHOPPY,2,False,True,27.959999084472656,0.03502818673222486,0.8512867689283661,0.48813203677218,0.5734049377822001,0.2,0.11468098755644003
IRTC,2020-10-06,0.9753086419753086,CHOPPY,2,False,True,29.479999542236328,-0.046581170497796594,11.86612107653763,-2.6287823198793934,-0.22153678551933637,0.2,-0.044307357103867274
DXCM,2020-10-07,0.9310344827586208,CHOPPY,2,False,True,28.059999465942383,-0.01518462971690752,4.752158184652364,-0.9309554741280874,-0.19590161731878247,0.2,-0.039180323463756495
ROST,2020-10-15,0.9285714285714286,TRENDING_BULL,2,False,True,26.969999313354492,-0.09564408300374928,4.462480349056953,-1.167369177402314,-0.26159648583080297,0.2,-0.0523192971661606
CRM,2020-10-15,0.8891625615763546,TRENDING_BULL,3,True,True,26.969999313354492,-0.07985411195707172,11.956236737875981,-2.9735642419101964,-0.24870402845824283,0.3,-0.07461120853747284
AMZN,2020-10-15,0.913793103448276,TRENDING_BULL,2,False,True,26.969999313354492,-0.03823095390091926,7.744390894815374,-1.6628668015060422,-0.21471886221798014,0.2,-0.04294377244359603
FTNT,2020-10-15,0.9014778325123152,TRENDING_BULL,2,False,True,26.969999313354492,-0.10436432486482616,1.2224384646583115,-0.3284894266342189,-0.26871653349523505,0.2,-0.05374330669904701
INTU,2020-10-15,0.9458128078817734,TRENDING_BULL,2,False,True,26.969999313354492,-0.04784050007527437,15.86479230358631,-3.5309478768456337,-0.22256502381360813,0.2,-0.04451300476272163
LRCX,2020-10-19,0.9359605911330048,TRENDING_BULL,2,False,True,29.18000030517578,-0.03471125992036968,1.8248986891235013,-0.3865957433063314,-0.2118450441169495,0.2,-0.0423690088233899
MS,2020-12-10,0.9606879606879608,TRENDING_BULL,2,False,True,22.520000457763672,0.056641740505879515,2.4962575345216544,3.3073684919188198,1.3249307998794262,0.2,0.26498615997588526
LOW,2020-12-10,0.9705159705159704,TRENDING_BULL,2,False,True,22.520000457763672,0.015915634953997924,6.20655447044581,1.4917336429634398,0.2403481110279034,0.2,0.048069622205580684
SCHW,2020-12-11,0.9164619164619164,TRENDING_BULL,2,False,True,23.309999465942383,0.0710094740008665,1.981975684987598,3.261211960661073,1.6454348988047651,0.2,0.329086979760953
AXP,2020-12-22,0.8501228501228502,TRENDING_BULL,3,True,True,24.229999542236328,0.06206896919189975,4.7743467379275355,6.475851261251604,1.356384782405365,0.3,0.40691543472160946
ORCL,2021-01-06,0.8602941176470589,TRENDING_BULL,2,False,True,25.06999969482422,-0.02173566592591915,2.6982732446944535,-0.5430288827632093,-0.20125051598497418,0.2,-0.04025010319699484
NET,2021-01-05,0.9411764705882352,TRENDING_BULL,2,False,True,25.34000015258789,0.111392105597157,3.275240879003765,8.066872175513602,2.4629859218071664,0.2,0.4925971843614333
INTU,2021-01-06,0.9852941176470588,TRENDING_BULL,2,False,True,25.06999969482422,0.0574792243767313,15.567790412108204,18.62387839157531,1.196308396925113,0.2,0.2392616793850226
PLD,2021-02-18,0.9681372549019608,TRENDING_BULL,2,False,True,22.489999771118164,-0.09585932602253938,4.092215106087164,-1.071228278133011,-0.2617722310197136,0.2,-0.05235444620394272
WSM,2021-03-08,0.9607843137254902,TRENDING_BULL,2,False,True,25.469999313354492,0.3687172649881263,2.880866561622956,24.583657158776315,8.533424451609083,0.2,1.7066848903218166
PCG,2021-03-23,0.9509803921568628,CHOPPY,2,False,True,20.299999237060547,0.03846154517944726,0.38131519212292786,0.36200215037230465,0.9493515019868469,0.2,0.1898703003973694
MPWR,2021-03-08,1.0,TRENDING_BULL,2,False,True,25.469999313354492,0.15292171596797358,13.233453670719364,45.41394824270335,3.4317532953009287,0.2,0.6863506590601858
MO,2021-03-08,0.9852941176470588,TRENDING_BULL,2,False,True,25.469999313354492,0.10106604924424262,2.054789016494818,4.532498415306742,2.2058218040500086,0.2,0.44116436081000177
PINS,2021-03-24,0.9975490196078431,CHOPPY,2,False,True,21.200000762939453,0.23534490290115406,2.5381106543291714,16.401971950027146,6.462276150982955,0.2,1.292455230196591
BA,2021-04-20,0.9485294117647058,TRENDING_BULL,2,False,True,18.68000030517578,-0.0018371045042568932,7.52089491653353,-1.3913911954225586,-0.18500340861880668,0.2,-0.037000681723761336
GS,2021-05-04,0.8774509803921569,TRENDING_BULL,3,True,True,19.479999542236328,0.042076381702468094,11.722597340012568,12.971596960066586,1.1065463210777382,0.3,0.33196389632332146
GE,2021-05-05,0.928921568627451,TRENDING_BULL,2,False,True,19.149999618530273,-0.009084066023966157,2.168836589425812,-0.41407542662921437,-0.19092052792176412,0.2,-0.038184105584352826
AVAV,2021-05-05,0.9926470588235294,TRENDING_BULL,2,False,True,19.149999618530273,-0.006844850881286132,3.5131369602535476,-0.6643068543795985,-0.1890922164138043,0.2,-0.037818443282760864
NXPI,2021-05-11,0.9534313725490196,TRENDING_BULL,2,False,True,21.84000015258789,0.06346734001669466,7.233342590201992,11.267496202077325,1.5577163754610273,0.2,0.3115432750922055
ORCL,2021-06-03,0.8774509803921569,CHOPPY,2,False,True,18.040000915527344,-0.04353186507233107,2.516339770062137,-0.5511967733978769,-0.21904703806523948,0.2,-0.0438094076130479
SNPS,2021-05-17,0.9779411764705882,TRENDING_BULL,2,False,True,19.719999313354492,0.0755085056110964,8.005424093858995,16.844538533774536,2.1041406846510573,0.2,0.4208281369302115
NRG,2021-06-18,0.982843137254902,TRENDING_BULL,2,False,True,20.700000762939453,0.12557757045161907,1.309982836758229,4.513929933162285,3.4457931863693405,0.2,0.6891586372738682
LLY,2021-07-07,0.8655256723716381,TRENDING_BULL,2,False,True,16.200000762939453,0.006233508253152762,6.571448807466759,0.29754893420684514,0.045279046208007795,0.2,0.00905580924160156
JNJ,2021-07-07,0.8508557457212714,TRENDING_BULL,2,False,True,16.200000762939453,0.0004722379394681572,4.72084272734214,-0.7844686846465363,-0.16617132362894801,0.2,-0.0332342647257896
MRK,2021-07-07,0.8533007334963325,TRENDING_BULL,2,False,True,16.200000762939453,-0.027622177143358812,2.1891823689125687,-0.4510959841942188,-0.2060568322676066,0.2,-0.041211366453521324
BMY,2021-07-07,0.8704156479217604,TRENDING_BULL,2,False,True,16.200000762939453,0.00029794865419706477,1.870948414974085,-0.32286600538247967,-0.17256809583761387,0.2,-0.034513619167522776
NVDA,2021-07-14,0.9633251833740832,TRENDING_BULL,2,False,True,16.329999923706055,-0.017060155767851505,0.5573475737172987,-0.11003879121929372,-0.1974329779268193,0.2,-0.03948659558536386
ADBE,2021-07-28,0.9119804400977995,TRENDING_BULL,2,False,True,18.309999465942383,0.008229798568840948,19.556422623866577,1.6527873546822853,0.0845137879493988,0.2,0.01690275758987976
APA,2021-09-30,1.0,CHOPPY,2,False,True,23.13999938964844,0.22351838263958534,0.8530038000307764,4.789144789809979,5.614447191955284,0.2,1.1228894383910568
ADBE,2021-10-27,0.8963855421686747,CHOPPY,2,False,True,16.979999542236328,0.011592273953327865,18.695513091732668,4.16624634099146,0.2228473923421665,0.2,0.0445694784684333
MPWR,2021-11-19,0.9662650602409638,CHOPPY,2,False,True,17.90999984741211,-0.10580280550549727,17.57863724879067,-4.74431682984082,-0.26989104802007374,0.2,-0.053978209604014754
BNTX,2021-11-26,0.9951807228915662,CHOPPY,2,False,True,28.6200008392334,-0.25954025093166305,17.132247178145562,-6.7743842935331156,-0.395417146571101,0.2,-0.0790834293142202
FTNT,2021-11-24,0.9686746987951808,CHOPPY,2,False,True,18.579999923706055,-0.05047416419567241,2.1300916599088637,-0.47866440272289745,-0.2247154015632253,0.2,-0.044943080312645066
VRT,2021-11-11,0.927710843373494,TRENDING_BULL,2,False,True,17.65999984741211,-0.03445693071181249,0.8110869517022573,-0.17165632161815447,-0.21163738518773256,0.2,-0.04232747703754652
LLY,2021-11-10,0.9734939759036144,TRENDING_BULL,2,False,True,18.729999542236328,-0.010013202182505615,8.526584504617785,-1.6343685931882526,-0.19167916441842794,0.2,-0.03833583288368559
PFE,2021-11-10,0.946987951807229,TRENDING_BULL,2,False,True,18.729999542236328,0.03814767267283042,1.579343230527378,1.6293765545099606,1.0316798293211256,0.2,0.20633596586422512
TMO,2021-11-10,0.9301204819277108,TRENDING_BULL,2,False,True,18.729999542236328,0.009794874121681238,20.196390557085017,2.5954281827070425,0.12850950645716,0.2,0.025701901291432003
LPLA,2021-12-02,0.9662650602409638,CHOPPY,2,False,True,27.950000762939453,0.00043370964996879786,7.758843533184866,-1.351034670303993,-0.17412835618163544,0.2,-0.03482567123632709
STLD,2021-12-01,0.9686746987951808,CHOPPY,2,False,True,31.1200008392334,-0.0045693088012599544,3.163144533993377,-0.5922489757560823,-0.18723424408570585,0.2,-0.03744684881714117
QCOM,2021-11-11,0.9542168674698795,TRENDING_BULL,2,False,True,17.65999984741211,0.06884811732321748,4.994715779141381,10.684234114915586,2.1391075263049832,0.2,0.42782150526099666
PEP,2022-01-13,0.8857142857142857,TRENDING_BULL,2,False,True,20.309999465942383,-0.008669161616320895,6.0851827496434066,-1.159724837688497,-0.19058175989150977,0.2,-0.03811635197830196
KMB,2022-01-13,0.8547619047619047,TRENDING_BULL,3,True,True,20.309999465942383,-0.027783618431387082,4.992030060541771,-1.0292999315907734,-0.20618864852730198,0.3,-0.06185659455819059
META,2022-12-15,0.9474885844748858,CHOPPY,2,False,True,22.829999923706055,0.03607399704663941,4.5613203581462045,3.487327407361933,0.7645434070715524,0.2,0.1529086814143105
NU,2023-02-08,0.9795454545454544,TRENDING_BULL,2,False,True,19.6299991607666,-0.023952167048707437,0.16917004789173468,-0.034351717558673334,-0.20306028157335346,0.2,-0.04061205631467069
MSFT,2023-02-13,0.8909090909090909,TRENDING_BULL,2,False,True,20.34000015258789,-0.08071652868969455,9.492884951052648,-2.36760324186078,-0.24940818877176438,0.2,-0.04988163775435288
ROST,2023-02-08,0.8590909090909091,TRENDING_BULL,2,False,True,19.6299991607666,-0.02620316233711236,3.8659236600596376,-0.79212084385781,-0.20489821153002033,0.2,-0.040979642306004066
STLD,2023-02-24,0.9818181818181818,CHOPPY,2,False,True,21.670000076293945,0.015696207682291668,4.417155707805139,1.1060472608156973,0.250398069251058,0.2,0.050079613850211604
SMCI,2023-02-08,0.9613636363636364,TRENDING_BULL,2,False,True,19.6299991607666,0.10619569347015123,0.28775791121518374,0.8771462064026829,3.048208831856435,0.2,0.6096417663712871
FSLR,2023-02-08,0.9954545454545456,TRENDING_BULL,2,False,True,19.6299991607666,0.0,5.591053005984543,-1.025977342812479,-0.18350341907227402,0.2,-0.03670068381445481
MPLX,2023-03-17,0.8295454545454546,CHOPPY,2,False,True,25.510000228881836,0.025602876047778316,1.4739607328850837,0.6203364253759216,0.420863603443285,0.2,0.084172720688657
APP,2023-03-17,0.9863636363636364,CHOPPY,2,False,True,25.510000228881836,0.16494078895949904,0.5932703094017905,2.2010302545775335,3.7099956288001135,0.2,0.7419991257600227
APP,2023-05-04,0.9795454545454544,TRENDING_BULL,2,False,True,20.09000015258789,0.5090251899688156,0.5743497375343004,8.59331364669285,14.961813482468344,0.2,2.992362696493669
NVDA,2023-05-04,0.9545454545454546,TRENDING_BULL,2,False,True,20.09000015258789,0.14933601265457502,0.9524805550130422,4.057353969798276,4.259776169123704,0.2,0.8519552338247408
VRT,2023-05-04,0.95,TRENDING_BULL,2,False,True,20.09000015258789,0.1153039531898539,0.49452133394126113,1.6058101141517942,3.2472008868732267,0.2,0.6494401773746454
META,2023-05-04,0.9431818181818182,TRENDING_BULL,2,False,True,20.09000015258789,0.05708291190120811,8.06992457222301,12.22526614419999,1.5149170273883135,0.2,0.3029834054776627
APP,2023-05-30,0.9863636363636364,CHOPPY,2,False,True,17.459999084472656,-0.07057363255380526,0.727717917523797,-0.17547210992049345,-0.24112654875610556,0.2,-0.048225309751221114
WELL,2023-05-30,0.9272727272727272,CHOPPY,2,False,True,17.459999084472656,0.12060713833011921,2.1963685643910877,8.633246642326617,3.930691224730792,0.2,0.7861382449461585
SCHW,2023-06-12,0.9340909090909092,TRENDING_BULL,2,False,True,15.010000228881836,0.02316101485505423,1.3934730450775779,1.0206447465362491,0.7324467094226623,0.2,0.14648934188453247
MSFT,2023-06-28,0.8772727272727273,TRENDING_BULL,2,False,True,13.43000030517578,0.02027690169669008,7.758661928483215,5.514709136390713,0.7107809551728741,0.2,0.14215619103457483
AAPL,2023-07-06,0.8704545454545455,TRENDING_BULL,2,False,True,15.4399995803833,0.006881848396956038,5.094293581554094,0.4138118988494819,0.08123047724376381,0.2,0.016246095448752763
NVDA,2023-07-07,0.9954545454545456,TRENDING_BULL,2,False,True,14.829999923706056,0.0424911141774129,1.0842418404634993,1.644654194208849,1.5168702524021587,0.2,0.30337405048043176
CAT,2023-07-07,0.875,TRENDING_BULL,2,False,True,14.829999923706056,0.05086059871611582,6.254485961242538,11.582014859026096,1.8517932458073936,0.2,0.37035864916147876
ORCL,2023-07-11,0.8931818181818182,TRENDING_BULL,2,False,True,14.84000015258789,0.026723535586896153,2.932538803546389,2.595855842711162,0.8851906203498251,0.2,0.17703812406996502
INTU,2023-07-07,0.9363636363636364,TRENDING_BULL,2,False,True,14.829999923706056,0.09890891436843478,11.433225230355156,43.15528409150462,3.774550332213132,0.2,0.7549100664426265
BA,2023-07-19,0.8636363636363636,TRENDING_BULL,2,False,True,13.760000228881836,0.10920420955305517,4.93739875771729,22.314211713310478,4.519426687672887,0.2,0.9038853375345774
SNOW,2023-08-02,0.9113636363636364,TRENDING_BULL,2,False,True,16.09000015258789,-0.09058325096739421,4.55566038341696,-1.1729200655283032,-0.2574643337764695,0.2,-0.0514928667552939
AMZN,2023-07-25,0.9159090909090908,TRENDING_BULL,2,False,True,13.859999656677246,0.08371406450734663,3.0786181999815736,10.455491065875322,3.396163598960696,0.2,0.6792327197921393
AXON,2023-08-16,0.9590909090909092,CHOPPY,2,False,True,16.780000686645508,0.05139957857835615,5.795325946838529,9.499761004622867,1.639210821231752,0.2,0.32784216424635043
SHOP,2023-08-17,0.9931818181818182,CHOPPY,2,False,True,17.889999389648438,0.24934228370337283,1.6377614766488098,13.30288895823382,8.12260463315709,0.2,1.6245209266314182
NVDA,2023-08-03,1.0,TRENDING_BULL,2,False,True,15.920000076293944,-0.026305686525544717,1.2190313729652058,-0.24987939402732529,-0.20498192217933792,0.2,-0.04099638443586759
GE,2023-08-03,0.9477272727272728,TRENDING_BULL,2,False,True,15.920000076293944,-0.012459936712107815,2.4556652173990106,-0.4756056630783909,-0.19367691479628585,0.2,-0.03873538295925717
AMZN,2023-09-20,0.8568181818181818,TRENDING_BULL,2,False,True,15.140000343322754,-0.061275731373567406,3.5233598879055883,-0.8228273025975543,-0.2335348442326374,0.2,-0.04670696884652748
NFLX,2023-09-29,0.8204545454545454,CHOPPY,2,False,True,17.520000457763672,-0.05805078457395356,1.1379718656241933,-0.2627596226174621,-0.23090168619707907,0.2,-0.046180337239415815
EOG,2023-09-20,0.9,TRENDING_BULL,2,False,True,15.140000343322754,-0.048924297925485555,3.268398905135247,-0.7303235426892534,-0.2234499410527224,0.2,-0.044689988210544485
VST,2023-09-20,0.9772727272727272,TRENDING_BULL,2,False,True,15.140000343322754,-0.029375409970844705,0.8422312437513306,-0.17475316340058333,-0.20748834087681903,0.2,-0.04149766817536381
PLTR,2023-10-04,0.975,CHOPPY,2,False,True,18.579999923706055,0.0934520828659945,0.5027358587782332,1.416107879867326,2.8168030092557994,0.2,0.5633606018511599
LLY,2023-09-29,0.8954545454545455,CHOPPY,2,False,True,17.520000457763672,0.13417609641811484,16.187469833404577,70.87295857800459,4.378260426577021,0.2,0.8756520853154042
ANF,2023-09-20,0.9863636363636364,TRENDING_BULL,2,False,True,15.140000343322754,0.09711444911672108,1.3086617130123201,4.743625688272299,3.624791373588265,0.2,0.7249582747176531
APP,2023-09-21,0.9818181818181818,TRENDING_BULL,2,False,True,17.540000915527344,0.0327784126234331,1.1597874920218438,1.0782170943269542,0.9296678070284333,0.2,0.18593356140568668
OXY,2023-10-18,0.9659090909090908,CHOPPY,2,False,True,19.219999313354492,-0.07729322390448778,2.198570815101175,-0.5421963029836472,-0.2466130721191694,0.2,-0.049322614423833885
INTU,2024-01-02,0.85,TRENDING_BULL,2,False,True,13.199999809265137,-0.006492617673830298,13.708934911549767,-2.5883102356706917,-0.18880461920422734,0.2,-0.03776092384084547
CRM,2024-01-03,0.8590909090909091,TRENDING_BULL,3,True,True,14.039999961853027,0.08981891457319789,6.0821518183389935,21.949945237597717,3.6089111046873112,0.3,1.0826733314061934
PLTR,2024-01-30,0.9590909090909092,TRENDING_BULL,2,False,True,13.3100004196167,0.4342891611209422,0.3832648247178726,7.335574078319029,19.13970081579718,0.2,3.827940163159436
NET,2024-01-19,0.8590909090909091,TRENDING_BULL,2,False,True,13.300000190734863,0.015980369712869348,1.8611211384840334,0.9827647141129403,0.528049837160759,0.2,0.10560996743215181
VRT,2024-02-01,0.9818181818181818,TRENDING_BULL,2,False,True,13.880000114440918,0.056844956612148445,1.419645183736228,3.1853823267478782,2.2437876472518123,0.2,0.4487575294503625
MSFT,2024-02-16,0.9318181818181818,TRENDING_BULL,2,False,True,14.239999771118164,0.02687723589258743,9.897403697214289,9.261008669443838,0.9357008113198848,0.2,0.18714016226397698
INTU,2024-02-16,0.8977272727272727,TRENDING_BULL,2,False,True,14.239999771118164,0.019321656599939462,16.062276500944186,9.975899797199617,0.6210763335205446,0.2,0.12421526670410893
NVDA,2024-04-10,0.9659090909090908,TRENDING_BULL,2,False,True,15.800000190734863,-0.08458276620616291,2.365573452759238,-0.597460960889391,-0.2525649584850152,0.2,-0.050512991697003046
PLTR,2024-04-10,0.9704545454545456,TRENDING_BULL,2,False,True,15.800000190734863,-0.03702051386626287,0.6093378381961686,-0.13023410646037192,-0.21373054206826508,0.2,-0.04274610841365302
AMGN,2024-05-13,0.8636363636363636,CHOPPY,2,False,True,13.600000381469728,-0.02677908717371323,7.215877599982467,-1.48191361390072,-0.2053684521899763,0.2,-0.04107369043799526
NEM,2024-05-14,0.8727272727272727,CHOPPY,2,False,True,13.420000076293944,-0.021846378008991467,0.9827014817155835,-0.19785801257425184,-0.20134091202227017,0.2,-0.04026818240445404
ESS,2024-05-30,0.9363636363636364,TRENDING_BULL,2,False,True,14.470000267028809,0.07668233816699455,6.362017282006475,18.830885597526333,2.9598922421643254,0.2,0.5919784484328651
AMD,2024-06-21,0.9045454545454544,TRENDING_BULL,2,False,True,13.199999809265137,0.10829254590673484,3.660877635927392,17.111919757981553,4.674267063735573,0.2,0.9348534127471146
MSFT,2024-06-26,0.9159090909090908,TRENDING_BULL,2,False,True,12.550000190734863,0.0056174993903707416,9.761157528818426,0.7935739633673489,0.08129916570083362,0.2,0.016259833140166723
UPST,2024-07-10,0.979591836734694,TRENDING_BULL,2,False,True,12.850000381469728,0.008058048565615407,0.5486183856895794,0.1029369762555239,0.18762946875383782,0.2,0.037525893750767564
ECL,2024-07-16,0.963718820861678,TRENDING_BULL,2,False,True,13.1899995803833,-0.06660141795527375,5.563050280078291,-1.3233564756301197,-0.23788324911769368,0.2,-0.047576649823538736
ARES,2024-07-09,0.963718820861678,TRENDING_BULL,3,True,True,12.510000228881836,0.11878613037422865,2.9003353189189416,15.759072142432277,5.433534543276964,0.3,1.630060362983089
BX,2024-07-10,0.9659863945578232,TRENDING_BULL,3,True,True,12.850000381469728,0.10759699434033508,2.7466286307802985,13.107285407926408,4.772136014690387,0.3,1.431640804407116
INTU,2024-07-16,0.8571428571428571,TRENDING_BULL,2,False,True,13.1899995803833,-0.04556036254414203,15.11409944529203,-3.335731613756911,-0.2207032993153936,0.2,-0.04414065986307872
PLD,2024-07-29,0.8571428571428571,TRENDING_BULL,2,False,True,16.600000381469727,-0.03194835967705801,3.5393219048278257,-0.7418034537348239,-0.20958914551484115,0.2,-0.041917829102968235
PGR,2024-07-29,0.9342403628117912,TRENDING_BULL,2,False,True,16.600000381469727,0.04381407291305382,6.100083698476738,8.458839037739946,1.3866758975540312,0.2,0.2773351795108063
SHOP,2024-08-28,0.8979591836734694,TRENDING_BULL,2,False,True,17.110000610351562,-0.016820643061300655,2.1346817672255045,-0.42103911707514996,-0.19723741662083163,0.2,-0.03944748332416633
VST,2024-10-28,0.98868778280543,CHOPPY,2,False,True,19.799999237060547,0.14102366915486753,4.352046216402252,17.722506769154002,4.072223935113639,0.2,0.8144447870227278
VRT,2024-11-04,0.9728506787330315,CHOPPY,2,False,True,21.979999542236328,0.15827132759152132,4.015674748331349,16.592045120085693,4.131819970474516,0.2,0.8263639940949032
APP,2024-10-30,0.990950226244344,CHOPPY,2,False,True,20.350000381469727,0.6542965426862972,6.008605064926889,114.41738041691639,19.04225343163049,0.2,3.808450686326098
FTNT,2024-11-20,0.9140271493212668,TRENDING_BULL,2,False,True,17.15999984741211,0.06500813774601996,2.7289125984902474,5.654085083569697,2.0719187146916256,0.2,0.41438374293832514
SHOP,2024-12-10,0.9524886877828054,TRENDING_BULL,2,False,True,14.18000030517578,-0.028823241348858282,2.767235842657826,-0.5729215827074219,-0.2070374970848716,0.2,-0.041407499416974324
CMG,2024-12-10,0.9366515837104072,TRENDING_BULL,2,False,True,14.18000030517578,-0.03995064136103781,1.581312556828999,-0.3417579839109126,-0.2161229811494312,0.2,-0.043224596229886246
PLTR,2024-12-17,0.9298642533936652,TRENDING_BULL,2,False,True,15.869999885559082,0.01075417473210969,2.030752162064504,0.4451846074811967,0.21922153564451358,0.2,0.04384430712890272
TJX,2024-12-10,0.9343891402714932,TRENDING_BULL,3,True,True,14.18000030517578,-0.02916666016888575,3.1026214209747995,-0.6432289493541119,-0.20731789737725026,0.3,-0.062195369213175075
ROST,2024-12-11,0.9457013574660632,TRENDING_BULL,2,False,True,13.579999923706056,0.00019499987006621068,3.5936392161360473,-0.6288741363015999,-0.1749964585976936,0.2,-0.03499929171953872
INTU,2024-12-17,0.8846153846153846,TRENDING_BULL,2,False,True,15.869999885559082,-0.08111902255861184,18.502257613099463,-4.620695046456692,-0.24973682363957975,0.2,-0.04994736472791595
AMZN,2024-12-11,0.918552036199095,TRENDING_BULL,2,False,True,13.579999923706056,-0.013940725838863854,5.378779029281809,-1.0482485903501138,-0.19488597405535715,0.2,-0.03897719481107143
NU,2025-02-04,0.9773755656108596,CHOPPY,2,False,True,17.209999084472656,0.013533785633090233,0.3937294860502329,0.11209946950455835,0.2847118985908422,0.2,0.05694237971816845
GILD,2025-01-13,0.9457013574660632,CHOPPY,2,False,True,19.190000534057617,0.04347338143849965,2.9688846709633006,3.470578681088854,1.1689840009725845,0.2,0.2337968001945169
GM,2025-02-03,0.9773755656108596,CHOPPY,2,False,True,18.6200008392334,0.00480166043652559,1.5341953742951717,-0.04551568116810323,-0.02966746082715423,0.2,-0.005933492165430846
NEM,2025-02-07,0.8800904977375565,TRENDING_BULL,2,False,True,16.540000915527344,-0.01784119612707842,1.2757529468309874,-0.25268927245675377,-0.1980706947096946,0.2,-0.03961413894193892
SCHW,2025-01-31,0.8529411764705882,CHOPPY,2,False,True,16.43000030517578,-0.028771818758349263,2.3378333471661,-0.48392100766446355,-0.20699551071553843,0.2,-0.041399102143107686
RUN,2025-06-17,0.9954853273137696,TRENDING_BULL,2,False,True,21.600000381469727,0.5553632257422098,0.2147568664699191,3.2679729102384822,15.217082293833085,0.2,3.0434164587666173
OXY,2025-06-17,0.9548532731376976,TRENDING_BULL,2,False,True,21.600000381469727,-0.0445845858518867,1.708394509263591,-0.3756871955012926,-0.21990658098241828,0.2,-0.043981316196483655
GE,2025-06-17,0.909706546275395,TRENDING_BULL,2,False,True,21.600000381469727,0.03817603393425239,8.75933035164408,7.665666524690847,0.8751429866156426,0.2,0.17502859732312853
APP,2025-06-18,0.9503386004514672,TRENDING_BULL,2,False,True,20.13999938964844,-0.007927463215315842,11.930268090720629,-2.266466587445466,-0.18997616568300968,0.2,-0.03799523313660194
HOOD,2025-06-17,0.979683972911964,TRENDING_BULL,2,False,True,21.600000381469727,0.3072716123603729,2.784779567865828,23.217652658470183,8.337339488691917,0.2,1.6674678977383834
NVDA,2025-06-17,0.9255079006772008,TRENDING_BULL,2,False,True,21.600000381469727,0.09110467199319686,5.3548023224126275,12.545706171446522,2.342888759672085,0.2,0.46857775193441703
VST,2025-07-15,0.9864559819413092,TRENDING_BULL,2,False,True,17.3799991607666,0.03464495507120928,5.721225194183622,5.741979583773207,1.0036276127726427,0.2,0.20072552255452855
MP,2025-07-15,0.9887133182844244,TRENDING_BULL,2,False,True,17.3799991607666,0.035039454793151945,1.7405536201498923,1.7703960946651944,1.017145392230279,0.2,0.20342907844605584
ULTA,2025-08-06,0.873589164785553,TRENDING_BULL,2,False,True,16.770000457763672,0.000968635575340799,14.89045981345265,-2.220673606774522,-0.14913398475232273,0.2,-0.029826796950464547
PLTR,2025-08-19,0.9345372460496614,TRENDING_BULL,2,False,True,15.56999969482422,-0.018066599705328843,4.224967937203368,-0.8376199028325289,-0.19825473596066492,0.2,-0.03965094719213299
NVDA,2025-08-19,0.9932279909706546,TRENDING_BULL,2,False,True,15.56999969482422,-0.0285812132196853,4.704110085018597,-0.972997574641123,-0.2068398819449134,0.2,-0.04136797638898268
BA,2025-08-20,0.8781038374717833,TRENDING_BULL,2,False,True,15.6899995803833,0.02273736811379667,6.089280259951328,4.125648521904565,0.6775264638480512,0.2,0.13550529276961024
EBAY,2025-09-02,0.9300225733634312,TRENDING_BULL,2,False,True,17.170000076293945,-0.011569706559004697,2.6548935970068883,-0.5122618388004017,-0.19295004492003848,0.2,-0.0385900089840077
ORCL,2025-09-17,0.9774266365688488,TRENDING_BULL,2,False,True,15.720000267028809,-0.04113995469899924,8.150338699137501,-1.769390048669731,-0.21709405142352847,0.2,-0.0434188102847057
OXY,2025-09-17,0.9571106094808126,TRENDING_BULL,2,False,True,15.720000267028809,0.01123124834536794,1.2760507857950107,0.3075446496252858,0.24101286018461876,0.2,0.048202572036923755
HOOD,2025-09-16,0.9729119638826184,TRENDING_BULL,2,False,True,16.360000610351562,0.21979890974662664,3.3032607428036433,25.78665566375818,7.806424521568875,0.2,1.561284904313775
LLY,2025-10-10,0.8532731376975169,TRENDING_BULL,2,False,True,21.65999984741211,-0.009646160267723108,31.054481559875036,-5.943190406826297,-0.19137947594995086,0.2,-0.038275895189990174
MP,2025-10-14,0.9525959367945824,TRENDING_BULL,2,False,True,20.809999465942383,-0.34171311265139204,3.5312999712538136,-1.6332651064663277,-0.4625110072103065,0.2,-0.09250220144206131
KTOS,2025-10-16,0.9593679458239278,CHOPPY,2,False,True,25.309999465942383,-0.00361091948664559,3.8582409011285597,-0.719375661785699,-0.18645172248712544,0.2,-0.03729034449742509
NVDA,2025-10-01,0.9390519187358916,TRENDING_BULL,2,False,True,16.290000915527344,-0.03957489556033972,5.246687519845963,-1.1323200896032768,-0.21581618598786315,0.2,-0.04316323719757263
DDOG,2025-10-08,0.8645598194130926,TRENDING_BULL,2,False,True,16.299999237060547,-0.06038257798048452,4.601659977692834,-1.0712921547704153,-0.23280558754094136,0.2,-0.046561117508188275
VRT,2025-10-08,0.9029345372460496,TRENDING_BULL,2,False,True,16.299999237060547,0.025152296165994615,4.693065393922909,3.445178284959775,0.734099782504835,0.2,0.146819956500967
STX,2025-11-17,0.9751693002257336,CHOPPY,2,False,True,22.3799991607666,0.021003864610211444,10.062314175268035,3.8160856779997196,0.3792453317924819,0.2,0.07584906635849638
AVAV,2025-11-20,0.909706546275395,CHOPPY,2,False,True,26.420000076293945,0.016096078127135482,12.451370004638592,2.2887754890898133,0.18381716134346343,0.2,0.036763432268692685
LPLA,2025-11-17,0.9593679458239278,CHOPPY,2,False,True,22.3799991607666,-0.016740420296469747,13.91277149587926,-2.7432077989061447,-0.19717191500763445,0.2,-0.03943438300152689
INTU,2025-11-04,0.9864559819413092,CHOPPY,2,False,True,19.0,-0.016186673204981628,21.58436378785059,-4.246071347604293,-0.19671978240073593,0.2,-0.039343956480147185
AAPL,2025-11-14,0.9729119638826184,CHOPPY,2,False,True,19.829999923706055,0.03924232699862911,9.292042983277678,9.28260923138346,0.9989847494344145,0.2,0.1997969498868829
NVDA,2025-12-09,0.979683972911964,CHOPPY,2,False,True,16.93000030517578,0.022922665649469064,5.386711432194508,3.352344717163808,0.6223360503642361,0.2,0.12446721007284722
INTU,2025-12-30,0.927765237020316,TRENDING_BULL,2,False,True,14.329999923706056,-0.15417691010935997,16.512340987185187,-5.1087257515976425,-0.3093883390345679,0.2,-0.06187766780691359
AMZN,2025-12-12,0.9187358916478556,TRENDING_BULL,2,False,True,15.739999771118164,0.02599586550840458,6.124118315424525,4.886195922650328,0.7978611239994661,0.2,0.15957222479989322
SNOW,2025-12-12,0.9525959367945824,TRENDING_BULL,2,False,True,15.739999771118164,0.022805494368538442,5.900477674612588,3.997113876095762,0.6774220828414884,0.2,0.13548441656829768
CMG,2025-12-17,0.8532731376975169,TRENDING_BULL,2,False,True,17.6200008392334,0.013243288607210727,1.1214323869035572,0.29634116160644064,0.26425236605185176,0.2,0.052850473210370355
ISRG,2026-01-06,0.871331828442438,TRENDING_BULL,2,False,True,14.75,-0.11665678669578701,15.041885280978917,-4.192974958001988,-0.2787532865513991,0.2,-0.05575065731027982
GE,2026-01-08,0.8623024830699775,TRENDING_BULL,2,False,True,15.449999809265137,-0.0654179085501433,8.356640414005318,-1.9798294895051107,-0.23691691773490864,0.2,-0.04738338354698173
HALO,2026-01-06,0.9616252821670428,TRENDING_BULL,2,False,True,14.75,-0.01941745141907474,1.8554660952748279,-0.3699014564592411,-0.19935770176627887,0.2,-0.039871540353255776
LLY,2026-01-06,0.91196388261851,TRENDING_BULL,2,False,True,14.75,0.013608492102898648,26.996995633048478,9.825910839409246,0.363963122895824,0.2,0.0727926245791648
NVDA,2026-01-06,0.8532731376975169,TRENDING_BULL,2,False,True,14.75,-0.020935687107146852,4.750683644465758,-0.9529744833281151,-0.2005973360146322,0.2,-0.040119467202926445
BA,2026-01-08,0.9232505643340858,TRENDING_BULL,2,False,True,15.449999809265137,0.10893653127696036,6.04291096357727,24.1985887943289,4.004458933812234,0.2,0.8008917867624469
APP,2026-01-30,0.9006772009029346,TRENDING_BULL,2,False,True,17.440000534057617,-0.17450487225976521,14.192995127601206,-4.626718428223514,-0.3259860506276019,0.2,-0.06519721012552038
OXY,2026-01-13,0.8668171557562077,TRENDING_BULL,2,False,True,15.979999542236328,0.03509583028323444,1.1905027571630968,1.3356537324932092,1.1219240984170413,0.2,0.2243848196834083
STRL,2026-01-14,0.9729119638826184,TRENDING_BULL,2,False,True,16.75,0.1878035018508696,9.198952031295198,59.6825585643063,6.487973669311883,0.2,1.2975947338623766
AMZN,2026-01-15,0.8984198645598194,TRENDING_BULL,2,False,True,15.84000015258789,0.004702369680148403,6.489719178442139,-0.04595820800009509,-0.0070816944056317985,0.2,-0.0014163388811263599
PSTG,2026-01-30,0.9051918735891648,TRENDING_BULL,2,False,True,17.440000534057617,0.06197868136109538,2.0861552804345256,4.032751615589708,1.933102321486695,0.2,0.386620464297339
LPLA,2026-01-23,0.927765237020316,TRENDING_BULL,2,False,True,16.09000015258789,0.06359954220681262,10.022175294868198,21.71136548797574,2.1663326422850466,0.2,0.43326652845700936
PCG,2026-02-19,0.8848758465011287,CHOPPY,2,False,True,20.229999542236328,0.0016573910864436728,0.6298540155387898,-0.08472923350710782,-0.13452201846268888,0.2,-0.026904403692537777
INTC,2026-02-19,0.891647855530474,CHOPPY,2,False,True,20.229999542236328,0.02980730306795881,1.552711873385169,1.0828631134530227,0.6974011933664175,0.2,0.1394802386732835
LRCX,2026-02-19,0.984198645598194,CHOPPY,2,False,True,20.229999542236328,-0.09566538932666376,8.26083100624663,-2.1611480711517324,-0.26161388237061467,0.2,-0.05232277647412294
