symbol,earnings_date,entry_date,beat_streak,surprise,entry_price,exit_price,mom_60d,above_sma200,vix_at_entry,equity_return,call_cost,call_pnl,call_return,hold_days
ANET,2025-09-30,2025-09-10,4,0.0498,150.72000122070312,149.27000427246094,0.3690950400229368,True,15.350000381469728,-0.009620467996937714,3.714338686485809,-3.3516647965404394,-0.9023584221694924,21
ITW,2025-09-30,2025-09-10,4,0.0395,262.54998779296875,259.9200134277344,0.0689392180014083,True,15.350000381469728,-0.010017042420539801,6.470273148205401,-5.838758445677316,-0.902397520465849,21
MRNA,2025-12-31,2025-12-11,4,0.18879999,29.6299991607666,30.86000061035156,0.1410731865076098,True,14.850000381469728,0.04151203119889438,0.706415672851532,0.5919740263984307,0.837996733578767,22
GE,2025-03-31,2025-03-11,4,0.1751,191.72000122070312,203.7899932861328,0.12038390196172377,True,26.920000076293945,0.0629563529552403,8.285995669843253,4.652343311968032,0.5614706424359067,21
GE,2025-06-30,2025-06-10,4,0.1597,242.0,249.02000427246097,0.16516529430042615,True,16.950000762939453,0.0290082821176073,6.585478105462653,1.1026228459573701,0.16743246705850326,21
GE,2025-09-30,2025-09-10,4,0.1301,283.4100036621094,300.8800048828125,0.16537881433379648,True,15.350000381469728,0.061642147401160294,6.984346684006393,11.216687689067072,1.605975218090535,21
CGNX,2025-09-30,2025-09-10,4,0.1354,44.400001525878906,45.83000183105469,0.3121621651808536,True,15.350000381469728,0.032207212973681856,1.0941921577223803,0.4471590187907746,0.4086658962366903,21
BMY,2025-03-31,2025-03-11,4,0.1988,61.5099983215332,59.54999923706055,0.07901149289989375,True,26.920000076293945,-0.031864723426378416,2.658416318063597,-2.404674427334821,-0.9045514846547424,21
BMY,2025-12-31,2025-12-11,4,0.045700002,51.20000076293945,53.459999084472656,0.10937504307366844,True,14.850000381469728,0.0441405915596993,1.22067107706307,1.1577989130433832,0.9484937710075372,22
LPLA,2025-06-30,2025-06-10,4,0.0708,379.2200012207031,373.0499877929687,0.13430196854553667,True,16.950000762939453,-0.016270274267900578,10.319607500795293,-9.318750326054003,-0.9030140269710687,21
LPLA,2025-12-31,2025-12-11,4,0.0683,387.4500122070313,361.6300048828125,0.12409347160931969,True,14.850000381469728,-0.06664087368881552,9.237285481667325,-8.435884231792201,-0.9132427755463859,22
ATI,2025-06-30,2025-06-10,4,0.0376,82.66000366210938,83.88999938964844,0.3784176289400846,True,16.950000762939453,0.014880179930392161,2.2494034889019994,-0.7943389756087651,-0.3531331659828204,21
ATI,2025-12-31,2025-12-11,4,0.0792,110.6500015258789,119.1999969482422,0.27266152510525843,True,14.850000381469728,0.07727063085818048,2.6380323149798053,6.176119911989314,2.34118432777295,22
VRT,2025-06-30,2025-06-10,4,0.1436,108.47000122070312,122.54000091552734,0.17875909626105513,True,16.950000762939453,0.12971328050597228,2.9517637113158988,11.446998999517783,3.8780200988427698,21
VRT,2025-09-30,2025-09-10,4,0.2502,136.74000549316406,161.58999633789062,0.14838385059108547,True,15.350000381469728,0.18173167943867655,3.3698161377388276,21.872781867641063,6.49079385153573,21
VRT,2025-12-31,2025-12-11,4,0.049000002,178.66000366210938,175.61000061035156,0.20541809132418376,True,14.850000381469728,-0.017071549251314967,4.259474528292928,-3.8703086071041914,-0.9086352275136853,22
ETN,2025-06-30,2025-06-10,4,0.0095,324.239990234375,355.0400085449219,0.0833024304883641,True,16.950000762939453,0.09499142375461848,8.823451886792979,22.929104559392705,2.5986546822693275,21
ETN,2025-09-30,2025-09-10,4,0.0050999997,362.25,373.8399963378906,0.06691508691338854,True,15.350000381469728,0.03199446884165804,8.927276925968215,3.5710198192939338,0.40001221524856373,21
INSP,2025-12-31,2025-12-11,4,1.4205,137.3699951171875,92.2699966430664,0.39288050891512305,True,14.850000381469728,-0.32831040312440296,3.2750698710383968,-3.070592118536391,-0.9375653770595209,22
USB,2025-09-30,2025-09-10,4,0.09020001,49.20000076293945,47.880001068115234,0.12296746226105322,True,15.350000381469728,-0.026829261673884483,1.212483178933355,-1.0961515266191635,-0.9040550381766692,21
USB,2025-12-31,2025-12-11,4,0.060300004,53.58000183105469,53.93000030517578,0.06289665232203846,True,14.850000381469728,0.006532259465475353,1.2774132337805826,-0.8079015304838868,-0.6324511983431178,22
ROK,2025-06-30,2025-06-10,4,0.056599997,325.2200012207031,338.6099853515625,0.1944222703062427,True,16.950000762939453,0.041172080685691184,8.850120650816022,5.448321446449276,0.6156211492943788,21
ROK,2025-09-30,2025-09-10,4,0.1364,339.3900146484375,349.32000732421875,0.04446220043067558,True,15.350000381469728,0.02925835247706798,8.363916208902719,2.4148018789899623,0.28871665122847584,21
ROK,2025-12-31,2025-12-11,4,0.1073,413.0499877929687,398.5499877929687,0.1561311999522416,True,14.850000381469728,-0.03510470991048128,9.84762042904283,-8.964401520096095,-0.9103114386555836,22
MDT,2025-07-31,2025-07-11,4,0.0254,89.91999816894531,89.33999633789062,0.08396347393355198,True,16.399999618530273,-0.006450198430442099,2.367567389651284,-2.135654374184336,-0.9020458651016029,21
MDT,2025-10-31,2025-10-10,4,0.0349,95.4499969482422,90.1999969482422,0.061183829487782795,True,21.65999984741211,-0.05500262093090285,3.31922421527832,-3.0667281021020925,-0.923929178386325,24
MDT,2026-01-31,2026-01-09,4,0.0186,97.52999877929688,102.70999908447266,0.022454654658225336,True,14.489999771118164,0.05311186681031071,2.2688658561601245,3.1034749881431947,1.3678530089018044,24
HIG,2025-03-31,2025-03-11,4,0.024500001,117.19000244140624,124.38999938964844,0.035497939887741865,True,26.920000076293945,0.06143866198690562,5.0648646286027335,2.6651567367218743,0.5262049298753169,21
HIG,2025-06-30,2025-06-10,4,0.2036,124.9000015258789,126.5999984741211,0.035548457863599746,True,16.950000762939453,0.01361086411107812,3.3988687000864766,-1.3592161535565341,-0.399902518600366,21
HIG,2025-09-30,2025-09-10,4,0.1759,131.24000549316406,132.89999389648438,0.04099363500173527,True,15.350000381469728,0.012648493857361023,3.2342743210574607,-1.2513854261408857,-0.3869138180374692,21
HIG,2025-12-31,2025-12-11,4,0.26229998,135.2899932861328,137.11000061035156,0.028679058441649988,True,14.850000381469728,0.013452638144267691,3.225480065617056,-1.1016259245526694,-0.3415385933696419,22
XOM,2025-09-30,2025-09-10,4,0.030299999,112.5,111.98999786376952,0.00017774793836805556,True,15.350000381469728,-0.0045333523220487375,2.7724462503006877,-2.5003497339363467,-0.9018568831280929,21
XOM,2025-12-31,2025-12-11,4,0.0112,119.54000091552734,122.6500015258789,0.04692990268852228,True,14.850000381469728,0.026016401091959476,2.849980849517858,0.5318220537653349,0.18660548328081056,22
PANW,2025-07-31,2025-07-11,4,0.0731,187.38999938964844,172.8800048828125,0.07385664327322239,True,16.399999618530273,-0.07743206443298319,4.93392416298922,-4.485154016473,-0.9090439715546151,21
PANW,2025-10-31,2025-10-10,4,0.0436,208.5500030517578,219.22999572753903,0.06123233797935589,True,21.65999984741211,0.0512107049604342,7.252218358908077,4.041463049530283,0.5572726646552301,24
BAC,2025-06-30,2025-06-10,4,0.0373,45.09000015258789,48.150001525878906,0.08094924625254006,True,16.950000762939453,0.06786430168409281,1.2270215238850213,1.9621616643581627,1.599125709014073,21
BAC,2025-09-30,2025-09-10,4,0.1204,50.130001068115234,50.68000030517578,0.1141033532580809,True,15.350000381469728,0.01097145871417843,1.2354020754565826,-0.5622681674841141,-0.4551296931214154,21
BAC,2025-12-31,2025-12-11,4,0.0223,54.560001373291016,55.95000076293945,0.04453812763951559,True,14.850000381469728,0.025476527761395727,1.3007776298531866,0.21321147286251652,0.1639107776527344,22
BILL,2025-12-31,2025-12-11,4,0.1418,54.959999084472656,50.560001373291016,0.043122252026280325,True,14.850000381469728,-0.08005818385147556,1.3103140679323884,-1.1982690281205683,-0.914489935997847,22
NTAP,2025-10-31,2025-10-10,4,0.0876,113.94000244140624,116.94000244140624,0.048885374543401194,True,21.65999984741211,0.026329646618559212,3.962204581289421,-0.6348553896013494,-0.1602278167561828,24
SYK,2025-06-30,2025-06-10,4,0.0195,385.0499877929687,396.739990234375,0.03002206966646939,True,16.950000762939453,0.03035970084926146,10.478257289748994,2.276160320471716,0.21722699276515295,21
SYK,2025-09-30,2025-09-10,4,0.0187,382.9700012207031,364.1499938964844,0.01527536382711163,True,15.350000381469728,-0.0491422494300615,9.437899945439895,-8.553142854062322,-0.9062548769861605,21
DDOG,2025-09-30,2025-09-10,4,0.2033,139.1300048828125,152.6999969482422,0.12362541489252496,True,15.350000381469728,0.09753461934296291,3.428715203037066,10.512284434595674,3.065954391687058,21
DDOG,2025-12-31,2025-12-11,4,0.0633,149.89999389648438,133.77000427246094,0.08732486238078244,True,14.850000381469728,-0.1076050052087543,3.5738004741167155,-3.2773553584673922,-0.9170504571264316,22
HUM,2025-09-30,2025-09-10,4,0.1464,273.5799865722656,246.77000427246097,0.1395934975401769,True,15.350000381469728,-0.09799686971153079,6.742096070485247,-6.142531289821271,-0.9110714569481322,21
HUM,2025-12-31,2025-12-11,4,0.0068,266.489990234375,264.4800109863281,0.006116570762672657,True,14.850000381469728,-0.007542419309179757,6.353449581223129,-5.767340551248931,-0.9077494796360116,22
KMB,2025-03-31,2025-03-11,4,0.020399999,144.08999633789062,143.02999877929688,0.09355261343701135,True,26.920000076293945,-0.00735649653365289,6.227462331116259,-5.618013081978287,-0.9021352170862943,21
MS,2025-06-30,2025-06-10,4,0.0859,131.82000732421875,141.07000732421875,0.10514343399827479,True,16.950000762939453,0.0701714420122061,3.587180876427971,6.041296361452566,1.68413485953581,21
MS,2025-09-30,2025-09-10,4,0.32630002,154.1199951171875,156.88999938964844,0.15066183465063984,True,15.350000381469728,0.017973036336749963,3.798128022746727,-0.6469359379754764,-0.17033020848718677,21
MS,2025-12-31,2025-12-11,4,0.0941,180.2899932861328,181.8999938964844,0.11675627365275315,True,14.850000381469728,0.008930060848116,4.298335488455228,-2.2852298246162785,-0.5316545976353194,22
CBOE,2025-03-31,2025-03-11,4,0.057600003,211.16000366210935,225.0399932861328,0.04058537211399234,True,26.920000076293945,0.0657320959618552,9.126178097475325,5.7127044588334766,0.6259689869972891,21
CBOE,2025-06-30,2025-06-10,4,0.0064999997,221.1000061035156,232.0,0.023564027906122782,True,16.950000762939453,0.049298930780586205,6.016732435175045,5.5056951086436206,0.9150639766621836,21
CBOE,2025-09-30,2025-09-10,4,0.0558,234.5099945068359,241.57000732421875,0.04272734317675206,True,15.350000381469728,0.03010538136009825,5.7792564882534405,1.867686936369755,0.32317079890222905,21
CBOE,2025-12-31,2025-12-11,4,0.0376,251.1000061035156,248.11000061035156,0.06638794513155909,True,14.850000381469728,-0.011907628118222381,5.98653340495233,-5.436701637922692,-0.9081552327804948,22
DIS,2025-06-30,2025-06-10,4,0.113000005,118.7300033569336,123.48999786376952,0.16314328475466064,True,16.950000762939453,0.040090915288919254,3.230966270944601,1.8603400021829013,0.5757844081854233,21
FTNT,2025-03-31,2025-03-11,4,0.09020001,98.27999877929688,96.66999816894533,0.002441980736166715,True,26.920000076293945,-0.016381772795572135,4.247588353496816,-3.835678556244125,-0.9030250196176408,21
FTNT,2025-06-30,2025-06-10,4,0.08270001,101.62999725341795,102.43000030517578,0.04880447917463479,True,16.950000762939453,0.00787172167055157,2.7656286023579066,-1.6908157286759415,-0.6113676027339295,21
DOCS,2025-03-31,2025-03-11,4,0.39259997,61.709999084472656,56.720001220703125,0.14859825482079206,True,26.920000076293945,-0.08086206348729479,2.667060202087851,-2.4253769017306817,-0.9093821353683832,21
DOCS,2025-09-30,2025-09-10,4,0.187,69.0,70.63999938964844,0.18898552051488904,True,15.350000381469728,0.023768107096354168,1.7004337001844216,0.11119617536940729,0.06539283205063946,21
LDOS,2025-09-30,2025-09-10,4,0.123,179.12554931640625,190.7228240966797,0.17807831761899393,True,15.350000381469728,0.06474383372183319,4.414364066980634,7.646300453606963,1.7321408786377988,21
LDOS,2025-12-31,2025-12-11,4,0.0591,189.6280212402344,183.0162353515625,0.01774006631442556,True,14.850000381469728,-0.03486713538130326,4.520965575770169,-4.115386841213255,-0.910289355722904,22
TOST,2025-06-30,2025-06-10,4,0.12,43.349998474121094,43.029998779296875,0.19653972186764065,True,16.950000762939453,-0.0073817694599286054,1.17967134637671,-1.064226005493147,-0.902137708745621,21
KR,2025-04-30,2025-04-10,4,0.0223,67.9000015258789,72.18000030517578,0.1356406876612468,True,40.720001220703125,0.06303385394867227,4.438945250618234,0.3062752849838244,0.06899731077808809,21
KR,2025-07-31,2025-07-11,4,0.0425,70.58000183105469,71.36000061035156,0.03457073360874676,True,16.399999618530273,0.011051271735072147,1.858350913027971,-0.8931124470998237,-0.48059407985793107,21
GD,2025-09-30,2025-09-10,4,0.045700002,323.04998779296875,340.75,0.13545884817086293,True,15.350000381469728,0.054790319999561674,7.961233131700436,10.566682367765331,1.3272670443088002,21
GD,2025-12-31,2025-12-11,4,0.0154,341.4800109863281,343.3999938964844,0.04951974674378935,True,14.850000381469728,0.005622533818628466,8.141304035056017,-5.460319049297848,-0.6706934203397893,22
CHRW,2025-09-30,2025-09-10,4,0.073699996,127.63999938964844,132.66000366210938,0.26465057145743315,True,15.350000381469728,0.03932939749659744,3.1455558906330032,2.1967657811125574,0.6983712442224278,21
CHRW,2025-12-31,2025-12-11,4,0.0922,159.8000030517578,163.72000122070312,0.14211518323007552,True,14.850000381469728,0.024530651402276005,3.809828885414108,0.4729860073546215,0.12414888478730468,22
APP,2025-06-30,2025-06-10,4,0.2042,383.6099853515625,336.69000244140625,0.2000990124845149,True,16.950000762939453,-0.12231168296402933,10.439070907312244,-9.535764070068339,-0.9134686558541175,21
APP,2025-09-30,2025-09-10,4,0.026099999,567.1199951171875,704.0900268554688,0.34638172544209905,True,15.350000381469728,0.2415186079093866,13.976086257183919,124.70463792835763,8.922715246141069,21
APP,2025-12-31,2025-12-11,4,0.1005,716.97998046875,618.3200073242188,0.13314173831616583,True,14.850000381469728,-0.13760492040520983,17.09368578027345,-15.723438787485891,-0.9198389972530758,22
HEI,2025-04-30,2025-04-10,4,0.0834,249.22789001464844,257.0022277832031,0.08411855976823941,True,40.720001220703125,0.031193690915161016,16.29320962946484,-6.862415400974767,-0.42118253904772024,21
HEI,2025-07-31,2025-07-11,4,0.1076,314.6952819824219,324.9715270996094,0.20317588309080692,True,16.399999618530273,0.03265458907566814,8.285835214307324,2.8339864629858287,0.3420278571425516,21
HEI,2026-01-31,2026-01-09,4,0.0468,353.55999755859375,332.260009765625,0.1314399936333958,True,14.489999771118164,-0.06024433742518852,8.224958644570728,-7.602749804355651,-0.9243511284247251,24
KEY,2025-09-30,2025-09-10,4,0.076,19.229999542236328,18.510000228881836,0.1716068286851753,True,15.350000381469728,-0.03744146284419312,0.47390346777028486,-0.428930642730065,-0.9051012957305061,21
KEY,2025-12-31,2025-12-11,4,0.062800005,20.690000534057617,20.979999542236328,0.07539880778268285,True,14.850000381469728,0.014016384760423098,0.4932750949219644,-0.15678271609228622,-0.3178403242050748,22
PG,2025-03-31,2025-03-11,4,0.0093,173.1199951171875,170.55999755859375,0.014383030872254177,True,26.920000076293945,-0.014787416998601748,7.482117258349972,-6.755362987691995,-0.9028678319833966,21
ABT,2025-03-31,2025-03-11,4,0.0174,132.66000366210938,131.69000244140625,0.1396050336289163,True,26.920000076293945,-0.0073119342222676175,5.733466560122928,-5.172336910455967,-0.9021308236853255,21
ABT,2025-06-30,2025-06-10,4,0.0028,134.1300048828125,136.25999450683594,0.04838593347427587,True,16.950000762939453,0.015880038369374395,3.650042191906447,-1.154480130957853,-0.3162922701325977,21
BLK,2025-06-30,2025-06-10,4,0.114700004,991.9000244140624,1054.27001953125,0.03417685611419144,True,16.950000762939453,0.06287931604198817,26.992297080936687,38.206202922164714,1.415448370607474,21
BLK,2025-09-30,2025-09-10,4,0.0228,1102.8900146484375,1141.0699462890625,0.10952138242089669,True,15.350000381469728,0.034618077173176165,27.17958476094339,13.772747658642114,0.5067313492748176,21
HSY,2025-09-30,2025-09-10,4,0.22219999,185.6000061035156,188.8300018310547,0.08184268287649854,True,15.350000381469728,0.01740299364935155,4.573920364244237,-0.8851337923138156,-0.1935175345931212,21
CRWD,2025-04-30,2025-04-10,4,0.1062,368.6099853515625,431.8800048828125,0.017877964786020117,True,40.720001220703125,0.1716448876741798,24.097783608784617,41.955832119960355,1.7410660167379775,21
CRWD,2025-07-31,2025-07-11,4,0.1205,478.4500122070313,446.6600036621094,0.17901561757511414,True,16.399999618530273,-0.06644374069148523,12.597449616839913,-11.437988316371682,-0.9079606320537852,21
CRWD,2025-10-31,2025-10-10,4,0.0198,493.6600036621094,551.9199829101562,0.03585466125618352,True,21.65999984741211,0.11801640565542659,17.166770986469196,42.638193352309656,2.4837631599977055,24
DE,2025-04-30,2025-04-10,4,0.1776,444.19000244140625,480.0199890136719,0.03446722680484758,True,40.720001220703125,0.08066364928371392,29.03880791457552,9.88505149512929,0.34040830891572726,21
DE,2025-07-31,2025-07-11,4,0.019,512.4099731445312,500.9800109863281,0.09982234160083142,True,16.399999618530273,-0.022306283556622286,13.491605507706291,-12.19113774635685,-0.9036091174911225,21
DE,2026-01-31,2026-01-09,4,0.1542,488.0799865722656,532.25,0.0811752094066273,True,14.489999771118164,0.09049748943392605,11.354332312818357,33.81240249416982,2.977929618635316,24
NRG,2025-06-30,2025-06-10,4,0.0505,148.67999267578125,155.9600067138672,0.3534436239646335,True,16.950000762939453,0.048964315285924764,4.045986927631012,3.6524527820807373,0.9027346967280749,21
NRG,2025-09-30,2025-09-10,4,0.3073,161.2100067138672,161.91000366210938,0.04509648266043758,True,15.350000381469728,0.004342143285711892,3.9728540322205315,-2.879472417478139,-0.7247868645878054,21
NRG,2025-12-31,2025-12-11,4,0.16379999,170.63999938964844,166.16000366210938,0.037798857075203814,True,14.850000381469728,-0.02625407725951289,4.0682677488508165,-3.7000437828742636,-0.9094887581869293,22
DHR,2025-12-31,2025-12-11,4,0.0199,232.3699951171875,230.3999938964844,0.1596591282192715,True,14.850000381469728,-0.008477864019016727,5.539986874807871,-5.0294019106545305,-0.9078364307187915,22
WING,2025-06-30,2025-06-10,4,0.15,380.1249694824219,334.27606201171875,0.4390694074752316,True,16.950000762939453,-0.12061535324325312,10.344234148207223,-9.447403680558567,-0.9133014146045711,21
WWD,2025-06-30,2025-06-10,4,0.0701,229.02420043945312,243.60987854003903,0.20740712610089856,True,16.950000762939453,0.06368618719156673,6.232371312459126,9.006888620998907,1.4451784352118506,21
WWD,2025-09-30,2025-09-10,4,0.106300004,238.3177795410156,253.46902465820312,0.01715944673953021,True,15.350000381469728,0.0635758068339166,5.873095415719775,9.893990758091942,1.684629664215899,21
WWD,2025-12-31,2025-12-11,4,0.3123,298.4364013671875,310.6064758300781,0.19743200952555862,True,14.850000381469728,0.040779457221496646,7.115091368424365,5.743312089816619,0.8072014528589916,22
RTX,2025-03-31,2025-03-11,4,0.0752,128.11000061035156,132.85000610351562,0.08719068078782577,True,26.920000076293945,0.03699949629678684,5.536818816827548,-0.23074091117121842,-0.04167391399370856,21
RTX,2025-06-30,2025-06-10,4,0.0947,138.52000427246094,144.19000244140625,0.04670806397014688,True,16.950000762939453,0.04093270281592506,3.7695060136565477,2.287340039464371,0.6068010055369494,21
RTX,2025-09-30,2025-09-10,4,0.20639999,155.0,167.1999969482422,0.05509673087827621,True,15.350000381469728,0.07870965773059475,3.819814833747614,8.786419614035266,2.300221344869464,21
RTX,2025-12-31,2025-12-11,4,0.053400002,177.4199981689453,187.25,0.10838685563071425,True,14.850000381469728,0.055405263964066934,4.2299112701220345,6.015051659328636,1.4220278571363743,22
MTZ,2025-06-30,2025-06-10,4,0.0641,158.42999267578125,168.22999572753906,0.2164362486357334,True,16.950000762939453,0.061856993655317584,4.311310942210603,5.940036979511517,1.3777797656287332,21
MTZ,2025-09-30,2025-09-10,4,0.0774,190.1199951171875,215.0,0.13954344340764435,True,15.350000381469728,0.1308647460645935,4.685310822842948,20.717068844631097,4.421706398565126,21
MTZ,2025-12-31,2025-12-11,4,0.0642,232.94000244140625,227.6499938964844,0.14377095021104475,True,14.850000381469728,-0.022709747100017722,5.5535765514488835,-5.049085809034335,-0.9091593070265808,22
PRIM,2025-06-30,2025-06-10,4,0.5538,71.91999816894531,79.61000061035156,0.1012235673615512,True,16.950000762939453,0.10692439706883577,1.9571387325888567,5.946449670214737,3.0383383513895894,21
PRIM,2025-09-30,2025-09-10,4,0.38830003,117.62999725341795,139.64999389648438,0.35560652196176684,True,15.350000381469728,0.1871971194186744,2.8988697316277228,19.460427541623172,6.71310867449573,21
PRIM,2025-12-31,2025-12-11,4,0.0885,136.99000549316406,130.61000061035156,0.07402004972945975,True,14.850000381469728,-0.046572776311997945,3.266010450399379,-2.9765681576636163,-0.9113774137800542,22
SFM,2025-06-30,2025-06-10,4,0.0943,161.8800048828125,162.10000610351562,0.12904619940412676,True,16.950000762939453,0.0013590388810674138,4.405195156479128,-3.7502952373625664,-0.8513346410650298,21
MA,2025-06-30,2025-06-10,4,0.0312,589.5399780273438,564.6099853515625,0.09761846513876196,True,16.950000762939453,-0.04228719612739301,16.042986023115724,-14.528191831289357,-0.9055790368673414,21
MA,2025-09-30,2025-09-10,4,0.0152,579.3800048828125,573.77001953125,0.018485315134101836,True,15.350000381469728,-0.009682738969732301,14.278221529213756,-12.884161108758471,-0.9023645614684583,21
SEDG,2025-06-30,2025-06-10,4,0.0349,20.93000030517578,21.86000061035156,0.16961304790479623,True,16.950000762939453,0.044433840975425014,0.5695622262688501,0.4190863543837824,0.7358043336707538,21
SEDG,2025-09-30,2025-09-10,4,0.268,29.420000076293945,38.619998931884766,0.18490824337016443,True,15.350000381469728,0.3127124008066879,0.7250255012921519,8.568806440929704,11.818627656073119,21
TFC,2025-09-30,2025-09-10,4,0.067,45.119998931884766,45.56999969482422,0.12699467371190767,True,15.350000381469728,0.009973421400536713,1.1119357497979994,-0.5512158297533816,-0.4957263311783245,21
TFC,2025-12-31,2025-12-11,4,0.026600001,49.70000076293945,49.7400016784668,0.07283699952343149,True,14.850000381469728,0.0008048473825612461,1.184909229635131,-1.0346804597381496,-0.8732149550871157,22
COST,2026-02-28,2026-02-06,4,0.0078,1001.1599731445312,1002.77001953125,0.08719883948093668,True,20.3700008392334,0.0016081809400167834,32.74136241084551,-28.49144862311479,-0.870197405520213,24
GILD,2025-03-31,2025-03-11,4,0.0194,114.43000030517578,111.27999877929688,0.192694249698088,True,26.920000076293945,-0.027527759481587876,4.945579391778449,-4.471416542873122,-0.9041239031176858,21
GILD,2025-09-30,2025-09-10,4,0.1568,115.25,111.1500015258789,0.0383513940906319,True,15.350000381469728,-0.03557482407046502,2.840217158641371,-2.5701615395148076,-0.9049172637011511,21
GILD,2025-12-31,2025-12-11,4,0.0188,123.20999908447266,121.5999984741211,0.077834562203963,True,14.850000381469728,-0.013067126226076404,2.9374781259036165,-2.6680027243988302,-0.9082630099851753,22
MSFT,2025-06-30,2025-06-10,4,0.0801,470.9200134277344,492.0499877929687,0.17459440855409777,True,16.950000762939453,0.044869561205168114,12.81501420600216,9.635082868597486,0.7518589299795476,21
MSFT,2025-09-30,2025-09-10,4,0.0159,500.3699951171875,519.7100219726562,0.042428564214322846,True,15.350000381469728,0.0386514520139028,12.331101482005511,8.271638912134925,0.6707948129536956,21
AMGN,2025-03-31,2025-03-11,4,0.15010001,318.8900146484375,306.9200134277344,0.14261974002688005,True,26.920000076293945,-0.037536456680525215,13.782188940690817,-12.474406144596546,-0.9051106611785631,21
AMGN,2025-12-31,2025-12-11,4,0.119399995,317.3800048828125,327.6400146484375,0.13091567733099177,True,14.850000381469728,0.032327209048387734,7.5667302075318,3.4193562489182563,0.45189350685646024,22
IONS,2025-06-30,2025-06-10,4,4.1506,36.84000015258789,39.939998626708984,0.06894682152570288,True,16.950000762939453,0.08414762381327864,1.002516588471522,2.20463705383814,2.199102817041083,21
IONS,2025-09-30,2025-09-10,4,0.4181,64.0,65.80000305175781,0.4493749737739563,True,15.350000381469728,0.02812504768371582,1.5772138668377245,0.3826601729428363,0.24261780915612963,21
IONS,2025-12-31,2025-12-11,4,0.0556,79.13999938964844,79.66999816894531,0.219863505754052,True,14.850000381469728,0.0066969772982611265,1.8867950557465327,-1.1802411365330139,-0.6255269394195214,22
TRMB,2025-06-30,2025-06-10,4,0.136,72.80000305175781,76.45999908447266,0.03502751297887811,True,16.950000762939453,0.0502746686715485,1.981086058574237,1.884044784939411,0.9510161241028241,21
TRMB,2025-09-30,2025-09-10,4,0.1295,80.16000366210938,79.41000366210938,0.09081843907315805,True,15.350000381469728,-0.009356286997707755,1.975460458463151,-1.7825219302633057,-0.9023323765488348,21
TRMB,2025-12-31,2025-12-11,4,0.040999997,83.33999633789062,78.33000183105469,0.02015830033121131,True,14.850000381469728,-0.06011512751360822,1.9869281557870972,-1.81334255580219,-0.9126361969961901,22
CB,2025-03-31,2025-03-11,4,0.14,290.70001220703125,301.3999938964844,0.04981083721460502,True,26.920000076293945,0.03680764100495735,12.563838029595896,-0.5795942864609955,-0.046131945118655565,21
CB,2025-12-31,2025-12-11,4,0.109799996,305.9800109863281,310.05999755859375,0.1036015787594951,True,14.850000381469728,0.013334160486868954,7.294940312594793,-2.5278357848922113,-0.3465190497210615,22
BSX,2025-03-31,2025-03-11,4,0.115200005,95.5199966430664,101.23999786376952,0.05192629039767327,True,26.920000076293945,0.05988276195273834,4.128303116672531,2.0230806196384536,0.4900513752171096,21
BSX,2025-06-30,2025-06-10,4,0.0342,99.33999633789062,104.77999877929688,0.0044291808761009015,True,16.950000762939453,0.054761452002704616,2.70331144991702,3.0178056329024945,1.11633664444958,21
BSX,2025-09-30,2025-09-10,4,0.0509,105.2300033569336,95.8499984741211,0.03554124654427893,True,15.350000381469728,-0.0891381220524731,2.5932846953427493,-2.3604027310975018,-0.9101980724817921,21
PRVA,2025-03-31,2025-03-11,4,0.21049999,23.959999084472656,22.8799991607666,0.11811352386653654,True,26.920000076293945,-0.04507512374680981,1.0355333162909972,-0.9380418919197834,-0.9058538988195938,21
PRVA,2025-12-31,2025-12-11,4,0.3022,24.81999969482422,23.459999084472656,0.08924255357866868,True,14.850000381469728,-0.05479454581279335,0.5917393614985321,-0.5397501118939311,-0.9121416404125248,22
VTR,2025-03-31,2025-03-11,4,0.35810003,66.69999694824219,69.2699966430664,0.08965511246094081,True,26.920000076293945,0.03853073182025008,2.882724193473516,-0.017565806051885513,-0.006093474391915285,21
VTR,2025-09-30,2025-09-10,4,1.4194,69.25,70.31999969482422,0.09285198996643727,True,15.350000381469728,0.01545125913103565,1.7065946918517567,-0.4657419984322655,-0.2729072114521274,21
VTR,2025-12-31,2025-12-11,4,0.4089,77.2699966430664,77.33000183105469,0.1203571350639859,True,14.850000381469728,0.0007765651688256627,1.8422118871378037,-1.6108371797969037,-0.8744038571478437,22
BE,2025-03-31,2025-03-11,4,1.4736999,25.0,21.239999771118164,0.055999984741210936,True,26.920000076293945,-0.15040000915527343,1.0804813813224197,-0.9899779762837813,-0.9162378856284689,21
BE,2025-09-30,2025-09-10,4,0.4704,62.959999084472656,90.19000244140624,0.6361181673990489,True,15.350000381469728,0.43249688298755246,1.5515841189393862,25.897549391966074,16.69103793719468,21
BE,2025-12-31,2025-12-11,4,0.50380003,108.98999786376952,98.69000244140624,0.25708778045935543,True,14.850000381469728,-0.0945040427951711,2.5984557831836876,-2.3797507801728024,-0.9158327017045013,22
CFG,2025-09-30,2025-09-10,4,0.0227,51.810001373291016,52.7400016784668,0.2084540197932789,True,15.350000381469728,0.01795020807807222,1.2768039469818147,-0.21866388822538907,-0.1712587815398596,21
CFG,2025-12-31,2025-12-11,4,0.0224,58.349998474121094,59.38999938964844,0.08071978076506027,True,14.850000381469728,0.01782349516236228,1.3911358285679976,-0.2195218856416401,-0.15780046860529123,22
VEEV,2025-07-31,2025-07-11,4,0.0475,275.8900146484375,281.3500061035156,0.1927217753621425,True,16.399999618530273,0.019790464189273795,7.264103815758752,-1.0737706213510787,-0.1478187328520333,21
VEEV,2025-10-31,2025-10-10,4,0.045500003,286.5899963378906,292.7200012207031,0.015003970298736628,True,21.65999984741211,0.021389458673167373,9.966018712573357,-3.01660512623752,-0.3026890891175733,24
AAPL,2025-09-30,2025-09-10,4,0.0452,226.7899932861328,255.4499969482422,0.12509368118986666,True,15.350000381469728,0.12637243489817504,5.589005035483174,23.69165275289425,4.238975023726399,21
AAPL,2025-12-31,2025-12-11,4,0.0634,278.0299987792969,271.010009765625,0.1444088554212305,True,14.850000381469728,-0.025249034436907708,6.6285775978235355,-6.0279975640256716,-0.909395337848189,22
PFE,2025-12-31,2025-12-11,4,0.1618,25.799999237060547,25.18000030517578,0.0639534754776319,True,14.850000381469728,-0.024030967062749552,0.6151037575711359,-0.5593028465738225,-0.909282116536477,22
OXY,2025-09-30,2025-09-10,4,0.22729999,46.310001373291016,47.720001220703125,0.021161725613800916,True,15.350000381469728,0.0304469834938359,1.1412621303004478,0.38468062577079354,0.3370659689457345,21
NEE,2025-12-31,2025-12-11,4,0.0242,81.20999908447266,80.93000030517578,0.12830930041147623,True,14.850000381469728,-0.0034478362572769776,1.9361463979213218,-1.7567989916739357,-0.9073688815887392,22
PLTR,2025-03-31,2025-03-11,4,0.0111,78.05000305175781,84.68000030517578,0.07098014988998227,True,26.920000076293945,0.08494550921441188,3.373263004383294,3.617554797475193,1.0724200255878242,21
PLTR,2025-06-30,2025-06-10,4,0.1557,132.80999755859375,130.67999267578125,0.342293501394098,True,16.950000762939453,-0.016037986009846694,3.6141212029283776,-3.263519373295614,-0.9029911256576882,21
PLTR,2025-09-30,2025-09-10,4,0.2546,166.74000549316406,184.9499969482422,0.15191316418718215,True,15.350000381469728,0.10921189189852036,4.1091351378190115,14.5502201071614,3.540944656029044,21
PLTR,2025-12-31,2025-12-11,4,0.086,187.5399932861328,167.86000061035156,0.05636126929631953,True,14.850000381469728,-0.1049375780117213,4.471184417690267,-4.099193121401766,-0.9168025154997598,22
PWR,2025-06-30,2025-06-10,4,0.0113,348.760009765625,372.2900085449219,0.2332836724136362,True,16.950000762939453,0.06746759410607195,9.49070829905977,15.038108703878136,1.5845085772331595,21
PWR,2025-09-30,2025-09-10,4,0.0218,390.1700134277344,420.6499938964844,0.07271195801422155,True,15.350000381469728,0.07811974118917105,9.61533680628881,21.886675987947495,2.2762256204725713,21
PWR,2025-12-31,2025-12-11,4,0.0469,466.9100036621094,439.6799926757813,0.1633291408783188,True,14.850000381469728,-0.058319613571684616,11.131709542361888,-10.157343226188429,-0.9124693011019114,22
BKNG,2025-06-30,2025-06-10,4,0.099300005,5487.97998046875,5730.72998046875,0.16847544033333503,True,16.950000762939453,0.04423303307663775,149.34285952311697,108.78213687184407,0.7284053433770333,21
BKNG,2025-09-30,2025-09-10,4,0.0374,5474.81005859375,5350.56005859375,0.019319395266548828,True,15.350000381469728,-0.022694851267938715,134.9210366049487,-121.92104749598795,-0.9036474264052317,21
SRE,2025-09-30,2025-09-10,4,0.2174,82.01000213623047,89.26000213623047,0.10035365373192368,True,15.350000381469728,0.08840385088585538,2.02105175919772,5.445818819382756,2.694546933100089,21
SRE,2025-12-31,2025-12-11,4,0.092,88.97000122070312,89.70999908447266,0.0729459118211108,True,14.850000381469728,0.008317386238242913,2.121154406212226,-1.182351950948994,-0.5574096574423056,22
NDAQ,2025-06-30,2025-06-10,4,0.045500003,86.06999969482422,88.94000244140625,0.1338445066098816,True,16.950000762939453,0.033344983812688654,2.342198754245628,0.7664214497222765,0.32722306265982304,21
NDAQ,2025-09-30,2025-09-10,4,0.0373,94.66000366210938,86.91000366210938,0.08430174358980973,True,15.350000381469728,-0.08187195964690396,2.3327979751685732,-2.121637070759604,-0.9094817010917072,21
NDAQ,2025-12-31,2025-12-11,4,0.048299998,93.8499984741211,96.66000366210938,0.053063354379406666,True,14.850000381469728,0.029941451610818442,2.2374995510292224,0.7867119989915752,0.3516031985926868,22
CHD,2025-03-31,2025-03-11,4,0.014199999,112.19000244140624,109.47000122070312,0.058917911280051756,True,26.920000076293945,-0.024244595431965454,4.84876835233825,-4.382317883090624,-0.9038002157758915,21
ISRG,2025-06-30,2025-06-10,4,0.1408,529.5999755859375,537.989990234375,0.0770392554263784,True,16.950000762939453,0.01584217340485142,14.411855553201432,-4.578465595061752,-0.3176874468495972,21
ISRG,2025-12-31,2025-12-11,4,0.1157,547.3599853515625,561.97998046875,0.20375986875924543,True,14.850000381469728,0.026710018102249947,13.049736189534364,2.8156518781036883,0.21576312633521177,22
PM,2025-03-31,2025-03-11,4,0.0479,152.10000610351562,158.08999633789062,0.16620647859465856,True,26.920000076293945,0.03938191975020932,6.573648987755002,0.08996097944976711,0.013685090216611963,21
PM,2025-06-30,2025-06-10,4,0.027999999,179.02999877929688,177.52999877929688,0.13025745531159788,True,16.950000762939453,-0.008378484110080109,4.871893128851507,-4.39559724673321,-0.9022359749031321,21
MAA,2025-03-31,2025-03-11,4,0.77849996,165.0,167.47999572753906,0.040424231326941285,True,26.920000076293945,0.015030277136600378,7.13117711672797,-3.937550972402846,-0.552160030237691,21
STRL,2025-06-30,2025-06-10,4,0.11359999,198.3699951171875,222.5399932861328,0.39259968327069933,True,16.950000762939453,0.12184301438666081,5.398187023243684,19.36886450647245,3.588031393331387,21
STRL,2025-09-30,2025-09-10,4,0.22639999,301.1300048828125,337.92999267578125,0.3041211448413913,True,15.350000381469728,0.12220631353986064,7.421037803470055,30.20000165068329,4.069511899880346,21
LVS,2025-09-30,2025-09-10,4,0.25370002,54.5,54.77000045776367,0.2144953876460364,True,15.350000381469728,0.004954136839700402,1.3430961834789998,-0.9400237852732958,-0.6998931251806313,21
LVS,2025-12-31,2025-12-11,4,0.105299994,66.19999694824219,65.20999908447266,0.1962235417310613,True,14.850000381469728,-0.014954651199509138,1.5782894603953799,-1.4337788443927424,-0.9084384584520789,22
TJX,2025-04-30,2025-04-10,4,0.007900001,127.47000122070312,127.62999725341795,0.06558406315441195,True,40.720001220703125,0.0012551661660205875,8.33331875993086,-7.350709105320504,-0.8820866352388866,21
TJX,2025-10-31,2025-10-10,4,0.0495,140.3800048828125,140.41000366210938,0.12971937655272675,True,21.65999984741211,0.00021369695293797442,4.88164197428506,-4.4585946209834,-0.913339127381701,24
TJX,2026-01-31,2026-01-09,4,0.1429,157.80999755859375,150.1699981689453,0.0801596482617492,True,14.489999771118164,-0.04841264500249269,3.671175225087881,-3.389958414007577,-0.9233986955570687,24
MU,2025-08-31,2025-08-11,4,0.0594,123.72000122070312,118.4800033569336,0.22849987062342722,True,16.25,-0.04235368422298946,3.227717397260275,-2.9404029156016582,-0.91098524241853,22
MU,2025-11-30,2025-11-10,4,0.2058,253.3000030517578,240.4600067138672,0.5122384462565034,True,17.600000381469727,-0.05069086531067659,7.15731439113065,-6.487443838484847,-0.9064075551192906,21
MU,2026-02-28,2026-02-06,4,0.3321,394.69000244140625,412.6700134277344,0.3891155106059582,True,20.3700008392334,0.045554766715930055,12.907715806179173,6.158679988833491,0.47713166925206174,24
MPWR,2025-06-30,2025-06-10,4,0.0225,731.8400268554688,746.969970703125,0.12461741481795496,True,16.950000762939453,0.020673840309972914,19.915357328751604,-2.7813650185353858,-0.1396593077704891,21
MPWR,2025-09-30,2025-09-10,4,0.020399999,855.1799926757812,915.8699951171876,0.17375285564783605,True,15.350000381469728,0.0709675190733974,21.075027235787907,41.84021888690827,1.9852984491454697,21
MPWR,2025-12-31,2025-12-11,4,0.0113,981.47998046875,936.3099975585938,0.06490193629976254,True,14.850000381469728,-0.046022317122131506,23.39969154340004,-21.324753091992537,-0.9113262477174514,22
FITB,2025-09-30,2025-09-10,4,0.0547,45.5099983215332,44.349998474121094,0.15798723119941346,True,15.350000381469728,-0.025488901124904057,1.1215468817575585,-1.0137919008149594,-0.9039228919492532,21
FITB,2025-12-31,2025-12-11,4,0.0493,48.38999938964844,47.709999084472656,0.04360406358680246,True,14.850000381469728,-0.014052496667756655,1.1536771834737816,-1.0479479785361894,-0.9083546017446266,22
DD,2025-09-30,2025-09-10,4,0.1116,31.84100341796875,32.728031158447266,0.10670165119430765,True,15.350000381469728,0.027858033518439358,0.7846886269507453,0.1818567797081898,0.23175661461397085,21
DD,2025-12-31,2025-12-11,4,0.0659,41.4900016784668,40.869998931884766,0.21239284668439012,True,14.850000381469728,-0.014943425439864735,0.9891727398735104,-0.8986015267989171,-0.9084374149997553,22
DUK,2025-03-31,2025-03-11,4,0.1084,117.6999969482422,121.06999969482422,0.06890400017527525,True,26.920000076293945,0.02863213962583154,5.086906211371253,-1.201025529832381,-0.23610137083864702,21
DUK,2025-09-30,2025-09-10,4,0.0345,121.3499984741211,122.38999938964844,0.04903170187934592,True,15.350000381469728,0.0085702589913846,2.990545317720633,-1.6531795204449449,-0.552802029331889,21
GM,2025-09-30,2025-09-10,4,0.20549999,57.34000015258789,61.34000015258789,0.14073944320455326,True,15.350000381469728,0.06975933012479196,1.413085052580295,2.7359496886794594,1.936153583737661,21
GM,2025-12-31,2025-12-11,4,0.1065,80.8499984741211,80.9800033569336,0.26703773110767015,True,14.850000381469728,0.001607976317453026,1.9275635399870839,-1.618100440132642,-0.8394537490284156,22
BJ,2025-04-30,2025-04-10,4,0.25100002,117.3000030517578,117.26000213623048,0.21628305274116388,True,40.720001220703125,-0.00034101376373933434,7.668457728173296,-6.912681835855172,-0.9014435602166176,21
KLAC,2025-06-30,2025-06-10,4,0.0967,856.5900268554688,898.8499755859375,0.16145418986002294,True,16.950000762939453,0.04933509310819844,23.31014407939816,21.361332533442432,0.9163964178291752,21
KLAC,2025-09-30,2025-09-10,4,0.0224,932.6300048828124,1128.8699951171875,0.04315752204976229,True,15.350000381469728,0.2104156945487007,22.983702755157918,175.99904664484612,7.657558423885771,21
KLAC,2025-12-31,2025-12-11,4,0.0058999998,1246.1800537109375,1274.469970703125,0.1600812913917502,True,14.850000381469728,0.022701307814985777,29.710467299034313,1.4037779116614146,0.0472485975239791,22
LRCX,2025-06-30,2025-06-10,4,0.103599995,91.0,96.80999755859376,0.13945057627918955,True,16.950000762939453,0.0638461270175139,2.476357469409509,3.5933719852136368,1.4510715959237022,21
LRCX,2025-09-30,2025-09-10,4,0.0327,107.36000061035156,142.7899932861328,0.12993663253479099,True,15.350000381469728,0.3300111072499856,2.645776276661766,33.13114612932724,12.522278025385251,21
LRCX,2025-12-31,2025-12-11,4,0.087,168.7100067138672,185.05999755859375,0.2512595894263497,True,14.850000381469728,0.09691180246620587,4.022254346445264,12.737844374682217,3.1668420933995645,22
HON,2025-06-30,2025-06-10,4,0.0343,213.25164794921875,225.04241943359375,0.07000792806922893,True,16.950000762939453,0.05529041204494099,5.803157266625659,6.591381346770801,1.135826765315886,21
ALLY,2025-06-30,2025-06-10,4,0.2215,36.790000915527344,40.209999084472656,0.06360424284741688,True,16.950000762939453,0.0929599914063033,1.0011559732609763,2.5267217490871623,2.5238042988018106,21
ALLY,2025-09-30,2025-09-10,4,0.1409,41.11000061035156,38.75,0.10921920729274344,True,15.350000381469728,-0.057406970939263634,1.013113484818028,-0.9189645410708895,-0.9070696963785363,21
ALLY,2025-12-31,2025-12-11,4,0.0654,45.81999969482422,45.7599983215332,0.027062371716026008,True,14.850000381469728,-0.0013095018265090325,1.092405225489679,-0.9909973794757843,-0.9071701199814035,22
XYL,2025-06-30,2025-06-10,4,0.098900005,128.49000549316406,131.0,0.04210447062668398,True,16.950000762939453,0.01953455054501865,3.496562470851272,-0.6351075855636608,-0.18163770584915007,21
XYL,2025-09-30,2025-09-10,4,0.1109,137.72999572753906,147.8800048828125,0.07362230236111848,True,15.350000381469728,0.07369497909048398,3.394213424077737,7.115092408899919,2.096241903478184,21
HCA,2025-06-30,2025-06-10,4,0.082100004,364.9200134277344,389.5299987792969,0.09991236608314025,True,16.950000762939453,0.06743939615807355,9.930465944931743,15.724590863037257,1.5834695924880229,21
HCA,2025-09-30,2025-09-10,4,0.2155,394.3599853515625,426.0700073242187,0.06534635858325875,True,15.350000381469728,0.08040882227031089,9.718594334725097,23.02662869991589,2.369337365758793,21
HCA,2025-12-31,2025-12-11,4,0.0714,482.3500061035156,470.3900146484375,0.1685290919794795,True,14.850000381469728,-0.02479525511296755,11.499818216759603,-10.457396015675393,-0.9093531583338417,22
MNDY,2025-06-30,2025-06-10,4,0.2698,308.1199951171875,303.760009765625,0.13757621966317754,True,16.950000762939453,-0.014150283722756335,8.384782982229328,-7.569824142605583,-0.9028050169752795,21
AMAT,2025-07-31,2025-07-11,4,0.0513,197.92999267578125,179.99000549316406,0.2651442311398647,True,16.399999618530273,-0.09063804297716385,5.211439119612179,-4.744212495044604,-0.9103459497762788,21
AMAT,2025-10-31,2025-10-10,4,0.0365,209.9499969482422,237.7100067138672,0.09292686254072978,True,21.65999984741211,0.13222200604493708,7.3009024216741825,21.124527020104324,2.8934131426537024,24
AMAT,2026-01-31,2026-01-09,4,0.0789,301.17999267578125,328.3999938964844,0.2443721118087568,True,14.489999771118164,0.09037785338551795,7.00642889873276,20.828552678688904,2.9727772849384264,24
BIIB,2025-09-30,2025-09-10,4,0.23879999,142.61000061035156,154.22000122070312,0.08113040652619508,True,15.350000381469728,0.08141084468594297,3.5144761017559816,8.470225159424269,2.4100961037100763,21
BIIB,2025-12-31,2025-12-11,4,0.2318,172.5,177.82000732421875,0.16631885473278984,True,14.850000381469728,0.030840622169384057,4.112612454212993,1.6014583442703216,0.3894017153572968,22
NKE,2025-08-31,2025-08-11,4,0.84489995,74.0199966430664,74.29000091552734,0.15698453991048603,True,16.25,0.0036477206796283923,1.9310994871700082,-1.4809416655809529,-0.7668904038451413,22
ICE,2025-03-31,2025-03-11,4,0.0099,168.36000061035156,171.49000549316406,0.060465715714332194,True,26.920000076293945,0.018591143213740596,7.2763938407566435,-3.4156719337222037,-0.46941823222793305,21
ICE,2025-06-30,2025-06-10,4,0.0226,175.52999877929688,181.86000061035156,0.015438907730441792,True,16.950000762939453,0.03606222227013021,4.776648610797296,2.0412660801027025,0.42734273471332107,21
MMM,2025-03-31,2025-03-11,4,0.0642,147.5399932861328,147.6699981689453,0.1204418450745725,True,26.920000076293945,0.0008811501201601253,6.376568629844053,-5.6173435116098895,-0.880935160851122,21
MMM,2025-09-30,2025-09-10,4,0.055999998,153.57000732421875,156.0,0.05534934944721793,True,15.350000381469728,0.015823354560705476,3.7845741419082612,-0.9755560409772404,-0.2577716816733691,21
MMM,2025-12-31,2025-12-11,4,0.0179,168.60000610351562,161.82000732421875,0.07829188451468273,True,14.850000381469728,-0.040213514435664656,4.019631796415681,-3.66102561226773,-0.9107863102118652,22
LNC,2025-03-31,2025-03-11,4,0.0497,34.810001373291016,36.0099983215332,0.054582058343058196,True,26.920000076293945,0.034472763599570556,1.5044623347059523,-0.1510271803124641,-0.10038614914342965,21
LNC,2025-09-30,2025-09-10,4,0.0934,41.54999923706055,40.11000061035156,0.2033694565125881,True,15.350000381469728,-0.03465700729603328,1.0239567963091993,-0.9265035268598656,-0.9048267760899686,21
LNC,2025-12-31,2025-12-11,4,0.16510001,46.2599983215332,45.0099983215332,0.13964546733382915,True,14.850000381469728,-0.02702118558915181,1.1028953346609254,-1.003149549121247,-0.9095600621337796,22
CFLT,2025-12-31,2025-12-11,4,0.21049999,30.13999938964844,30.11000061035156,0.3301260470167144,True,14.850000381469728,-0.000995314529010414,0.7185747064338562,-0.6518485172430674,-0.9071409157693043,22
ROST,2025-10-31,2025-10-10,4,0.109,147.7100067138672,161.1999969482422,0.12030332045738557,True,21.65999984741211,0.09132753111647204,5.136538992132678,8.804697074288264,1.714130290410309,24
ROST,2026-01-31,2026-01-09,4,0.049099997,191.44000244140625,190.11000061035156,0.17995192493160486,True,14.489999771118164,-0.0069473559031204,4.453518819634387,-4.09750810658922,-0.920060804172285,24
ADI,2025-07-31,2025-07-11,4,0.0533,244.67999267578125,221.7100067138672,0.2662252793017027,True,16.399999618530273,-0.09387766327241541,6.44235301774461,-5.866827627954515,-0.9106653441367019,21
ADI,2026-01-31,2026-01-09,4,0.0655,300.92999267578125,316.8599853515625,0.2086199458587544,True,14.489999771118164,0.052935875663759624,7.0006130833822064,9.522749478035397,1.36027364526689,24
VZ,2025-03-31,2025-03-11,4,0.0366,43.43000030517578,45.380001068115234,0.03315677219871841,True,26.920000076293945,0.044899856072694096,1.8770122688227777,0.26635217874845085,0.1419022044621484,21
VZ,2025-06-30,2025-06-10,4,0.025899999,44.130001068115234,43.68000030517578,0.010876943816417375,True,16.950000762939453,-0.010197161841099235,1.2008973381327122,-1.0837081057813664,-0.9024152784503924,21
VZ,2025-09-30,2025-09-10,4,0.0153,43.4900016784668,43.83000183105469,0.022763891475243984,True,15.350000381469728,0.007817892376772082,1.0717661518136523,-0.625274428210821,-0.5834056497797827,21
CRM,2026-01-31,2026-01-09,4,0.2491,259.94000244140625,210.80999755859375,0.08986689386377612,True,14.489999771118164,-0.18900517204498765,6.0470522256858565,-5.652277530472908,-0.9347161756705065,24
TSN,2025-12-31,2025-12-11,4,0.0308,59.560001373291016,58.040000915527344,0.0931833936163515,True,14.850000381469728,-0.02552049064332793,1.4199837879463169,-1.2913624660194216,-0.9094205701369896,22
TDY,2025-03-31,2025-03-11,4,0.0056,488.4200134277344,498.3299865722656,0.027844899327672434,True,26.920000076293945,0.020289858875730753,21.10914923095653,-9.075797503390826,-0.4299461529260111,21
TDY,2025-06-30,2025-06-10,4,0.0304,500.55999755859375,511.5700073242187,0.006512725310702543,True,16.950000762939453,0.021995384807664643,13.621598778481642,-1.2390959717979566,-0.09096553142905556,21
TDY,2025-09-30,2025-09-10,4,0.018,544.969970703125,575.0700073242188,0.10343682703632341,True,15.350000381469728,0.05523246828124937,13.430221793798706,18.067033763301097,1.3452520770463672,21
QCOM,2025-09-30,2025-09-10,4,0.0432,158.9499969482422,166.49000549316406,0.01308588783258665,True,15.350000381469728,0.04743635539280367,3.917158426884087,4.027362586725187,1.0281336999506456,21
QCOM,2025-12-31,2025-12-11,4,0.0287,181.27000427246097,172.97999572753906,0.07248854791164547,True,14.850000381469728,-0.04573293070849971,4.321700157369076,-3.9383625390639643,-0.9112993487871967,22
RDDT,2025-09-30,2025-09-10,4,0.538,259.0299987792969,202.6000061035156,0.5127977549203896,True,15.350000381469728,-0.21785118689616223,6.383526656276029,-5.891279518784162,-0.9228879013126844,21
APA,2025-09-30,2025-09-10,4,0.1759,23.290000915527344,25.059999465942383,0.11979393756344861,True,15.350000381469728,0.07599821729654757,0.573958006291141,1.2569275758664098,2.1899295106771826,21
APA,2025-12-31,2025-12-11,4,0.4173,25.950000762939453,25.36000061035156,0.07899811499569946,True,14.850000381469728,-0.02273603604014163,0.6186799786927621,-0.5624801725053427,-0.9091617506256358,22
ANF,2026-01-31,2026-01-09,4,0.0312,124.87000274658205,101.4499969482422,0.43052775649676206,True,14.489999771118164,-0.18755509956918695,2.9048835151885712,-2.7149025271499694,-0.9345994470878916,24
IMAX,2025-06-30,2025-06-10,4,0.1515,27.3700008392334,27.329999923706055,0.09207162515506354,True,16.950000762939453,-0.001461487552094066,0.74481215402176,-0.6714883974090124,-0.9015540277950332,21
IMAX,2025-09-30,2025-09-10,4,0.2032,31.049999237060547,32.9900016784668,0.05829305991679414,True,15.350000381469728,0.06247995133895878,0.7651951462811354,1.2549614580217332,1.6400541275266478,21
IMAX,2025-12-31,2025-12-11,4,0.2288,38.29999923706055,36.02000045776367,0.15639681417991727,True,14.850000381469728,-0.0595299954233592,0.9131191528039615,-0.8332959274144958,-0.9125818080320093,22
EL,2025-09-30,2025-09-10,4,0.8188,87.43000030517578,86.19999694824219,0.14686039028327716,True,15.350000381469728,-0.014068435921768818,2.1546220134210894,-1.9451861769389327,-0.9027969475956406,21
EL,2025-12-31,2025-12-11,4,0.066,105.55999755859376,106.76000213623048,0.16635087120806952,True,14.850000381469728,0.011367986030604307,2.5166803514560345,-1.0800870007821581,-0.4291713090052417,22
LH,2025-03-31,2025-03-11,4,0.028199999,239.25,232.6499938964844,0.04062696434985632,True,26.920000076293945,-0.0275862324075887,10.340206819255556,-9.348887758203523,-0.9041296679669891,21
LH,2025-06-30,2025-06-10,4,0.040900003,259.3699951171875,264.260009765625,0.07302310520863778,True,16.950000762939453,0.018853432318677085,7.058162909331378,-1.4591641155360948,-0.2067342641818283,21
LH,2025-09-30,2025-09-10,4,0.0101,272.94000244140625,279.05999755859375,0.03290104384114938,True,15.350000381469728,0.02242249235159774,6.726324322895443,0.0716889623493655,0.010657969926508979,21
DOV,2025-12-31,2025-12-11,4,0.0097,201.27999877929688,195.75,0.1414944152437487,True,14.850000381469728,-0.027474159443733444,4.798763071093986,-4.364965287323551,-0.909602166778461,22
CVX,2025-09-30,2025-09-10,4,0.083900005,157.7899932861328,154.5800018310547,0.07452940621849592,True,15.350000381469728,-0.020343441229870637,3.8885713352987517,-3.5129960089290857,-0.9034156007476686,21
PODD,2025-06-30,2025-06-10,4,0.2681,298.7300109863281,299.989990234375,0.12419243041909696,True,16.950000762939453,0.00421778596628693,8.129255978492072,-6.064432489991095,-0.7460009262884609,21
PODD,2025-09-30,2025-09-10,4,0.080699995,337.6099853515625,305.9800109863281,0.09188113610256496,True,15.350000381469728,-0.09368791131073098,8.320049226240085,-7.5766248432181325,-0.9106466364793476,21
D,2025-03-31,2025-03-11,4,0.2316,55.13999938964844,56.2599983215332,0.015778000390186668,True,26.920000076293945,0.020311914114656767,2.3831097082657893,-1.02338754330969,-0.42943366801791866,21
D,2025-09-30,2025-09-10,4,0.105100006,59.41999816894531,60.900001525878906,0.07892963263603935,True,15.350000381469728,0.024907495835418725,1.4643444543676993,0.16362460109133004,0.11173914757780318,21
VLO,2025-09-30,2025-09-10,4,0.1988,158.5,167.6699981689453,0.1308517696729594,True,15.350000381469728,0.057854878037509855,3.906068717090302,5.671308889937355,1.4519224572582559,21
VLO,2025-12-31,2025-12-11,4,0.16950001,171.91000366210938,165.30999755859375,0.04688498276363106,True,14.850000381469728,-0.03839221664195875,4.098546214867202,-3.7322059309539766,-0.910617017667301,22
OKTA,2025-04-30,2025-04-10,4,0.1149,101.62999725341795,111.86000061035156,0.171504484662274,True,40.720001220703125,0.10065928990851723,6.644035102951559,4.306939516440121,0.648241535407722,21
EMR,2025-06-30,2025-06-10,4,0.0069,126.94000244140624,135.50999450683594,0.10516784186826994,True,16.950000762939453,0.06751214668823953,3.4543826726663487,5.479169651949283,1.586150166657724,21
EMR,2025-09-30,2025-09-10,4,0.0028,133.6699981689453,131.19000244140625,0.0373307814881332,True,15.350000381469728,-0.018553121579343478,3.294158979566153,-2.9754131689844,-0.9032390930252757,21
EMR,2025-12-31,2025-12-11,4,0.0339,139.57000732421875,135.82000732421875,0.054882877840045655,True,14.850000381469728,-0.02686823675009785,3.3275208716300333,-3.0265327839215774,-0.9095458452944241,22
DGX,2025-03-31,2025-03-11,4,0.0278,168.14999389648438,169.27999877929688,0.07410045737348453,True,26.920000076293945,0.006720219588637914,7.267317506985195,-5.416012414212458,-0.7452560603010256,21
DGX,2025-06-30,2025-06-10,4,0.0187,177.44000244140625,179.3300018310547,0.022317440596152212,True,16.950000762939453,0.010651484240553637,4.828625004591406,-2.457500498062955,-0.5089441602373731,21
THC,2025-06-30,2025-06-10,4,0.4009,156.55999755859375,177.42999267578125,0.18242206185462514,True,16.950000762939453,0.1333034966954234,4.260423289724816,17.085599402840607,4.0103056060291555,21
THC,2025-09-30,2025-09-10,4,0.105299994,191.77999877929688,201.33999633789065,0.14360200991463257,True,15.350000381469728,0.049848772653271096,4.7262198977629515,5.3229634153925085,1.1262623260318487,21
THC,2025-12-31,2025-12-11,4,0.15619999,197.7100067138672,199.4499969482422,0.03752978188136363,True,14.850000381469728,0.008800719110253102,4.713650063385419,-2.5316625536634594,-0.5370917483520571,22
AA,2025-12-31,2025-12-11,4,0.2474,47.2400016784668,56.540000915527344,0.30736663721123997,True,14.850000381469728,0.1968670386669297,1.1262598216806103,8.299036616358398,7.368669694684248,22
DRVN,2024-12-31,2024-12-11,4,0.62229997,17.170000076293945,16.020000457763672,0.1683168509307628,True,13.579999923706056,-0.0669772634490573,0.37434521545181165,-0.3418797685853942,-0.913274043512928,22
DRVN,2025-06-30,2025-06-10,4,0.0725,17.81999969482422,18.059999465942383,0.019079694635833408,True,16.950000762939453,0.013468000854560704,0.484930652188496,-0.19647764254256755,-0.40516647412544937,21
DRVN,2025-09-30,2025-09-10,4,0.1362,18.270000457763672,15.84000015258789,0.066776200883164,True,15.350000381469728,-0.13300493947952666,0.4502452823299444,-0.4117596234055401,-0.9145229046593284,21
CMA,2025-09-30,2025-09-10,4,0.1586,69.25,69.08999633789062,0.1989891520476083,True,15.350000381469728,-0.0023105221965252706,1.7065946918517567,-1.5387301711109547,-0.9016377341718677,21
CMA,2025-12-31,2025-12-11,4,0.1698,89.87999725341797,88.6500015258789,0.21740099591273934,True,14.850000381469728,-0.01368486610064163,2.1428498324002114,-1.9463942809663832,-0.9083204298950908,22
KO,2025-03-31,2025-03-11,4,0.0195,71.04000091552734,71.87000274658203,0.11824326319853555,True,26.920000076293945,0.011683584182968,3.070295932734198,-1.9340568117174521,-0.6299252104975795,21
KO,2025-06-30,2025-06-10,4,0.039300002,72.3499984741211,71.66999816894531,0.030822332751488733,True,16.950000762939453,-0.009398760463264016,1.9688402102544658,-1.7765565104064636,-0.9023365640103672,21
SNOW,2025-07-31,2025-07-11,4,0.31350002,210.83999633789065,205.02000427246097,0.3049706135865755,True,16.399999618530273,-0.027603833079671517,5.5513557598823615,-5.019155072946498,-0.904131403218312,21
SNOW,2025-10-31,2025-10-10,4,0.1249,242.1699981689453,277.1400146484375,0.10438947421414589,True,21.65999984741211,0.14440276146467995,8.421336279058652,27.324475975066285,3.2446722312958927,24
BK,2025-03-31,2025-03-11,4,0.059299998,81.05000305175781,83.7699966430664,0.01702658643863642,True,26.920000076293945,0.033559450819164435,3.502920770141985,-0.4259841459722522,-0.12160827318825874,21
BK,2025-06-30,2025-06-10,4,0.1009,90.0,90.6500015258789,0.0842222425672743,True,16.950000762939453,0.007222239176432292,2.4491447499654493,-1.5559380039115034,-0.6352985073395329,21
BK,2025-09-30,2025-09-10,4,0.0808,104.0,106.83000183105467,0.12990386669452386,True,15.350000381469728,0.027211556067833396,2.5629725336113025,0.5265888286149498,0.20546019190965378,21
BK,2025-12-31,2025-12-11,4,0.049099997,118.68000030517578,117.04000091552734,0.08560838924826228,True,14.850000381469728,-0.013818666880951425,2.829477375774306,-2.5701072965424014,-0.9083328668917431,22
EXPD,2025-09-30,2025-09-10,4,0.18059999,121.33999633789062,121.52999877929688,0.05134329912282709,True,15.350000381469728,0.0015658681979613532,2.9902988254087473,-2.50502100287574,-0.8377159438349194,21
EXPD,2025-12-31,2025-12-11,4,0.0194,153.02000427246094,151.86000061035156,0.18932165999107137,True,14.850000381469728,-0.0075807321246960735,3.648185364142889,-3.311651357971,-0.9077530408735262,22
ABBV,2025-03-31,2025-03-11,4,0.026199998,213.58999633789065,206.27000427246097,0.18362283764759615,True,26.920000076293945,-0.0342712308204255,9.231200571192588,-8.352286355318778,-0.9047887423639565,21
ABBV,2025-09-30,2025-09-10,4,0.0423,211.63999938964844,244.3800048828125,0.09818559270092896,True,15.350000381469728,0.15469668109801277,5.215649090857516,28.118114320568154,5.391105465637297,21
ABBV,2025-12-31,2025-12-11,4,0.0216,223.97999572753903,229.30999755859375,0.008884678419208791,True,14.850000381469728,0.023796776197542252,5.339958956079131,0.4982123193552619,0.09329890425245416,22
FCX,2025-06-30,2025-06-10,4,0.2181,42.189998626708984,44.04999923706055,0.06352217095070414,True,16.950000762939453,0.0440862922705587,1.148104595973931,0.8300779182146789,0.722998515227202,21
FCX,2025-09-30,2025-09-10,4,0.2284,44.880001068115234,39.09000015258789,0.0661764962125446,True,15.350000381469728,-0.12901071251624413,1.1060212504425506,-1.011046225269863,-0.914129113581963,21
FCX,2025-12-31,2025-12-11,4,0.4666,48.11000061035156,51.93000030517578,0.06609852972006736,True,14.850000381469728,0.07940136450553881,1.147001667723632,2.7880790950116117,2.430754177145097,22
FFIV,2025-03-31,2025-03-11,4,0.105399996,265.30999755859375,268.5799865722656,0.019750443943288443,True,26.920000076293945,0.012325163181797164,11.466500505630288,-7.0520951279302615,-0.6150172081244437,21
FFIV,2025-06-30,2025-06-10,4,0.1917,293.6600036621094,295.9700012207031,0.08925284726630946,True,16.950000762939453,0.0078662314574227,7.991287291598775,-4.887230735757921,-0.6115698957408098,21
FFIV,2025-09-30,2025-09-10,4,0.1062,326.69000244140625,327.2900085449219,0.11126758037242113,True,15.350000381469728,0.0018366221770843433,8.050937531372437,-6.655731205831099,-0.8267026268549996,21
GOOGL,2025-06-30,2025-06-10,4,0.056700002,178.60000610351562,175.83999633789062,0.08012324931886511,True,16.950000762939453,-0.01545358158624761,4.860191858802471,-4.388430090406624,-0.9029335091902962,21
GOOGL,2025-09-30,2025-09-10,4,0.2688,239.1699981689453,244.8999938964844,0.26090226355400215,True,15.350000381469728,0.023957836565652882,5.894097463181464,0.4309195740101348,0.0731103577268532,21
GOOGL,2025-12-31,2025-12-11,4,0.0701,312.42999267578125,315.1499938964844,0.1933232894165939,True,14.850000381469728,0.008705954244046469,7.448715819988942,-4.030316801546043,-0.5410753878850524,22
EXC,2025-03-31,2025-03-11,4,0.069,43.400001525878906,45.91999816894531,0.1529954601588285,True,26.920000076293945,0.05806443673887343,1.8757157439230707,0.839945505472981,0.44779999751787014,21
EXC,2025-09-30,2025-09-10,4,0.105399996,43.31999969482422,45.060001373291016,0.014773762561334997,True,15.350000381469728,0.04016624401487908,1.067576628595043,0.7819050894727853,0.7324112092092082,21
STAG,2025-06-30,2025-06-10,4,0.2534,37.02000045776367,36.540000915527344,0.032685009981378875,True,16.950000762939453,-0.012965951817962895,1.0074148862761159,-0.909381584364698,-0.9026882536213103,21
STAG,2025-12-31,2025-12-11,4,0.0513,38.15999984741211,36.91999816894531,0.06970649523187832,True,14.850000381469728,-0.032494803024767045,0.9097813949288868,-0.8279637020425676,-0.9100688436338991,22
WSM,2025-07-31,2025-07-11,4,0.1159,174.82000732421875,187.6699981689453,0.18258787375827049,True,16.399999618530273,0.07350412027437539,4.602959929133566,8.734193630749477,1.897516764260329,21
WSM,2025-10-31,2025-10-10,4,0.048699997,181.4499969482422,192.6199951171875,0.060953418267339875,True,21.65999984741211,0.061559649252193184,6.309829680344207,5.399368064350775,0.8557074180893318,24
WSM,2026-01-31,2026-01-09,4,0.0446,199.0399932861328,214.02999877929688,0.04511653954202933,True,14.489999771118164,0.07531152531549257,4.630319393309674,10.760490751023934,2.3239197638443074,24
INTU,2025-07-31,2025-07-11,4,0.034,747.9000244140625,776.1500244140625,0.20566921019253617,True,16.399999618530273,0.037772428236156674,19.691990042028962,10.57277713946766,0.5369074997957035,21
HII,2025-06-30,2025-06-10,4,0.12529999,223.3000030517578,246.30999755859375,0.07241378391381989,True,16.950000762939453,0.10304520462322853,6.076600334905349,17.594220163979244,2.895405192754593,21
HII,2025-09-30,2025-09-10,4,0.083100006,271.92999267578125,286.010009765625,0.15691538012807674,True,15.350000381469728,0.05177809535203121,6.701433675895673,8.073487680284655,1.204740369112972,21
HII,2025-12-31,2025-12-11,4,0.050300002,326.7200012207031,349.75,0.15924950595280518,True,14.850000381469728,0.07048848767523065,7.78940722354057,16.01566575689914,2.056082741251193,22
AVGO,2025-07-31,2025-07-11,4,0.016,274.3800048828125,288.6400146484375,0.34780234068196186,True,16.399999618530273,0.051971752721979285,7.2243456979657354,7.784929558205888,1.0775964888277707,21
AVGO,2025-10-31,2025-10-10,4,0.0438,324.6300048828125,362.5499877929687,0.12719098026637146,True,21.65999984741211,0.11680985226194618,11.288840310777967,27.6460258127595,2.4489695178312147,24
LIN,2025-03-31,2025-03-11,4,0.0067000003,454.0700073242187,467.0899963378906,0.029819209211177592,True,26.920000076293945,0.028673968338929056,19.62456754923012,-4.614313206763471,-0.23512942107835097,21
LIN,2025-06-30,2025-06-10,4,0.0136,475.55999755859375,476.75,0.032067457478109365,True,16.950000762939453,0.00250231820909123,12.941280792380129,-10.472204034738493,-0.8092092430993819,21
LIN,2025-09-30,2025-09-10,4,0.0075,472.7000122070313,466.80999755859375,0.012904603228239447,True,15.350000381469728,-0.012460364917142992,11.649203345426429,-10.515018359600727,-0.9026384077782459,21
KTOS,2025-03-31,2025-03-11,4,0.32849997,29.059999465942383,29.299999237060547,0.059187864589271236,True,26.920000076293945,0.00825876722397872,1.2559515345676082,-0.8911047894777544,-0.7095057133590261,21
KTOS,2025-06-30,2025-06-10,4,0.1775,39.29999923706055,43.06999969482422,0.18854961809832185,True,16.950000762939453,0.09592876669087819,1.069459853389922,2.8160932638596763,2.633192124915545,21
KTOS,2025-09-30,2025-09-10,4,0.1234,65.66000366210938,92.95999908447266,0.37237287867752833,True,15.350000381469728,0.415778158692327,1.6181229417577294,25.907732757367825,16.01097919619436,21
EIX,2025-12-31,2025-12-11,4,0.28620002,57.93000030517578,60.93000030517578,0.04056617403316554,True,14.850000381469728,0.051786638774313346,1.3811225549427737,1.7539032386588465,1.2699113720081987,22
NOW,2025-06-30,2025-06-10,4,0.1463,201.95799255371097,202.3780059814453,0.16524225457271463,True,16.950000762939453,0.002079706885691308,5.495826190849805,-4.532852071722071,-0.8247808271791739,21
HPE,2025-07-31,2025-07-11,4,0.0541,20.719999313354492,19.809999465942383,0.2755791155259565,True,16.399999618530273,-0.043918913010078844,0.5455515534567372,-0.4941278138007636,-0.905739907933281,21
HPE,2025-10-31,2025-10-10,4,0.0655,24.399999618530273,24.5,0.1348360270333843,True,21.65999984741211,0.004098376353816929,0.8484973512416539,-0.6799143203028009,-0.8013157840832903,24
UPST,2025-06-30,2025-06-10,4,0.4165,57.68000030517578,68.13999938964844,0.13245491243457708,True,16.950000762939453,0.18134533684345444,1.569629665838075,9.073182471864984,5.780460620321242,21
UPST,2025-09-30,2025-09-10,4,0.2342,62.41999816894531,52.130001068115234,0.11791087810886836,True,15.350000381469728,-0.16485096768153182,1.5382763543757174,-1.411618688876356,-0.9176626065017016,21
FDX,2025-11-30,2025-11-10,4,0.1716,253.88999938964844,273.3399963378906,0.10307612836999483,True,17.600000381469727,0.07660796799795179,7.173985489547635,13.037478685238156,1.8173271613433735,21
FDX,2026-02-28,2026-02-06,4,0.2552,369.2300109863281,387.25,0.27492350769229246,True,20.3700008392334,0.048804237135369584,12.075086826227533,6.96436690131738,0.5767550164683304,24
TMO,2025-12-31,2025-12-11,4,0.0187,578.9000244140625,592.510009765625,0.16894111968562414,True,14.850000381469728,0.023510079076845672,13.801689566083938,1.1213457425571125,0.08124699060850422,22
V,2025-03-31,2025-03-11,4,0.03,332.1400146484375,346.3500061035156,0.05524780301746744,True,26.920000076293945,0.04278313611239848,14.354844072791701,1.3309409427997796,0.09271719957742047,21
V,2025-06-30,2025-06-10,4,0.0468,370.7000122070313,355.4700012207031,0.09751827144228208,True,16.950000762939453,-0.04108446313679216,10.087755430099762,-9.134063665540637,-0.9054604593492119,21
V,2025-12-31,2025-12-11,4,0.0088,345.6300048828125,346.4800109863281,0.021554876896631738,True,14.850000381469728,0.0024592948861711923,8.240245000757987,-6.622411255420524,-0.8036667908310196,22
SOFI,2025-06-30,2025-06-10,4,0.447,14.390000343322754,17.639999389648438,0.14384993739482813,True,16.950000762939453,0.2258512139531496,0.39159104214277707,2.9057344229720146,7.420329145099703,21
SOFI,2025-09-30,2025-09-10,4,0.2301,25.520000457763672,25.760000228881836,0.41614422604771517,True,15.350000381469728,0.009404379577318994,0.6289140406826553,-0.3263264808554519,-0.51887294565922,21
STX,2025-06-30,2025-06-10,4,0.060100004,127.98999786376952,145.0399932861328,0.29283534927027766,True,16.950000762939453,0.1332134987650444,3.4829559035126687,13.956167846567975,4.006989532222543,21
STX,2025-09-30,2025-09-10,4,0.0876,193.0399932861328,256.8399963378906,0.32117696931381845,True,15.350000381469728,0.3305014777802571,4.757271160392968,59.66676322987404,12.54222456912575,21
STX,2025-12-31,2025-12-11,4,0.0958,307.8500061035156,287.5400085449219,0.2962806720984683,True,14.850000381469728,-0.06597367924613405,7.339523299309359,-6.7023114553649465,-0.9131807587552214,22
ZS,2025-04-30,2025-04-10,4,0.1078,195.36000061035156,227.05999755859375,0.027487689907915218,True,40.720001220703125,0.162264521136383,12.771610123448674,20.391856628121914,1.5966551148224035,21
ZS,2025-07-31,2025-07-11,4,0.1103,289.739990234375,280.2699890136719,0.29371158180784057,True,16.399999618530273,-0.032684481051589394,7.6287696432994005,-6.901231463745188,-0.9046323046084852,21
ZS,2025-10-31,2025-10-10,4,0.1142,309.8800048828125,336.2699890136719,0.0682845079665965,True,21.65999984741211,0.08516194564034324,10.775916699037015,16.555385259720794,1.5363319634050492,24
CMS,2025-03-31,2025-03-11,4,0.0121,72.08000183105469,75.13999938964844,0.07297450059115104,True,26.920000076293945,0.04245279523946116,3.1152439977656208,0.26492427046304723,0.0850412586150753,21
CMS,2025-09-30,2025-09-10,4,0.083900005,71.22000122070312,72.37000274658203,0.02358888340888455,True,15.350000381469728,0.016147170825161532,1.7551433362733224,-0.429308021553946,-0.2445999780653193,21
CVS,2025-03-31,2025-03-11,4,0.3449,64.9800033569336,67.9800033569336,0.20344728150879313,True,26.920000076293945,0.046168049323129026,2.8083873514174034,0.48127469399874245,0.17137048197993107,21
CVS,2025-09-30,2025-09-10,4,0.17930001,73.97000122070312,76.87000274658203,0.0846289310926547,True,15.350000381469728,0.0392051031231731,1.822914244614006,1.2638544958308444,0.6933153874709339,21
CVS,2025-12-31,2025-12-11,4,0.0938,80.83000183105469,80.12999725341797,0.07930228277746577,True,14.850000381469728,-0.008660207370770822,1.9270867953881425,-1.7495122604095286,-0.9078533798251428,22
JBHT,2025-12-31,2025-12-11,4,0.0477,199.5500030517578,196.77999877929688,0.32317717116965977,True,14.850000381469728,-0.013881253971930404,4.757517842254493,-4.321437498137978,-0.9083386844620083,22
PH,2025-06-30,2025-06-10,4,0.0857,670.9299926757812,703.280029296875,0.0735545826310753,True,16.950000762939453,0.04821670960345115,18.25782965729163,15.979039522994363,0.875188334151908,21
PH,2025-09-30,2025-09-10,4,0.090100005,765.280029296875,755.219970703125,0.13516621168913162,True,15.350000381469728,-0.013145591428791098,18.8595355347033,-17.02461521113055,-0.9027059643013833,21
PH,2025-12-31,2025-12-11,4,0.0675,899.1300048828125,893.97998046875,0.15952086116231334,True,14.850000381469728,-0.005727786177855031,21.436366701667502,-19.455234981297234,-0.9075808065824812,22
EBAY,2025-03-31,2025-03-11,4,0.0319,65.22000122070312,67.80000305175781,0.03143212225373387,True,26.920000076293945,0.03955844499793883,2.818759880351809,0.05013701680160709,0.01778690591954555,21
EBAY,2025-06-30,2025-06-10,4,0.0563,78.7699966430664,76.0999984741211,0.1438364184906622,True,16.950000762939453,-0.033896131556841125,2.143545819257357,-1.939376855410896,-0.9047517613049221,21
EBAY,2025-09-30,2025-09-10,4,0.019,91.29000091552734,87.58000183105469,0.14875672795337755,True,15.350000381469728,-0.04063970913863393,2.249747739806223,-2.0369589742380616,-0.9054166110256924,21
MP,2025-03-31,2025-03-11,4,0.0128,24.010000228881836,25.170000076293945,0.1899208422521013,True,26.920000076293945,0.048313196016413845,1.0376943285141544,0.22955461194290594,0.2212160225175354,21
MP,2025-06-30,2025-06-10,4,0.3466,27.229999542236328,31.489999771118164,0.019831032583791305,True,16.950000762939453,0.15644510835463546,0.7410023380047743,3.6034825262740107,4.862984016996169,21
MP,2025-09-30,2025-09-10,4,0.3834,62.439998626708984,67.62999725341797,0.44506722793140463,True,15.350000381469728,0.08311977483755004,1.538769244990217,3.8155466154486044,2.479609355249924,21
REG,2025-06-30,2025-06-10,4,0.0435,72.66999816894531,71.11000061035156,0.017063408490622888,True,16.950000762939453,-0.021466872132940233,1.9775482721719024,-1.7867669918191322,-0.9035263598682024,21
CDNS,2025-06-30,2025-06-10,4,0.06,305.69000244140625,309.4599914550781,0.1654617469563785,True,16.950000762939453,0.012332719367865147,8.31865627329217,-3.7184159183038563,-0.446997182735171,21
CDNS,2025-09-30,2025-09-10,4,0.0785,338.5299987792969,351.9700012207031,0.11142292073587994,True,15.350000381469728,0.03970106782225938,8.342722006488515,5.952444405126981,0.7134894822693952,21
WDC,2025-06-30,2025-06-10,4,0.121300004,55.95000076293945,63.84000015258789,0.20017874191626797,True,16.950000762939453,0.1410187539242121,1.522551673656845,6.538724285563986,4.294582836626728,21
WDC,2025-09-30,2025-09-10,4,0.1293,95.0199966430664,130.58999633789062,0.3958113883852541,True,15.350000381469728,0.3743422537514871,2.341669630192474,33.545618070287354,14.325512718687845,21
WDC,2025-12-31,2025-12-11,4,0.1047,187.1999969482422,187.6999969482422,0.43830126474333647,True,14.850000381469728,0.002670940214482172,4.463078486249132,-3.54712015833156,-0.7947698363943935,22
BX,2025-09-30,2025-09-10,4,0.23889999,178.22999572753906,168.10000610351562,0.2242607988489515,True,15.350000381469728,-0.05683661486200782,4.392294074185985,-3.983869867256087,-0.907013464938458,21
MDB,2025-10-31,2025-10-10,4,0.66910005,314.44000244140625,369.0499877929687,0.2964953409352292,True,21.65999984741211,0.17367378491144314,10.934488252751171,44.70857570899048,4.088767089556439,24
MDB,2026-01-31,2026-01-09,4,0.120799996,408.1199951171875,372.6799926757813,0.221233974382941,True,14.489999771118164,-0.0868372117647163,9.4942021298803,-8.796300549194342,-0.9264918135153758,24
NVDA,2025-07-31,2025-07-11,4,0.040999997,164.9199981689453,173.72000122070312,0.3196701540506709,True,16.399999618530273,0.0533592235596742,4.342295568473365,4.908658132282048,1.1304292982542874,21
NVDA,2025-10-31,2025-10-10,4,0.0346,183.16000366210935,206.8800048828125,0.058691852943131624,True,21.65999984741211,0.12950426264710843,6.369294278295261,17.929824446777243,2.8150409862324897,24
NVDA,2026-01-31,2026-01-09,4,0.053200003,184.86000061035156,185.61000061035156,0.027209773681106497,True,14.489999771118164,0.004057124296893476,4.300446517011533,-3.2028627578539037,-0.7447744659035168,24
TRV,2025-03-31,2025-03-11,4,1.4767,254.55999755859375,264.5400085449219,0.03700502144598367,True,26.920000076293945,0.03920494611110672,11.001893511661647,0.10531953682570538,0.009572855501107161,21
TRV,2025-09-30,2025-09-10,4,0.276,272.3299865722656,277.239990234375,0.026401690149241756,True,15.350000381469728,0.01802961078179488,6.711291112148573,-1.1276912630705933,-0.1680289595886075,21
TRV,2025-12-31,2025-12-11,4,0.2641,282.8800048828125,285.19000244140625,0.017604676542589758,True,14.850000381469728,0.008165998015839624,6.744207716689201,-3.802206117162798,-0.563773578289095,22
AIG,2025-03-31,2025-03-11,4,0.1765,81.62999725341797,86.80999755859375,0.09788065824582615,True,26.920000076293945,0.06345706822817376,3.527987687588735,2.0219090608597012,0.5731054753883256,21
AIG,2025-06-30,2025-06-10,4,0.1325,84.33000183105469,85.87000274658203,0.0050990192794877045,True,16.950000762939453,0.018261601827218688,2.294848680545603,-0.5244668210261985,-0.2285409166505505,21
AIG,2025-12-31,2025-12-11,4,0.0306,82.8499984741211,84.2699966430664,0.058177426476716074,True,14.850000381469728,0.017139386784525545,1.9752460032243357,-0.3684987268353239,-0.18655839638900523,22
XPO,2025-06-30,2025-06-10,4,0.0625,123.52999877929688,129.4600067138672,0.09932807224412273,True,16.950000762939453,0.04800459801804967,3.3615871997061477,2.9157494597039513,0.8673728469571846,21
XPO,2025-09-30,2025-09-10,4,0.0557,130.2899932861328,126.93000030517578,0.05932915899813602,True,15.350000381469728,-0.025788572830593937,3.2108622518919168,-2.9024667561872386,-0.9039524366008027,21
XPO,2025-12-31,2025-12-11,4,0.1532,150.1199951171875,138.7899932861328,0.12310149432867425,True,14.850000381469728,-0.07547296962146981,3.5790455741758787,-3.271475758099057,-0.9140637329974085,22
GS,2025-06-30,2025-06-10,4,0.1291,614.8699951171875,706.4600219726562,0.10332260277168125,True,16.950000762939453,0.14895836125165401,16.7322846716949,76.75310635693025,4.58712649604685,21
GS,2025-09-30,2025-09-10,4,0.104899995,769.5800170898438,785.510009765625,0.1841654387543175,True,15.350000381469728,0.020699592403685713,18.96550429055179,-1.1269970929063327,-0.05942352365857092,21
GS,2025-12-31,2025-12-11,4,0.2022,911.030029296875,914.3400268554688,0.1171421668950329,True,14.850000381469728,0.0036332474804901625,21.720077939990475,-16.38382915655636,-0.7543172359612419,22
PNC,2025-09-30,2025-09-10,4,0.0758,201.88999938964844,198.44000244140625,0.13249789529382483,True,15.350000381469728,-0.017088498482699388,4.975370415831457,-4.493230631907895,-0.9030946957457862,21
PNC,2025-12-31,2025-12-11,4,0.1587,211.4900054931641,211.4600067138672,0.024682023193156752,True,14.850000381469728,-0.0001418449029161005,5.042182205987021,-4.573569780604866,-0.9070615844017437,22
ALL,2025-03-31,2025-03-11,4,0.39330003,201.5800018310547,207.5,0.041075497093389195,True,26.920000076293945,0.02936798350615601,8.712137553015756,-1.907984169951586,-0.21900298960398376,21
ALL,2025-09-30,2025-09-10,4,0.48080003,200.02999877929688,210.67999267578125,0.002099675906156044,True,15.350000381469728,0.053241983509858676,4.929532622785002,6.232339951869172,1.264286176556051,21
ALL,2025-12-31,2025-12-11,4,0.4509,206.82000732421875,203.82000732421875,0.005512110086382361,True,14.850000381469728,-0.014505366472099037,4.9308436979826356,-4.479162127278576,-0.9083966967176719,22
MDLZ,2025-03-31,2025-03-11,4,0.1224,67.8499984741211,67.6500015258789,0.06971259614752112,True,26.920000076293945,-0.0029476337913031648,2.9324264029616973,-2.644170491712278,-0.9017005470424471,21
MDLZ,2025-06-30,2025-06-10,4,0.0787,67.23999786376953,68.95999908447266,0.03197503858097796,True,16.950000762939453,0.025580030864782367,1.8297831972859906,0.07523105682366737,0.041114738038502685,21
NEM,2025-06-30,2025-06-10,4,0.229,52.560001373291016,58.83000183105469,0.09589042587218195,True,16.950000762939453,0.11929224303540156,1.4303005713508057,4.997535113190386,3.494045386887184,21
NEM,2025-09-30,2025-09-10,4,0.1884,78.43000030517578,85.94999694824219,0.2589570482502052,True,15.350000381469728,0.09588163475463028,1.9328263133970347,5.795998753611224,2.9987168083532962,21
NEM,2025-12-31,2025-12-11,4,0.2425,99.41999816894533,101.22000122070312,0.21223092800973184,True,14.850000381469728,0.018105040081564237,2.3702952038692033,-0.3459804678060072,-0.1459651385368533,22
HOOD,2025-06-30,2025-06-10,4,0.35990003,72.51000213623047,92.33000183105467,0.4204937357632777,True,16.950000762939453,0.2733415957923536,1.9731943450214706,18.094517848932398,9.170165064878852,21
HOOD,2025-09-30,2025-09-10,4,0.120699994,117.45999908447266,139.13999938964844,0.3465860667612947,True,15.350000381469728,0.18457347585695424,2.894680302418386,19.123381524706115,6.606388107429106,21
HOOD,2025-12-31,2025-12-11,4,0.038,123.37999725341795,115.20999908447266,0.020019400602151936,True,14.850000381469728,-0.06621817434607673,2.9415310916241832,-2.686216444007131,-0.9132034849660288,22
LOW,2026-01-31,2026-01-09,4,0.019299999,267.2099914550781,269.05999755859375,0.09610416338080094,True,14.489999771118164,0.00692341664861225,6.216175880502108,-3.862312845340404,-0.6213326198595958,24
MRK,2025-12-31,2025-12-11,4,0.0147,99.01000213623048,106.4499969482422,0.17654785354799213,True,14.850000381469728,0.07514387083614879,2.360520393490531,5.315376195065336,2.2517815180598473,22
TXT,2025-09-30,2025-09-10,4,0.0643,81.0199966430664,85.20999908447266,0.04665513374370601,True,15.350000381469728,0.05171565804754727,1.9966540968217221,2.4003788325973727,1.2022006397694525,21
TXT,2025-12-31,2025-12-11,4,0.0153,86.8499984741211,87.05000305175781,0.0337363311071196,True,14.850000381469728,0.002302873703519,2.07061092969884,-1.6776965262584835,-0.810242282697936,22
