symbol,entry_date,ml_rank,regime,vix_at_entry,vix_percentile,entry_price,exit_price,equity_return,call_cost,call_pnl,call_return
WELL,2017-04-25,0.9947229551451188,CHOPPY,10.760000228881836,0.011904761904761904,72.66999816894531,69.02999877929688,-0.05008943830143028,1.3450328004695236,-0.3018270742473008,-0.22440127418598202
FTNT,2017-05-01,0.9577836411609498,TRENDING_BULL,10.109999656677246,0.0,7.829999923706055,8.09000015258789,0.0332056489674618,0.1361690301277222,0.23870460172050179,1.753002143707747
EBAY,2017-06-01,0.920844327176781,TRENDING_BULL,9.890000343322754,0.007936507936507936,34.790000915527344,34.09000015258789,-0.020120745746431738,0.591856187644412,-0.11833095531140053,-0.1999319391799515
NVDA,2017-05-31,0.9894459102902374,TRENDING_BULL,10.40999984741211,0.03968253968253968,3.608750104904175,3.7929999828338623,0.05105642468268941,0.0646208964087182,0.17508559940577412,2.709426967685221
MU,2017-06-22,0.9234828496042216,TRENDING_BULL,10.479999542236328,0.0873015873015873,31.88999938964844,30.200000762939453,-0.05299462712619445,0.5748853216879419,-0.13036867079869796,-0.2267733509283516
MSFT,2017-06-22,0.9577836411609498,TRENDING_BULL,10.479999542236328,0.0873015873015873,70.26000213623047,69.45999908447266,-0.011386322622174825,1.2665865381920791,-0.2441982804510392,-0.19280031256261962
SHOP,2017-07-18,1.0,CHOPPY,9.890000343322754,0.01984126984126984,9.317999839782717,10.407999992370604,0.11697791063852438,0.15852014131979067,1.076051750559659,6.788107439223673
AMD,2017-07-19,0.9894459102902374,CHOPPY,9.789999961853027,0.011904761904761904,13.550000190734863,13.369999885559082,-0.01328415517653356,0.22818518114759065,-0.04434776402379856,-0.1943498863544269
FTNT,2017-06-27,0.9102902374670184,TRENDING_BULL,11.0600004196167,0.19444444444444445,7.440000057220459,7.900000095367432,0.06182796164101456,0.14154467248100885,0.44117161014460693,3.116836560583368
BA,2017-06-27,0.9683377308707124,TRENDING_BULL,11.0600004196167,0.19444444444444445,198.88999938964844,206.44000244140625,0.037960697244342013,3.783846721349784,6.972933735971216,1.8428161205969285
INTU,2017-06-28,0.9815303430079156,TRENDING_BULL,10.029999732971191,0.03571428571428571,135.3699951171875,132.39999389648438,-0.02193987831743693,2.3355479081454043,-0.47041964788932544,-0.20141725470443167
KEY,2017-07-18,0.9261213720316622,CHOPPY,9.890000343322754,0.01984126984126984,18.950000762939453,18.11000061035156,-0.04432718304849274,0.32238214752119493,-0.07082620125591743,-0.21969641247352564
NVDA,2017-07-25,0.9683377308707124,TRENDING_BULL,9.43000030517578,0.003968253968253968,4.133749961853027,4.257500171661377,0.029936549368089104,0.06705348525795349,0.11308466039144341,1.6864844527679488
LLY,2017-07-25,0.9287598944591028,TRENDING_BULL,9.43000030517578,0.003968253968253968,82.19000244140625,81.97000122070312,-0.002676739435066512,1.3332025806866978,-0.24756101090141347,-0.18568896766904042
INTU,2017-07-26,0.9313984168865436,TRENDING_BULL,9.600000381469728,0.01984126984126984,137.13999938964844,136.82000732421875,-0.0023333240983946005,2.2646486826380987,-0.4198852743003696,-0.18540857022080948
SNPS,2017-09-11,0.9842105263157894,CHOPPY,10.729999542236328,0.2261904761904762,79.5999984741211,79.41999816894531,-0.0022613104098777276,1.4691908277894457,-0.2723141839126617,-0.18534977129035543
ADBE,2017-09-15,0.913157894736842,TRENDING_BULL,10.170000076293944,0.1111111111111111,154.49000549316406,149.17999267578125,-0.0343712384528187,2.702631226309843,-0.5717887096842738,-0.21156741775125226
INTU,2017-09-15,0.9236842105263158,TRENDING_BULL,10.170000076293944,0.1111111111111111,142.1300048828125,142.13999938964844,7.031947155829667e-05,2.486406730103045,-0.44612687078789115,-0.17942634460670165
NEM,2017-09-19,0.936842105263158,TRENDING_BULL,10.18000030517578,0.11904761904761904,38.09000015258789,38.22999954223633,0.0036754893433342695,0.6669975073917135,0.019604742378535045,0.029392527200287715
PH,2017-09-28,0.9342105263157896,TRENDING_BULL,9.550000190734863,0.015873015873015872,175.82000732421875,180.0800018310547,0.024229293194035342,2.8882655459034825,3.78712685133241,1.3112114489278213
EMR,2017-09-28,0.9236842105263158,TRENDING_BULL,9.550000190734863,0.015873015873015872,62.86000061035156,63.91999816894531,0.016862830867029825,1.0326263588622964,0.8847247490527455,0.8567714173280424
CAT,2017-10-04,0.926509186351706,TRENDING_BULL,9.630000114440918,0.04365079365079365,126.73999786376952,131.2899932861328,0.03590023275252065,2.099449503176337,4.226279200291814,2.013041606334287
NVDA,2017-10-05,0.910761154855643,TRENDING_BULL,9.1899995803833,0.0,4.51924991607666,4.945000171661377,0.09420816805686362,0.07144096228254401,0.41813587979326916,5.85288700535095
INTU,2017-10-12,0.9238845144356956,TRENDING_BULL,9.90999984741211,0.10714285714285714,145.86000061035156,151.3300018310547,0.03750172218438153,2.4864246596896797,5.0898681869409454,2.0470631060971662
FDX,2017-11-07,0.9634464751958224,CHOPPY,9.890000343322754,0.10714285714285714,221.16000366210935,217.32000732421875,-0.01736297827050765,3.762429237777333,-0.7437578825940023,-0.19768023146486594
INTC,2017-11-21,0.9686684073107048,CHOPPY,9.729999542236328,0.07142857142857142,44.939998626708984,43.45000076293945,-0.03315527168004824,0.7521618814119121,-0.15838617606028893,-0.21057458503876336
PH,2017-11-01,0.9476439790575916,TRENDING_BULL,10.199999809265137,0.21031746031746032,181.9900054931641,179.72999572753906,-0.012418318025216604,3.193104613461915,-0.6183221436230171,-0.19364293328073637
OXY,2017-12-07,0.9399477806788512,CHOPPY,10.15999984741211,0.23015873015873015,69.41000366210938,72.58000183105469,0.04567062385383219,1.2130570166676207,2.992632843681014,2.4670174629565658
NVDA,2017-12-21,0.9738903394255874,TRENDING_BULL,9.619999885559082,0.07539682539682539,4.897250175476074,5.550000190734863,0.13328908915610657,0.08103876293561295,0.6466985806875618,7.980114173279987
GS,2018-01-03,0.9190600522193212,TRENDING_BULL,9.149999618530272,0.003968253968253968,253.2899932861328,250.97000122070312,-0.009159430403588324,3.9866173633505864,-0.7613724071687948,-0.19098206268004936
MCD,2018-01-10,0.9477806788511748,TRENDING_BULL,9.81999969482422,0.15079365079365079,173.50999450683594,175.66000366210938,0.012391269801975191,2.9309028002752378,1.6418316726926312,0.5601795025541102
FTNT,2018-01-10,0.9321148825065274,TRENDING_BULL,9.81999969482422,0.15079365079365079,8.819999694824219,9.08199977874756,0.029705225962432785,0.14898601015729146,0.23827418045255094,1.599305734820295
ROST,2018-01-10,0.9660574412532638,TRENDING_BULL,9.81999969482422,0.15079365079365079,80.68000030517578,84.38999938964844,0.04598412333216925,1.362833532977436,3.511083255122255,2.5763111709259556
EBAY,2018-01-10,0.9033942558746736,TRENDING_BULL,9.81999969482422,0.15079365079365079,37.70000076293945,40.02000045776367,0.06153845219825214,0.6368223232358212,2.235138354748054,3.5098304082540173
LLY,2019-03-13,0.9845758354755784,CHOPPY,13.40999984741211,0.2896825396825397,124.30999755859376,128.77000427246094,0.03587810153213896,2.8674792002146976,4.017815407878391,1.4011663650699067
AVGO,2019-04-02,0.9487179487179488,TRENDING_BULL,13.359999656677246,0.29365079365079366,30.30500030517578,31.850000381469727,0.050981688194541123,0.696443974353154,1.446190663224507,2.076535538365029
VST,2019-04-02,0.953846153846154,TRENDING_BULL,13.359999656677246,0.29365079365079366,26.31999969482422,25.979999542236328,-0.012917939077892583,0.6048640490957703,-0.11737439626647655,-0.19405087216200587
MSFT,2019-04-05,0.9256410256410256,TRENDING_BULL,12.81999969482422,0.20238095238095238,119.88999938964844,123.76000213623048,0.03227961269733887,2.643847605852247,3.4545294302248526,1.3066295585941239
MCD,2019-04-18,0.9666666666666668,TRENDING_BULL,12.09000015258789,0.06746031746031746,194.91000366210935,197.52000427246097,0.013390798631743115,4.053459904748069,1.910495530029202,0.47132463991843615
MDB,2019-07-16,0.9185750636132316,TRENDING_BULL,12.859999656677246,0.1865079365079365,151.7899932861328,142.02999877929688,-0.0642993276140265,3.357759173381186,-0.7924432536067432,-0.2360036002250784
NVDA,2019-07-16,0.9949109414758268,TRENDING_BULL,12.859999656677246,0.1865079365079365,4.177000045776367,4.386250019073486,0.05009575556713369,0.0923997683726135,0.1960737288190953,2.1220153716014063
BX,2019-07-16,0.989821882951654,TRENDING_BULL,12.859999656677246,0.1865079365079365,45.83000183105469,49.06999969482422,0.07069600118527791,1.013809314651041,3.112480547163685,3.0700847804254185
AJG,2019-07-23,0.989821882951654,TRENDING_BULL,12.609999656677246,0.14682539682539683,91.9499969482422,88.55999755859375,-0.03686785755476045,1.9944917278962877,-0.4260351980106696,-0.21360589871186628
QCOM,2019-09-19,0.9341772151898734,TRENDING_BULL,14.050000190734863,0.25396825396825395,78.2300033569336,75.7300033569336,-0.03195704835385799,1.890667350496891,-0.3962767673573806,-0.20959623978974098
SHOP,2019-09-12,0.9873417721518988,TRENDING_BULL,14.220000267028809,0.27380952380952384,35.66299819946289,31.31399917602539,-0.12194709483239687,0.8723342046574759,-0.2469340902595546,-0.28307280505699517
PEP,2019-09-12,0.9164556962025316,TRENDING_BULL,14.220000267028809,0.27380952380952384,137.2899932861328,135.72000122070312,-0.011435589935222664,3.3581797141916288,-0.64759318666502,-0.1928405391552747
HALO,2019-09-17,0.9924050632911392,TRENDING_BULL,14.4399995803833,0.29365079365079366,16.510000228881836,15.460000038146973,-0.06359783017434738,0.4100904968917141,-0.09654794604358624,-0.2354308299640508
INTU,2019-09-17,0.9645569620253164,TRENDING_BULL,14.4399995803833,0.29365079365079366,268.5400085449219,264.29998779296875,-0.01578915847559395,6.670242520460013,-1.310003700456158,-0.1963952129833225
NEE,2019-10-29,0.9343434343434344,TRENDING_BULL,13.199999809265137,0.12301587301587301,58.150001525878906,55.80500030517578,-0.04032676112071145,1.3203500946249334,-0.28576347878259445,-0.21643008164722413
NVDA,2019-10-29,0.9166666666666666,TRENDING_BULL,13.199999809265137,0.12301587301587301,5.072999954223633,5.240250110626221,0.03296868872694159,0.11518720195751905,0.1492136147527867,1.295400983937578
VST,2019-10-29,0.9570707070707072,TRENDING_BULL,13.199999809265137,0.12301587301587301,27.030000686645508,26.299999237060547,-0.027007082169466123,0.6137414106247521,-0.12615737588722448,-0.20555460932447725
SO,2019-10-29,0.9217171717171716,TRENDING_BULL,13.199999809265137,0.12301587301587301,60.91999816894531,60.689998626708984,-0.003775435803502258,1.383245455481559,-0.25809430502346076,-0.18658604949734578
NRG,2019-11-27,0.9345088161209067,CHOPPY,11.75,0.003968253968253968,39.06999969482422,39.33000183105469,0.006654777022302163,0.7896719650503534,0.11938539440820573,0.1511835289740761
FTNT,2019-11-06,0.9697732997481108,TRENDING_BULL,12.619999885559082,0.05555555555555555,18.621999740600582,20.489999771118164,0.10031146260005996,0.4042510091677774,1.8269283491795678,4.51929199370615
LLY,2019-11-06,0.9042821158690176,TRENDING_BULL,12.619999885559082,0.05555555555555555,113.81999969482422,114.61000061035156,0.0069407917558030685,2.4708329062958554,0.3505971673180426,0.1418943249560488
BX,2019-12-16,0.9899244332493704,CHOPPY,12.140000343322754,0.031746031746031744,54.529998779296875,55.939998626708984,0.02585732402303733,1.1387270375170455,1.2250808223120566,1.0758336124022334
AXON,2019-12-19,0.9899244332493704,CHOPPY,12.5,0.07936507936507936,70.31999969482422,68.75,-0.022326503151844805,1.512008799674748,-0.30502196921465163,-0.20173293255982747
INTU,2019-12-20,0.9396984924623116,TRENDING_BULL,12.510000228881836,0.08333333333333333,267.1000061035156,266.4700012207031,-0.0023586853927975546,5.7477339991227785,-1.065798163472346,-0.18542927763097744
SCHW,2019-12-20,0.942211055276382,TRENDING_BULL,12.510000228881836,0.08333333333333333,48.119998931884766,47.619998931884766,-0.010390690172453334,1.0354958726259103,-0.19880214173135569,-0.19198738207156157
SHOP,2019-12-20,0.9974874371859296,TRENDING_BULL,12.510000228881836,0.08333333333333333,39.00699996948242,41.45000076293945,0.06262980478807242,0.8393929419884965,2.331893373556288,2.77807121898369
INTU,2020-01-16,0.942211055276382,TRENDING_BULL,12.31999969482422,0.05555555555555555,276.8699951171875,280.3800048828125,0.01267746533581351,5.8674856433432065,2.494041061024925,0.4250612975686562
ADBE,2020-01-22,0.9271356783919598,TRENDING_BULL,12.90999984741211,0.2222222222222222,350.05999755859375,365.5499877929687,0.04424952963036628,7.773814407942171,14.344333435865096,1.8452117175848846
NVDA,2020-01-22,0.9974874371859296,TRENDING_BULL,12.90999984741211,0.2222222222222222,6.252749919891357,6.269000053405762,0.002598877889344189,0.1388553898060707,-0.008935657618211579,-0.0643522561903529
EOG,2020-11-16,0.9754299754299754,TRENDING_BULL,22.450000762939453,0.29365079365079366,45.349998474121094,46.529998779296875,0.02601985324981095,1.7512940912566783,0.8958383068804663,0.5115293378496117
NVDA,2020-12-08,0.968058968058968,TRENDING_BULL,20.68000030517578,0.20238095238095238,13.350000381469728,13.278249740600586,-0.005374579686809209,0.47489463628689466,-0.08922878190806055,-0.18789174501047726
MS,2020-12-10,0.9606879606879608,TRENDING_BULL,22.520000457763672,0.27380952380952384,64.44000244140625,68.08999633789062,0.056641740505879515,2.4962575345216544,3.3073684919188198,1.3249307998794262
LOW,2020-12-10,0.9705159705159704,TRENDING_BULL,22.520000457763672,0.27380952380952384,160.22000122070312,162.77000427246094,0.015915634953997924,6.20655447044581,1.4917336429634398,0.2403481110279034
GS,2020-12-24,0.9166666666666666,TRENDING_BULL,21.530000686645508,0.19444444444444445,256.1600036621094,293.8299865722656,0.14705645835266792,9.486823265366743,37.068211666624,3.907336589893879
BKNG,2020-12-29,0.928921568627451,TRENDING_BULL,23.079999923706055,0.2857142857142857,2185.39990234375,2182.419921875,-0.0013635858890421362,86.76252207283441,-16.017817648319763,-0.18461678228847828
CRWD,2021-01-20,0.9264705882352942,TRENDING_BULL,21.579999923706055,0.14285714285714285,226.3300018310547,218.1199951171875,-0.0362744958575823,8.401542163674682,-1.7905486037985137,-0.21312142091486694
FTNT,2021-01-20,0.9411764705882352,TRENDING_BULL,21.579999923706055,0.14285714285714285,30.058000564575195,30.18400001525879,0.004191877314424239,1.115775889435732,-0.07493032569877256,-0.06715535476991367
LOW,2021-02-03,0.9117647058823528,TRENDING_BULL,22.90999984741211,0.21428571428571427,169.8800048828125,177.16000366210938,0.04285377072080261,6.694725839575667,6.285741869067093,0.9389095266469498
AAPL,2021-02-04,0.9509803921568628,TRENDING_BULL,21.770000457763672,0.11507936507936507,137.38999938964844,129.8699951171875,-0.05473472818886647,5.144924491334513,-1.1740416067846575,-0.2281941374964921
MSFT,2021-02-17,0.909313725490196,TRENDING_BULL,21.5,0.07539682539682539,244.1999969482422,227.55999755859375,-0.06814086649302972,9.03128525162324,-2.1597433937099666,-0.23914020358528534
INTU,2021-02-03,0.9068627450980392,TRENDING_BULL,22.90999984741211,0.21428571428571427,380.1499938964844,415.3900146484375,0.09270030597856344,14.981162667195182,33.624842636102784,2.2444748370386747
PLD,2021-02-18,0.9681372549019608,TRENDING_BULL,22.489999771118164,0.16666666666666666,105.77999877929688,95.63999938964844,-0.09585932602253938,4.092215106087164,-1.071228278133011,-0.2617722310197136
MS,2021-02-03,0.9583333333333334,TRENDING_BULL,22.90999984741211,0.21428571428571427,70.5999984741211,74.83000183105469,0.05991506300788562,2.7822440574142044,3.8555606745656235,1.385773711796136
EBAY,2021-02-17,0.9387254901960784,TRENDING_BULL,21.5,0.07539682539682539,63.04999923706055,54.599998474121094,-0.13402063227897035,2.331787614007258,-0.6830524277611854,-0.2929308071018252
EL,2021-03-10,0.928921568627451,CHOPPY,22.559999465942383,0.1865079365079365,285.25,284.9800109863281,-0.0009464996097173532,11.069555540280552,-2.03985599337304,-0.1842762327674577
VRT,2021-02-17,0.9926470588235294,TRENDING_BULL,21.5,0.07539682539682539,21.149999618530273,20.899999618530273,-0.011820331182463286,0.7821936200398654,-0.1510843576479849,-0.19315467906818864
PM,2021-03-12,0.9779411764705882,CHOPPY,20.690000534057617,0.011904761904761904,87.72000122070312,90.58000183105467,0.03260374567432802,3.1219401743987403,2.3702226055256563,0.759214614348637
KO,2021-03-15,0.9950980392156864,CHOPPY,20.030000686645508,0.003968253968253968,51.029998779296875,53.849998474121094,0.055261606158773936,1.7582149464584076,2.57669350341447,1.465516778028041
SFM,2021-03-18,1.0,CHOPPY,21.579999923706055,0.10317460317460317,24.049999237060547,26.420000076293945,0.09854473656619817,0.8927543012054353,2.2780096696357175,2.551664737498157
PCG,2021-03-23,0.9509803921568628,CHOPPY,20.299999237060547,0.01984126984126984,10.920000076293944,11.34000015258789,0.03846154517944726,0.38131519212292786,0.36200215037230465,0.9493515019868469
PINS,2021-03-24,0.9975490196078431,CHOPPY,21.200000762939453,0.05952380952380952,69.5999984741211,85.9800033569336,0.23534490290115406,2.5381106543291714,16.401971950027146,6.462276150982955
HALO,2021-03-26,0.9926470588235294,CHOPPY,18.86000061035156,0.0,41.40999984741211,42.95000076293945,0.037189107008016205,1.3434217550282623,1.3342711345423819,0.9931885720536899
ADBE,2021-04-06,0.9411764705882352,CHOPPY,18.1200008392334,0.007936507936507936,491.3399963378906,514.2100219726562,0.046546232354831726,15.314604204070633,20.641772477476486,1.3478489030744842
SHOP,2021-04-08,0.909313725490196,TRENDING_BULL,16.950000762939453,0.0,122.2689971923828,109.66400146484376,-0.10309232934744564,3.564934197110293,-0.9542542902601152,-0.2676779535043385
EW,2021-04-08,0.9779411764705882,TRENDING_BULL,16.950000762939453,0.0,84.16000366210938,96.1500015258789,0.14246669845580917,2.4538098943586686,11.825151290776601,4.819098381648363
BA,2021-04-20,0.9485294117647058,TRENDING_BULL,18.68000030517578,0.047619047619047616,234.05999755859375,233.6300048828125,-0.0018371045042568932,7.52089491653353,-1.3913911954225586,-0.18500340861880668
MPWR,2021-04-08,0.9705882352941176,TRENDING_BULL,16.950000762939453,0.0,378.3699951171875,372.1799926757813,-0.01635965462718323,11.031939131972768,-2.1717588026803067,-0.19686102114052778
RH,2021-05-24,0.9411764705882352,CHOPPY,18.399999618530273,0.08333333333333333,615.1099853515625,628.8300170898438,0.022305005714449013,19.46865892477456,10.50202871601321,0.5394325698853868
NVR,2021-05-25,0.9387254901960784,CHOPPY,18.84000015258789,0.10317460317460317,4836.35986328125,4792.9501953125,-0.00897569022899353,156.734627403947,-29.90998860082658,-0.19083203945571356
ENPH,2021-05-26,0.9019607843137256,CHOPPY,17.360000610351562,0.051587301587301584,143.0399932861328,143.5,0.00321593075684088,4.271423795219499,-0.31259826734974316,-0.07318362268328363
GE,2021-05-05,0.928921568627451,TRENDING_BULL,19.149999618530273,0.09523809523809523,65.84042358398438,65.24232482910156,-0.009084066023966157,2.168836589425812,-0.41407542662921437,-0.19092052792176412
AVAV,2021-05-05,0.9926470588235294,TRENDING_BULL,19.149999618530273,0.09523809523809523,106.6500015258789,105.91999816894533,-0.006844850881286132,3.5131369602535476,-0.6643068543795985,-0.1890922164138043
NXPI,2021-05-11,0.9534313725490196,TRENDING_BULL,21.84000015258789,0.2698412698412698,192.5399932861328,204.7599945068359,0.06346734001669466,7.233342590201992,11.267496202077325,1.5577163754610273
AAPL,2021-05-27,0.9068627450980392,CHOPPY,16.739999771118164,0.01984126984126984,125.27999877929688,127.3499984741211,0.016522986230794057,3.607469215555836,1.4566849888241937,0.40379692847905535
SNPS,2021-05-17,0.9779411764705882,TRENDING_BULL,19.719999313354492,0.13095238095238096,236.0,253.82000732421875,0.0755085056110964,8.005424093858995,16.844538533774536,2.1041406846510573
NVDA,2021-06-04,0.9142156862745098,CHOPPY,16.420000076293945,0.003968253968253968,17.578250885009766,18.638750076293945,0.06033018860759027,0.4964942908611893,0.9938477986204508,2.0017305675289476
OXY,2021-06-07,0.9558823529411764,TRENDING_BULL,16.420000076293945,0.003968253968253968,29.15999984741211,29.5,0.011659813249898386,0.8236185466040592,0.19670434462888953,0.23882942587917685
ADBE,2021-06-07,0.928921568627451,TRENDING_BULL,16.420000076293945,0.003968253968253968,509.4700012207031,567.3499755859375,0.11360820897511625,14.389881486264935,56.57419759628578,3.9315263055005385
NRG,2021-06-18,0.982843137254902,TRENDING_BULL,20.700000762939453,0.24603174603174602,36.790000915527344,41.40999984741211,0.12557757045161907,1.309982836758229,4.513929933162285,3.4457931863693405
AMZN,2021-07-15,0.9902200488997556,TRENDING_BULL,17.010000228881836,0.11507936507936507,181.55999755859375,179.99600219726562,-0.008614206776596736,5.312389788231489,-1.012206225810286,-0.1905368894527697
NVDA,2021-07-14,0.9633251833740832,TRENDING_BULL,16.329999923706055,0.05555555555555555,19.84149932861328,19.503000259399418,-0.017060155767851505,0.5573475737172987,-0.11003879121929372,-0.1974329779268193
KMI,2021-08-06,0.9559902200488998,CHOPPY,16.149999618530273,0.03571428571428571,17.1200008392334,15.9399995803833,-0.06892530379706079,0.47559988786958285,-0.11403967116160796,-0.23978069396197896
HOLX,2021-08-09,0.9779951100244498,CHOPPY,16.719999313354492,0.0992063492063492,75.83999633789062,77.47000122070312,0.0214926814546552,2.181222676886635,1.2680206882483076,0.5813348181663942
NRG,2021-08-11,0.9853300733496332,CHOPPY,16.170000076293945,0.03968253968253968,43.18000030517578,45.599998474121094,0.05604442222885392,1.2010417614769187,2.254562665309244,1.8771725826892254
PHM,2021-08-16,0.9902200488997556,CHOPPY,16.1200008392334,0.04365079365079365,54.619998931884766,54.15999984741211,-0.008421806910804037,1.5145450395232558,-0.28833877508199324,-0.19037979562017893
TJX,2021-08-03,0.9070904645476772,TRENDING_BULL,18.040000915527344,0.21428571428571427,68.9800033569336,69.1500015258789,0.0024644557940315752,2.14054918763099,-0.21849267036966324,-0.10207318366342968
ADBE,2021-07-28,0.9119804400977995,TRENDING_BULL,18.309999465942383,0.2222222222222222,620.9199829101562,626.030029296875,0.008229798568840948,19.556422623866577,1.6527873546822853,0.0845137879493988
ANET,2021-08-13,0.960880195599022,CHOPPY,15.449999809265137,0.003968253968253968,22.754375457763672,23.303749084472656,0.0241436477889153,0.604726281864318,0.4503253800738767,0.7446763826529303
ROST,2021-08-03,0.9462102689486552,TRENDING_BULL,18.040000915527344,0.21428571428571427,122.0,120.76000213623048,-0.010163916916143583,3.7858363030179722,-0.726131816876197,-0.19180222248313886
EBAY,2021-08-25,0.9657701711491442,CHOPPY,16.790000915527344,0.12698412698412698,74.16000366210938,73.0,-0.015641904056459162,2.1418344908771347,-0.4203885224033299,-0.1962749802535724
SHW,2021-08-25,0.9682151589242054,CHOPPY,16.790000915527344,0.12698412698412698,302.7300109863281,297.29998779296875,-0.017936851307433162,8.74322474292727,-1.732459463290044,-0.19814879683740225
GS,2021-08-24,0.9095354523227384,CHOPPY,17.219999313354492,0.17063492063492064,408.55999755859375,405.0,-0.008713524524836017,12.101923897708692,-2.3068443123599636,-0.19061798205463248
FTNT,2021-08-24,0.9168704156479216,CHOPPY,17.219999313354492,0.17063492063492064,59.96799850463867,61.84000015258789,0.0312166771382976,1.7763074176075335,1.5913182378789097,0.8958574524347923
ORCL,2021-08-25,0.938875305623472,CHOPPY,16.790000915527344,0.12698412698412698,88.62000274658203,89.54000091552734,0.010381382762717143,2.5594575120178327,0.47202385683399095,0.18442340012194827
SCHW,2021-08-31,0.9242053789731052,TRENDING_BULL,16.479999542236328,0.10317460317460317,72.8499984741211,71.1500015258789,-0.023335579737123628,2.0651527873055118,-0.4183108230062256,-0.20255684014160164
NVDA,2021-08-30,0.9437652811735942,TRENDING_BULL,16.190000534057617,0.06349206349206349,22.687999725341797,22.242000579833984,-0.019657931545619917,0.631842037466021,-0.1260866394115142,-0.19955405296738407
MSFT,2021-08-30,0.9535452322738386,TRENDING_BULL,16.190000534057617,0.06349206349206349,303.5899963378906,299.7900085449219,-0.012516841262251036,8.454730437349951,-1.6378789333593593,-0.19372337716691718
PANW,2021-08-31,0.9706601466992664,TRENDING_BULL,16.479999542236328,0.10317460317460317,76.83999633789062,79.98999786376953,0.04099429562733603,2.1782613031915328,2.823193242802241,1.2960764802027058
RTX,2021-10-15,0.9176755447941888,CHOPPY,16.299999237060547,0.07936507936507936,90.91999816894533,88.86000061035156,-0.022657254730317163,2.5492501169476713,-0.5149561461178154,-0.20200299009278655
MRK,2021-10-15,0.953995157384988,CHOPPY,16.299999237060547,0.07936507936507936,78.33000183105469,88.05000305175781,0.12409039950832143,2.1962469242166263,9.539504792878855,4.343548390526022
ANF,2021-10-21,0.929951690821256,CHOPPY,15.010000228881836,0.0,38.459999084472656,46.95000076293945,0.22074887884993322,0.9930140971974347,8.486761757223729,8.54646654179005
ENPH,2021-10-22,0.966183574879227,CHOPPY,15.43000030517578,0.007936507936507936,176.6999969482422,237.8999938964844,0.34634973404197916,4.689946862767611,61.66566155922072,13.148477661606352
ANET,2021-10-20,0.9491525423728814,CHOPPY,15.489999771118164,0.011904761904761904,24.669374465942383,32.11249923706055,0.3017151805528699,0.6573171963816691,7.484434523871027,11.386336102372734
CMG,2021-11-04,0.9614457831325302,CHOPPY,15.4399995803833,0.01984126984126984,36.16320037841797,35.58340072631836,-0.016032863409003787,0.960460674214608,-0.1888209952164832,-0.1965941972282069
MSFT,2021-11-03,0.9132530120481928,CHOPPY,15.100000381469728,0.007936507936507936,334.0,339.1199951171875,0.015329326698166168,8.675387265096683,3.6366160135196886,0.4191877437161487
INTU,2021-11-04,0.927710843373494,CHOPPY,15.4399995803833,0.01984126984126984,625.6799926757812,628.9400024414062,0.005210346828709116,16.617473600777068,0.2813411044223457,0.016930437874093547
SNOW,2022-01-03,0.9307875894988068,TRENDING_BULL,16.600000381469727,0.19444444444444445,332.010009765625,287.67999267578125,-0.13352012224311408,9.480357637090217,-2.7732145264243178,-0.2925221423688288
JNJ,2022-01-03,0.909307875894988,TRENDING_BULL,16.600000381469727,0.19444444444444445,171.5399932861328,167.10000610351562,-0.025883102229176277,4.898227275028892,-1.0023579644629037,-0.2046368835461991
GILD,2022-01-03,0.9618138424821002,TRENDING_BULL,16.600000381469727,0.19444444444444445,72.58000183105469,70.43000030517578,-0.029622505809292893,2.0724808120839455,-0.43043373422740716,-0.20769009378407335
ORCL,2021-12-31,0.9307875894988068,CHOPPY,17.219999313354492,0.2857142857142857,87.20999908447266,87.69000244140625,0.005503994518663585,2.583240597087998,0.017578939482628897,0.006804995052510809
AMGN,2022-01-03,0.935560859188544,TRENDING_BULL,16.600000381469727,0.19444444444444445,226.69000244140625,233.8300018310547,0.03149675465504462,6.473004526021658,6.118647136211759,0.9452561189498058
SHLS,2022-12-28,0.917995444191344,BEAR,22.13999938964844,0.24206349206349206,23.36000061035156,27.34000015258789,0.17037668828110678,0.8896432743744442,3.940507000096317,4.429311290940853
ETSY,2023-01-04,0.917995444191344,BEAR,22.010000228881836,0.2261904761904762,117.11000061035156,128.97000122070312,0.10127231277038552,4.433834474308927,11.413003933873313,2.574070818386197
PLTR,2023-02-02,0.9295454545454546,CHOPPY,18.729999542236328,0.015873015873015872,8.989999771118164,9.710000038146973,0.08008901950608792,0.28964290388352,0.685790251553296,2.367709487642365
INTU,2023-01-25,0.9020501138952164,CHOPPY,19.079999923706055,0.01984126984126984,401.8999938964844,421.739990234375,0.04936550544711062,13.190516871442759,17.951158475058755,1.360913954321434
NU,2023-02-08,0.9795454545454544,TRENDING_BULL,19.6299991607666,0.07539682539682539,5.010000228881836,4.889999866485596,-0.023952167048707437,0.16917004789173468,-0.034351717558673334,-0.20306028157335346
LLY,2023-02-16,0.9886363636363636,CHOPPY,20.170000076293945,0.13095238095238096,326.07000732421875,318.42999267578125,-0.023430596119933415,11.313114915722965,-2.2924264871842315,-0.20263442069329798
STLD,2023-02-24,0.9818181818181818,CHOPPY,21.670000076293945,0.26587301587301587,118.5,120.36000061035156,0.015696207682291668,4.417155707805139,1.1060472608156973,0.250398069251058
VRT,2023-02-07,0.9363636363636364,TRENDING_BULL,18.65999984741211,0.01984126984126984,15.25,15.520000457763672,0.017704948050076844,0.48949349536782943,0.18725286018281923,0.38254412357841083
SMCI,2023-02-08,0.9613636363636364,TRENDING_BULL,19.6299991607666,0.07539682539682539,8.522000312805176,9.427000045776367,0.10619569347015123,0.28775791121518374,0.8771462064026829,3.048208831856435
ARRY,2023-03-01,0.9477272727272728,CHOPPY,20.579999923706055,0.1746031746031746,18.299999237060547,18.399999618530273,0.005464501947475994,0.6478312385670715,-0.0159884066025322,-0.024679894470505507
FSLR,2023-02-08,0.9954545454545456,TRENDING_BULL,19.6299991607666,0.07539682539682539,165.5800018310547,165.5800018310547,0.0,5.591053005984543,-1.025977342812479,-0.18350341907227402
HALO,2023-03-01,0.9954545454545456,CHOPPY,20.579999923706055,0.1746031746031746,47.619998931884766,40.04999923706055,-0.15896681782064465,1.6857772773088262,-0.5281528111048943,-0.3132992823037911
NVDA,2023-03-07,0.9704545454545456,CHOPPY,19.59000015258789,0.09126984126984126,23.288000106811523,26.198999404907227,0.1249999692865109,0.7847513641487581,2.8470880706864334,3.628012897785466
CAT,2023-04-05,0.9545454545454546,TRENDING_BULL,19.079999923706055,0.06746031746031746,213.52999877929688,222.27000427246097,0.040931042678446786,7.008139074973261,7.688200414722459,1.0970387905368149
SOFI,2023-04-03,0.9704545454545456,CHOPPY,18.549999237060547,0.023809523809523808,6.03000020980835,5.980000019073486,-0.008291905305995408,0.19240956992425856,-0.03661048682732673,-0.19027373140399587
ETN,2023-04-05,0.9318181818181818,TRENDING_BULL,19.079999923706055,0.06746031746031746,158.47000122070312,162.9600067138672,0.028333472951204034,5.201048162388449,3.6559173766979756,0.7029193467455008
STRL,2023-04-05,0.968181818181818,TRENDING_BULL,19.079999923706055,0.06746031746031746,34.970001220703125,37.790000915527344,0.08064053750031634,1.1477292811675592,2.684957068875325,2.3393644415379717
KKR,2023-04-05,0.9522727272727272,TRENDING_BULL,19.079999923706055,0.06746031746031746,49.810001373291016,52.959999084472656,0.06324026549557021,1.6347839598380483,2.934422087779532,1.7949907509920968
APP,2023-05-04,0.9795454545454544,TRENDING_BULL,20.09000015258789,0.23809523809523808,16.6200008392334,25.079999923706055,0.5090251899688156,0.5743497375343004,8.59331364669285,14.961813482468344
ANET,2023-05-18,0.9840909090909092,CHOPPY,16.049999237060547,0.003968253968253968,35.3650016784668,40.625,0.14873457010850177,0.9763693656758697,5.199402738418594,5.325241574759389
NVDA,2023-05-04,0.9545454545454546,TRENDING_BULL,20.09000015258789,0.23809523809523808,27.562000274658203,31.67799949645996,0.14933601265457502,0.9524805550130422,4.057353969798276,4.259776169123704
VRT,2023-05-04,0.95,TRENDING_BULL,20.09000015258789,0.23809523809523808,14.3100004196167,15.960000038146973,0.1153039531898539,0.49452133394126113,1.6058101141517942,3.2472008868732267
META,2023-05-04,0.9431818181818182,TRENDING_BULL,20.09000015258789,0.23809523809523808,233.52000427246097,246.8500061035156,0.05708291190120811,8.06992457222301,12.22526614419999,1.5149170273883135
APP,2023-05-30,0.9863636363636364,CHOPPY,17.459999084472656,0.07936507936507936,24.229999542236328,22.520000457763672,-0.07057363255380526,0.727717917523797,-0.17547210992049345,-0.24112654875610556
WELL,2023-05-30,0.9272727272727272,CHOPPY,17.459999084472656,0.07936507936507936,73.12999725341797,81.94999694824219,0.12060713833011921,2.1963685643910877,8.633246642326617,3.930691224730792
APP,2023-06-01,0.9454545454545454,CHOPPY,15.649999618530272,0.0,24.829999923706055,23.209999084472656,-0.06524369086633496,0.668430864487084,-0.15826749708385168,-0.23677466959174184
NVDA,2023-06-09,0.9727272727272728,TRENDING_BULL,13.829999923706056,0.003968253968253968,38.77000045776367,40.63199996948242,0.048026811703219506,0.9223238294744116,1.7289176908788966,1.874523497743872
INTU,2023-06-09,0.9272727272727272,TRENDING_BULL,13.829999923706056,0.003968253968253968,431.5499877929687,453.2999877929687,0.05039972335819951,10.266413016539992,20.288553343679773,1.9762066177342885
SCHW,2023-06-12,0.9340909090909092,TRENDING_BULL,15.010000228881836,0.023809523809523808,53.970001220703125,55.220001220703125,0.02316101485505423,1.3934730450775779,1.0206447465362491,0.7324467094226623
VRT,2023-06-09,0.9613636363636364,TRENDING_BULL,13.829999923706056,0.003968253968253968,21.190000534057617,23.450000762939453,0.10665409022757937,0.5041021977915185,2.211394332491304,4.386797641786656
NVDA,2023-07-07,0.9954545454545456,TRENDING_BULL,14.829999923706056,0.08333333333333333,42.50299835205078,44.30899810791016,0.0424911141774129,1.0842418404634993,1.644654194208849,1.5168702524021587
INTU,2023-07-07,0.9363636363636364,TRENDING_BULL,14.829999923706056,0.08333333333333333,448.19000244140625,492.5199890136719,0.09890891436843478,11.433225230355156,43.15528409150462,3.774550332213132
SNOW,2023-08-02,0.9113636363636364,TRENDING_BULL,16.09000015258789,0.17857142857142858,164.60000610351562,149.69000244140625,-0.09058325096739421,4.55566038341696,-1.1729200655283032,-0.2574643337764695
AMZN,2023-07-25,0.9159090909090908,TRENDING_BULL,13.859999656677246,0.07142857142857142,129.1300048828125,139.94000244140625,0.08371406450734663,3.0786181999815736,10.455491065875322,3.396163598960696
AXON,2023-08-16,0.9590909090909092,CHOPPY,16.780000686645508,0.2222222222222222,200.77999877929688,211.1000061035156,0.05139957857835615,5.795325946838529,9.499761004622867,1.639210821231752
WELL,2023-08-23,0.9545454545454546,CHOPPY,15.979999542236328,0.19444444444444445,81.0,82.55000305175781,0.01913584014515818,2.22652321109551,1.1762164034733558,0.5282749344861423
DASH,2023-08-25,0.9704545454545456,CHOPPY,15.68000030517578,0.1746031746031746,78.0199966430664,83.29000091552734,0.06754684054359389,2.104347409277241,4.999907800382961,2.3759897145976616
NVDA,2023-08-03,1.0,TRENDING_BULL,15.920000076293944,0.17063492063492064,44.51499938964844,43.34400177001953,-0.026305686525544717,1.2190313729652058,-0.24987939402732529,-0.20498192217933792
GE,2023-08-03,0.9477272727272728,TRENDING_BULL,15.920000076293944,0.17063492063492064,89.67278289794922,88.55546569824219,-0.012459936712107815,2.4556652173990106,-0.4756056630783909,-0.19367691479628585
UPST,2023-08-24,0.9795454545454544,CHOPPY,17.200000762939453,0.2976190476190476,30.3700008392334,30.56999969482422,0.0065854082997736495,0.8985426904669991,0.039944630832462136,0.044454905989721794
ADBE,2023-08-10,0.9522727272727272,TRENDING_BULL,15.850000381469728,0.1746031746031746,515.8300170898438,512.4299926757812,-0.006591365956646736,14.063756339073228,-2.6564360875967026,-0.1888852468395194
NVDA,2023-08-31,0.9931818181818182,CHOPPY,13.56999969482422,0.047619047619047616,49.35499954223633,43.900001525878906,-0.11052574342927955,1.152063548336108,-0.315374298097274,-0.27374731068677594
EOG,2023-09-20,0.9,TRENDING_BULL,15.140000343322754,0.23015873015873015,125.5,119.36000061035156,-0.048924297925485555,3.268398905135247,-0.7303235426892534,-0.2234499410527224
VST,2023-09-20,0.9772727272727272,TRENDING_BULL,15.140000343322754,0.23015873015873015,32.34000015258789,31.38999938964844,-0.029375409970844705,0.8422312437513306,-0.17475316340058333,-0.20748834087681903
ANF,2023-09-20,0.9863636363636364,TRENDING_BULL,15.140000343322754,0.23015873015873015,50.25,55.130001068115234,0.09711444911672108,1.3086617130123201,4.743625688272299,3.624791373588265
OXY,2023-10-12,0.968181818181818,CHOPPY,16.690000534057617,0.2976190476190476,63.220001220703125,63.27000045776367,0.0007908768759114363,1.8149986066933186,-0.2818871806776295,-0.15530986064567276
MDB,2023-11-03,0.9568181818181818,BEAR,14.90999984741211,0.21825396825396826,343.1099853515625,392.5700073242187,0.14415209141167293,8.79987375709481,48.880957462060806,5.5547339440694845
DASH,2023-11-08,0.9477272727272728,BEAR,14.449999809265137,0.17857142857142858,87.30999755859375,95.3499984741211,0.09208568480524465,2.1701875263790176,7.804935377622982,3.5964336181793493
SOFI,2023-11-07,0.925,BEAR,14.8100004196167,0.20238095238095238,7.420000076293945,6.71999979019165,-0.09433966022975068,0.1890272543063283,-0.049247540702473225,-0.26053142909574867
COIN,2023-11-15,0.925,BEAR,14.18000030517578,0.16666666666666666,98.1500015258789,124.72000122070312,0.2707080925293576,2.3940432744413633,26.65984529696298,11.135907851617223
LPLA,2023-11-16,0.9113636363636364,BEAR,14.31999969482422,0.18253968253968253,221.02000427246097,221.9900054931641,0.004388748538378283,5.444274788529481,-0.00953281301340958,-0.0017509794019754886
SCHW,2023-11-28,0.9136363636363636,TRENDING_BULL,12.6899995803833,0.003968253968253968,55.810001373291016,64.56999969482422,0.15696108414226764,1.2182574796037298,8.692573580477928,7.135251558894936
BE,2023-11-28,0.9818181818181818,TRENDING_BULL,12.6899995803833,0.003968253968253968,13.550000190734863,12.869999885559082,-0.05018452366080022,0.2957783313887294,-0.06639599774434046,-0.22447891105680393
VRT,2023-11-28,0.9159090909090908,TRENDING_BULL,12.6899995803833,0.003968253968253968,42.25,49.43000030517578,0.16994083562546228,0.9222608358130275,7.138731615661559,7.740469223512396
PTON,2023-11-28,0.9704545454545456,TRENDING_BULL,12.6899995803833,0.003968253968253968,5.590000152587891,5.460000038146973,-0.02325583379111974,0.12202220622297419,-0.024708487374079366,-0.20249172784934685
AVGO,2023-11-28,0.9113636363636364,TRENDING_BULL,12.6899995803833,0.003968253968253968,94.63500213623048,107.22799682617188,0.1330691013438487,2.0657551755580488,12.438366815293335,6.021220211602859
EBAY,2023-12-27,0.9136363636363636,TRENDING_BULL,12.43000030517578,0.015873015873015872,43.380001068115234,41.869998931884766,-0.0348087159762736,0.927526108455044,-0.19656561497034186,-0.21192461665338572
AMZN,2023-12-27,0.9409090909090908,TRENDING_BULL,12.43000030517578,0.015873015873015872,153.33999633789062,155.17999267578125,0.011999454687843619,3.278627168553314,1.27047943728294,0.3875034799530243
NVDA,2023-12-27,0.9772727272727272,TRENDING_BULL,12.43000030517578,0.015873015873015872,49.41699981689453,54.821998596191406,0.10937529188991822,1.056605726212797,5.3054677168040625,5.021236952614771
PLTR,2024-01-30,0.9590909090909092,TRENDING_BULL,13.3100004196167,0.1626984126984127,16.739999771118164,24.010000228881836,0.4342891611209422,0.3832648247178726,7.335574078319029,19.13970081579718
SMCI,2024-02-06,0.9954545454545456,TRENDING_BULL,13.0600004196167,0.11507936507936507,68.15899658203125,73.41699981689453,0.0771432019034366,1.5311996622974569,5.073468780583016,3.313394657474411
LLY,2024-01-09,0.9772727272727272,TRENDING_BULL,12.760000228881836,0.05952380952380952,625.47998046875,633.7000122070312,0.01314195816806312,13.728704005589272,5.848081603829655,0.4259747752918824
FTNT,2024-01-23,0.9136363636363636,TRENDING_BULL,12.550000190734863,0.04365079365079365,64.41000366210938,67.4800033569336,0.04766339885538952,1.3904728129103807,2.8689562130483353,2.0632954390840337
VRT,2024-02-01,0.9818181818181818,TRENDING_BULL,13.880000114440918,0.29365079365079366,59.459999084472656,62.84000015258789,0.056844956612148445,1.419645183736228,3.1853823267478782,2.2437876472518123
NVDA,2024-02-09,0.9840909090909092,TRENDING_BULL,12.93000030517578,0.10714285714285714,72.13300323486328,79.09200286865234,0.09647455840887051,1.6043458489245657,6.790972847981618,4.232860921187151
ANF,2024-02-06,0.9818181818181818,TRENDING_BULL,13.0600004196167,0.11507936507936507,104.08000183105467,117.25,0.1265372591972395,2.3381691581070543,12.982509316950168,5.552425183582786
AFRM,2024-03-20,0.9931818181818182,TRENDING_BULL,13.039999961853027,0.12698412698412698,37.790000915527344,32.11000061035156,-0.15030431774459033,0.8476565809132693,-0.2595748067728151,-0.3062263806094066
PINS,2024-03-20,0.9659090909090908,TRENDING_BULL,13.039999961853027,0.12698412698412698,34.290000915527344,34.66999816894531,0.011081867695311049,0.7691490931831638,0.24581526223064742,0.3195937750031377
NVR,2024-05-15,0.9545454545454546,CHOPPY,12.449999809265137,0.023809523809523808,7818.72998046875,7455.31005859375,-0.046480684559106894,167.4445456389265,-37.08138816717596,-0.22145473909396485
NFLX,2024-05-16,0.9136363636363636,CHOPPY,12.420000076293944,0.015873015873015872,61.051998138427734,64.16200256347656,0.05094025617306225,1.3043283272268724,2.924906052050777,2.2424614960785285
APP,2024-05-15,0.9863636363636364,CHOPPY,12.449999809265137,0.023809523809523808,84.05999755859375,82.5,-0.01855814422914251,1.800214118247904,-0.35762348058258553,-0.1986560803837324
VST,2024-05-20,0.9159090909090908,TRENDING_BULL,12.149999618530272,0.007936507936507936,91.51000213623048,89.55000305175781,-0.021418413711266553,1.9125388915200994,-0.3844040235813595,-0.20099148063641858
ANF,2024-05-17,0.9818181818181818,TRENDING_BULL,11.989999771118164,0.0,139.61000061035156,175.66000366210938,0.258219345993505,2.8793943578156127,36.1287020653655,12.547326824927769
WSM,2024-05-17,0.9704545454545456,TRENDING_BULL,11.989999771118164,0.0,154.75,148.83999633789062,-0.03819065371314621,3.1916501319671755,-0.6852024637962897,-0.21468595725245257
LLY,2024-05-15,0.9227272727272728,CHOPPY,12.449999809265137,0.023809523809523808,787.02001953125,815.0599975585938,0.03562803655750001,16.85468227043807,25.437391776463798,1.509218113300136
PLTR,2024-06-05,0.9840909090909092,TRENDING_BULL,12.630000114440918,0.08333333333333333,22.959999084472656,25.559999465942383,0.11324043924845144,0.49881633420265004,2.5545866521386613,5.121297112738153
NVDA,2024-06-11,0.9840909090909092,TRENDING_BULL,12.850000381469728,0.15079365079365079,120.91000366210938,126.4000015258789,0.04540565459837117,2.672580654247964,5.09865225984392,1.9077636634613098
NEE,2024-06-13,0.906818181818182,TRENDING_BULL,11.9399995803833,0.007936507936507936,73.18000030517578,70.80999755859375,-0.032385935183091394,1.5030110171759576,-0.3155517889190804,-0.2099464244194151
EBAY,2024-06-18,0.9340909090909092,TRENDING_BULL,12.300000190734863,0.04365079365079365,54.54999923706055,52.61000061035156,-0.03556367834723955,1.1541581231165328,-0.2453059687903717,-0.2125410408480084
AMD,2024-06-21,0.9045454545454544,TRENDING_BULL,13.199999809265137,0.2857142857142857,161.22999572753906,178.69000244140625,0.10829254590673484,3.660877635927392,17.111919757981553,4.674267063735573
MSFT,2024-06-26,0.9159090909090908,TRENDING_BULL,12.550000190734863,0.0873015873015873,452.1600036621094,454.7000122070313,0.0056174993903707416,9.761157528818426,0.7935739633673489,0.08129916570083362
VRT,2024-07-02,0.947845804988662,TRENDING_BULL,12.029999732971191,0.015873015873015872,88.0,81.77999877929688,-0.0706818320534446,1.8210158897659927,-0.43925615350675296,-0.24121489327761933
UPST,2024-07-10,0.979591836734694,TRENDING_BULL,12.850000381469728,0.21031746031746032,24.81999969482422,25.020000457763672,0.008058048565615407,0.5486183856895794,0.1029369762555239,0.18762946875383782
ARES,2024-07-09,0.963718820861678,TRENDING_BULL,12.510000228881836,0.1111111111111111,134.77999877929688,150.7899932861328,0.11878613037422865,2.9003353189189416,15.759072142432277,5.433534543276964
BX,2024-07-10,0.9659863945578232,TRENDING_BULL,12.850000381469728,0.21031746031746032,124.26000213623048,137.6300048828125,0.10759699434033508,2.7466286307802985,13.107285407926408,4.772136014690387
AMZN,2025-07-23,0.9729119638826184,TRENDING_BULL,15.369999885559082,0.15079365079365079,228.2899932861328,222.30999755859375,-0.026194734344066887,6.035679705967629,-1.236658443028463,-0.2048913301025148
FTNT,2025-07-29,0.9413092550790068,TRENDING_BULL,15.979999542236328,0.23809523809523808,104.7699966430664,78.47000122070312,-0.2510260214282807,2.8799114734837783,-1.1187456955216557,-0.3884653072923553
NVDA,2025-07-23,0.9503386004514672,TRENDING_BULL,15.369999885559082,0.15079365079365079,170.77999877929688,179.4199981689453,0.050591400933396875,4.515192970045927,7.997958305101193,1.7713436298648029
PLTR,2025-08-19,0.9345372460496614,TRENDING_BULL,15.56999969482422,0.20238095238095238,157.75,154.89999389648438,-0.018066599705328843,4.224967937203368,-0.8376199028325289,-0.19825473596066492
NVDA,2025-08-19,0.9932279909706546,TRENDING_BULL,15.56999969482422,0.20238095238095238,175.63999938964844,170.6199951171875,-0.0285812132196853,4.704110085018597,-0.972997574641123,-0.2068398819449134
ORCL,2025-09-17,0.9774266365688488,TRENDING_BULL,15.720000267028809,0.25793650793650796,301.4100036621094,289.010009765625,-0.04113995469899924,8.150338699137501,-1.769390048669731,-0.21709405142352847
MAR,2025-09-11,0.9300225733634312,TRENDING_BULL,14.710000038146973,0.0873015873015873,267.94000244140625,260.8999938964844,-0.02627457072768147,6.779781168866075,-1.3895603292184449,-0.20495651623676966
ROST,2025-09-11,0.9345372460496614,TRENDING_BULL,14.710000038146973,0.0873015873015873,151.10000610351562,149.4600067138672,-0.010853734767720039,3.823337189900145,-0.7354780035078168,-0.19236545640041375
AAPL,2025-09-11,0.9661399548532732,TRENDING_BULL,14.710000038146973,0.0873015873015873,230.02999877929688,256.8699951171875,0.11668041768605301,5.820530864327397,26.32642612190346,4.523028351804069
OXY,2025-09-17,0.9571106094808126,TRENDING_BULL,15.720000267028809,0.25793650793650796,47.189998626708984,47.720001220703125,0.01123124834536794,1.2760507857950107,0.3075446496252858,0.24101286018461876
WMT,2025-10-27,0.9029345372460496,CHOPPY,15.789999961853027,0.2698412698412698,104.47000122070312,102.41999816894533,-0.019622887219336447,2.83752158739629,-0.5661577415174541,-0.1995254393947926
BA,2025-12-03,0.948081264108352,CHOPPY,16.079999923706055,0.26587301587301587,202.5399932861328,206.3300018310547,0.018712395924530542,5.602247340537404,2.847571540520966,0.508290935303083
LLY,2025-12-10,0.9661399548532732,TRENDING_BULL,15.770000457763672,0.1984126984126984,993.6400146484376,1076.97998046875,0.08387339941195818,26.954186190823293,80.23966634292003,2.976890705393958
INTU,2025-12-30,0.927765237020316,TRENDING_BULL,14.329999923706056,0.023809523809523808,669.8800048828125,566.5999755859375,-0.15417691010935997,16.512340987185187,-5.1087257515976425,-0.3093883390345679
AMZN,2025-12-12,0.9187358916478556,TRENDING_BULL,15.739999771118164,0.19444444444444445,226.19000244140625,232.07000732421875,0.02599586550840458,6.124118315424525,4.886195922650328,0.7978611239994661
SNOW,2025-12-12,0.9525959367945824,TRENDING_BULL,15.739999771118164,0.19444444444444445,217.92999267578125,222.8999938964844,0.022805494368538442,5.900477674612588,3.997113876095762,0.6774220828414884
HALO,2026-01-06,0.9616252821670428,TRENDING_BULL,14.75,0.051587301587301584,73.12999725341797,71.70999908447266,-0.01941745141907474,1.8554660952748279,-0.3699014564592411,-0.19935770176627887
LLY,2026-01-06,0.91196388261851,TRENDING_BULL,14.75,0.051587301587301584,1064.0400390625,1078.52001953125,0.013608492102898648,26.996995633048478,9.825910839409246,0.363963122895824
BA,2026-01-08,0.9232505643340858,TRENDING_BULL,15.449999809265137,0.18253968253968253,227.3800048828125,252.1499938964844,0.10893653127696036,6.04291096357727,24.1985887943289,4.004458933812234
LPLA,2026-01-23,0.927765237020316,TRENDING_BULL,16.09000015258789,0.2896825396825397,362.1099853515625,385.1400146484375,0.06359954220681262,10.022175294868198,21.71136548797574,2.1663326422850466
