Date,pcr_approx
2015-01-02,0.5558000183105469
2015-01-05,0.5984000015258789
2015-01-06,0.6224000167846679
2015-01-07,0.5861999893188476
2015-01-08,0.5402000045776367
2015-01-09,0.5509999847412109
2015-01-12,0.5920000076293945
2015-01-13,0.6111999893188477
2015-01-14,0.6295999908447265
2015-01-15,0.6477999877929688
2015-01-16,0.6190000152587891
2015-01-20,0.5977999877929687
2015-01-21,0.5770000076293945
2015-01-22,0.5279999923706055
2015-01-23,0.5331999969482422
2015-01-26,0.5104000091552734
2015-01-27,0.5443999862670899
2015-01-28,0.6088000106811523
2015-01-29,0.5752000045776368
2015-01-30,0.6193999862670898
2015-02-02,0.5886000061035156
2015-02-03,0.5465999984741211
2015-02-04,0.5665999984741211
2015-02-05,0.5370000076293945
2015-02-06,0.5458000183105469
2015-02-09,0.5709999847412109
2015-02-10,0.5445999908447265
2015-02-11,0.5391999816894532
2015-02-12,0.5068000030517578
2015-02-13,0.493799991607666
2015-02-17,0.5160000038146972
2015-02-18,0.5089999961853028
2015-02-19,0.5057999992370605
2015-02-20,0.48600000381469727
2015-02-23,0.49120000839233396
2015-02-24,0.473799991607666
2015-02-25,0.4768000030517578
2015-02-26,0.47819999694824217
2015-02-27,0.46680000305175784
2015-03-02,0.46079999923706055
2015-03-03,0.47719999313354494
2015-03-04,0.48459999084472655
2015-03-05,0.48079999923706057
2015-03-06,0.5039999961853028
2015-03-09,0.501200008392334
2015-03-10,0.5338000106811523
2015-03-11,0.537400016784668
2015-03-12,0.5084000015258789
2015-03-13,0.52
2015-03-16,0.5121999931335449
2015-03-17,0.5131999969482421
2015-03-18,0.4794000053405762
2015-03-19,0.48139999389648436
2015-03-20,0.46040000915527346
2015-03-23,0.4681999969482422
2015-03-24,0.47239999771118163
2015-03-25,0.508799991607666
2015-03-26,0.5160000038146972
2015-03-27,0.5013999938964844
2015-03-30,0.49020000457763674
2015-03-31,0.5057999992370605
2015-04-01,0.5021999931335449
2015-04-02,0.49340000152587893
2015-04-06,0.4947999954223633
2015-04-07,0.49559999465942384
2015-04-08,0.47959999084472654
2015-04-09,0.46180000305175783
2015-04-10,0.4515999984741211
2015-04-13,0.478799991607666
2015-04-14,0.4734000015258789
2015-04-15,0.45680000305175783
2015-04-16,0.4520000076293945
2015-04-17,0.4778000068664551
2015-04-20,0.46600000381469725
2015-04-21,0.46499999999999997
2015-04-22,0.4542000007629394
2015-04-23,0.44959999084472657
2015-04-24,0.44579999923706054
2015-04-27,0.4623999977111816
2015-04-28,0.4481999969482422
2015-04-29,0.46780000686645506
2015-04-30,0.4910000038146973
2015-05-01,0.45399999618530273
2015-05-04,0.4570000076293945
2015-05-05,0.48620000839233396
2015-05-06,0.5029999923706054
2015-05-07,0.5026000022888184
2015-05-08,0.4571999931335449
2015-05-11,0.47700000762939454
2015-05-12,0.47719999313354494
2015-05-13,0.4752000045776367
2015-05-14,0.45479999542236327
2015-05-15,0.44760000228881835
2015-05-18,0.4545999908447266
2015-05-19,0.4570000076293945
2015-05-20,0.45760000228881836
2015-05-21,0.4421999931335449
2015-05-22,0.44260000228881835
2015-05-26,0.481200008392334
2015-05-27,0.46540000915527346
2015-05-28,0.466200008392334
2015-05-29,0.4768000030517578
2015-06-01,0.4794000053405762
2015-06-02,0.4847999954223633
2015-06-03,0.47319999694824216
2015-06-04,0.49420000076293946
2015-06-05,0.48420000076293945
2015-06-08,0.5057999992370605
2015-06-09,0.48940000534057615
2015-06-10,0.4644000053405762
2015-06-11,0.4570000076293945
2015-06-12,0.4755999946594238
2015-06-15,0.5078000068664551
2015-06-16,0.49620000839233397
2015-06-17,0.49
2015-06-18,0.463799991607666
2015-06-19,0.47920000076293945
2015-06-22,0.45479999542236327
2015-06-23,0.4421999931335449
2015-06-24,0.4652000045776367
2015-06-25,0.48020000457763673
2015-06-26,0.4804000091552734
2015-06-29,0.5770000076293945
2015-06-30,0.5645999908447266
2015-07-01,0.5218000030517578
2015-07-02,0.5358000183105469
2015-07-06,0.5402000045776367
2015-07-07,0.5218000030517578
2015-07-08,0.5931999969482422
2015-07-09,0.5993999862670898
2015-07-10,0.5365999984741211
2015-07-13,0.4779999923706055
2015-07-14,0.4673999977111816
2015-07-15,0.4645999908447266
2015-07-16,0.4421999931335449
2015-07-17,0.4389999961853027
2015-07-20,0.445
2015-07-21,0.44440000534057617
2015-07-22,0.44239999771118166
2015-07-23,0.45280000686645505
2015-07-24,0.4747999954223633
2015-07-27,0.5120000076293946
2015-07-28,0.468799991607666
2015-07-29,0.45
2015-07-30,0.44260000228881835
2015-07-31,0.44239999771118166
2015-08-03,0.451200008392334
2015-08-04,0.46
2015-08-05,0.4502000045776367
2015-08-06,0.4754000091552734
2015-08-07,0.46780000686645506
2015-08-10,0.44459999084472657
2015-08-11,0.47420000076293944
2015-08-12,0.47219999313354494
2015-08-13,0.4697999954223633
2015-08-14,0.4565999984741211
2015-08-17,0.46040000915527346
2015-08-18,0.47579999923706057
2015-08-19,0.505
2015-08-20,0.5827999877929687
2015-08-21,0.7606000137329101
2015-08-24,1.014800033569336
2015-08-25,0.9204000091552734
2015-08-26,0.8063999938964843
2015-08-27,0.7220000076293945
2015-08-28,0.720999984741211
2015-08-31,0.7686000061035156
2015-09-01,0.8279999923706054
2015-09-02,0.7218000030517578
2015-09-03,0.7122000122070312
2015-09-04,0.7559999847412109
2015-09-08,0.6979999923706055
2015-09-09,0.7245999908447266
2015-09-10,0.687400016784668
2015-09-11,0.664000015258789
2015-09-14,0.685
2015-09-15,0.6508000183105469
2015-09-16,0.6270000076293946
2015-09-17,0.6227999877929687
2015-09-18,0.6456000137329101
2015-09-21,0.6027999877929687
2015-09-22,0.6488000106811523
2015-09-23,0.6425999832153321
2015-09-24,0.6693999862670899
2015-09-25,0.672400016784668
2015-09-28,0.7525999832153321
2015-09-29,0.7365999984741212
2015-09-30,0.69
2015-10-01,0.6509999847412109
2015-10-02,0.6188000106811523
2015-10-05,0.5908000183105468
2015-10-06,0.5879999923706055
2015-10-07,0.5679999923706055
2015-10-08,0.5484000015258789
2015-10-09,0.5415999984741211
2015-10-12,0.523400001525879
2015-10-13,0.5534000015258789
2015-10-14,0.5606000137329101
2015-10-15,0.5209999847412109
2015-10-16,0.5010000038146972
2015-10-19,0.49959999084472656
2015-10-20,0.515
2015-10-21,0.534000015258789
2015-10-22,0.4889999961853027
2015-10-23,0.48920000076293946
2015-10-26,0.5057999992370605
2015-10-27,0.5086000061035156
2015-10-28,0.4865999984741211
2015-10-29,0.4921999931335449
2015-10-30,0.5013999938964844
2015-11-02,0.4829999923706055
2015-11-03,0.4907999992370605
2015-11-04,0.5102000045776367
2015-11-05,0.5010000038146972
2015-11-06,0.4865999984741211
2015-11-09,0.5304000091552734
2015-11-10,0.5057999992370605
2015-11-11,0.5211999893188477
2015-11-12,0.567400016784668
2015-11-13,0.6015999984741212
2015-11-16,0.5631999969482422
2015-11-17,0.5768000030517578
2015-11-18,0.5370000076293945
2015-11-19,0.5397999954223632
2015-11-20,0.5094000053405762
2015-11-23,0.5123999977111816
2015-11-24,0.5186000061035156
2015-11-25,0.503799991607666
2015-11-27,0.5023999977111816
2015-11-30,0.5225999832153321
2015-12-01,0.49340000152587893
2015-12-02,0.5181999969482421
2015-12-03,0.5622000122070312
2015-12-04,0.49620000839233397
2015-12-07,0.5168000030517578
2015-12-08,0.5520000076293945
2015-12-09,0.5922000122070312
2015-12-10,0.5868000030517578
2015-12-11,0.6877999877929688
2015-12-14,0.6545999908447265
2015-12-15,0.6190000152587891
2015-12-16,0.5572000122070313
2015-12-17,0.5788000106811524
2015-12-18,0.6140000152587891
2015-12-21,0.5740000152587891
2015-12-22,0.5320000076293945
2015-12-23,0.5113999938964844
2015-12-24,0.5147999954223633
2015-12-28,0.5381999969482422
2015-12-29,0.5215999984741211
2015-12-30,0.5458000183105469
2015-12-31,0.5641999816894532
2016-01-04,0.6140000152587891
2016-01-05,0.5868000030517578
2016-01-06,0.6118000030517579
2016-01-07,0.6997999954223633
2016-01-08,0.7402000045776367
2016-01-11,0.6859999847412109
2016-01-12,0.6493999862670898
2016-01-13,0.7043999862670899
2016-01-14,0.6790000152587891
2016-01-15,0.7404000091552734
2016-01-19,0.720999984741211
2016-01-20,0.7518000030517578
2016-01-21,0.7338000106811524
2016-01-22,0.6468000030517578
2016-01-25,0.6829999923706055
2016-01-26,0.65
2016-01-27,0.6622000122070313
2016-01-28,0.6484000015258788
2016-01-29,0.6040000152587891
2016-02-01,0.5995999908447266
2016-02-02,0.6395999908447265
2016-02-03,0.6329999923706054
2016-02-04,0.6368000030517578
2016-02-05,0.6675999832153321
2016-02-08,0.72
2016-02-09,0.7308000183105469
2016-02-10,0.7258000183105469
2016-02-11,0.7627999877929688
2016-02-12,0.7079999923706055
2016-02-16,0.6822000122070313
2016-02-17,0.6461999893188477
2016-02-18,0.6327999877929688
2016-02-19,0.6106000137329102
2016-02-22,0.587599983215332
2016-02-23,0.6195999908447266
2016-02-24,0.6143999862670898
2016-02-25,0.5822000122070312
2016-02-26,0.5961999893188477
2016-02-29,0.610999984741211
2016-03-01,0.5540000152587891
2016-03-02,0.5418000030517578
2016-03-03,0.534000015258789
2016-03-04,0.5372000122070313
2016-03-07,0.5470000076293945
2016-03-08,0.5734000015258789
2016-03-09,0.5668000030517578
2016-03-10,0.5609999847412109
2016-03-11,0.53
2016-03-14,0.5384000015258789
2016-03-15,0.5368000030517578
2016-03-16,0.4997999954223633
2016-03-17,0.488799991607666
2016-03-18,0.4804000091552734
2016-03-21,0.47579999923706057
2016-03-22,0.4834000015258789
2016-03-23,0.498799991607666
2016-03-24,0.4947999954223633
2016-03-28,0.5047999954223633
2016-03-29,0.47639999389648435
2016-03-30,0.471200008392334
2016-03-31,0.47899999618530276
2016-04-01,0.4620000076293945
2016-04-04,0.48239999771118164
2016-04-05,0.5084000015258789
2016-04-06,0.4818000030517578
2016-04-07,0.5231999969482422
2016-04-08,0.5071999931335449
2016-04-11,0.5252000045776367
2016-04-12,0.49700000762939456
2016-04-13,0.4768000030517578
2016-04-14,0.4744000053405762
2016-04-15,0.47239999771118163
2016-04-18,0.46700000762939453
2016-04-19,0.4647999954223633
2016-04-20,0.4655999946594238
2016-04-21,0.47899999618530276
2016-04-22,0.4644000053405762
2016-04-25,0.4815999984741211
2016-04-26,0.47920000076293945
2016-04-27,0.4754000091552734
2016-04-28,0.5044000053405762
2016-04-29,0.5139999961853028
2016-05-02,0.4936000061035156
2016-05-03,0.5120000076293946
2016-05-04,0.5209999847412109
2016-05-05,0.5181999969482421
2016-05-06,0.49440000534057615
2016-05-09,0.49139999389648437
2016-05-10,0.4726000022888184
2016-05-11,0.493799991607666
2016-05-12,0.4881999969482422
2016-05-13,0.5007999992370605
2016-05-16,0.4936000061035156
2016-05-17,0.5113999938964844
2016-05-18,0.5189999961853027
2016-05-19,0.5265999984741211
2016-05-20,0.5039999961853028
2016-05-23,0.5163999938964844
2016-05-24,0.4884000015258789
2016-05-25,0.4779999923706055
2016-05-26,0.4686000061035156
2016-05-27,0.4623999977111816
2016-05-31,0.483799991607666
2016-06-01,0.48399999618530276
2016-06-02,0.4726000022888184
2016-06-03,0.4694000053405762
2016-06-06,0.47299999237060547
2016-06-07,0.48100000381469726
2016-06-08,0.4815999984741211
2016-06-09,0.4928000068664551
2016-06-10,0.5406000137329101
2016-06-13,0.6193999862670898
2016-06-14,0.61
2016-06-15,0.6027999877929687
2016-06-16,0.587400016784668
2016-06-17,0.5881999969482422
2016-06-20,0.567400016784668
2016-06-21,0.5695999908447266
2016-06-22,0.6234000015258789
2016-06-23,0.545
2016-06-24,0.7152000045776368
2016-06-27,0.6770000076293945
2016-06-28,0.575
2016-06-29,0.5327999877929688
2016-06-30,0.5126000022888184
2016-07-01,0.49540000915527344
2016-07-05,0.5115999984741211
2016-07-06,0.49920000076293947
2016-07-07,0.49520000457763674
2016-07-08,0.46399999618530274
2016-07-11,0.47079999923706056
2016-07-12,0.47100000381469725
2016-07-13,0.46079999923706055
2016-07-14,0.4563999938964844
2016-07-15,0.4534000015258789
2016-07-18,0.44879999160766604
2016-07-19,0.43940000534057616
2016-07-20,0.43540000915527344
2016-07-21,0.45479999542236327
2016-07-22,0.44040000915527344
2016-07-25,0.4573999977111816
2016-07-26,0.46100000381469725
2016-07-27,0.4565999984741211
2016-07-28,0.4544000053405762
2016-07-29,0.43739999771118165
2016-08-01,0.44879999160766604
2016-08-02,0.4673999977111816
2016-08-03,0.4571999931335449
2016-08-04,0.4484000015258789
2016-08-05,0.4278000068664551
2016-08-08,0.43
2016-08-09,0.4331999969482422
2016-08-10,0.4410000038146973
2016-08-11,0.4336000061035156
2016-08-12,0.4310000038146973
2016-08-15,0.43620000839233397
2016-08-16,0.45280000686645505
2016-08-17,0.44379999160766603
2016-08-18,0.4286000061035156
2016-08-19,0.4268000030517578
2016-08-22,0.44540000915527345
2016-08-23,0.44760000228881835
2016-08-24,0.46899999618530275
2016-08-25,0.4726000022888184
2016-08-26,0.47299999237060547
2016-08-29,0.458799991607666
2016-08-30,0.4623999977111816
2016-08-31,0.4684000015258789
2016-09-01,0.4695999908447266
2016-09-02,0.43959999084472656
2016-09-06,0.44040000915527344
2016-09-07,0.43879999160766603
2016-09-08,0.4502000045776367
2016-09-09,0.55
2016-09-12,0.5031999969482421
2016-09-13,0.5570000076293945
2016-09-14,0.5627999877929688
2016-09-15,0.5259999847412109
2016-09-16,0.5073999977111816
2016-09-19,0.5105999946594239
2016-09-20,0.518400001525879
2016-09-21,0.46600000381469725
2016-09-22,0.44040000915527344
2016-09-23,0.44579999923706054
2016-09-26,0.49
2016-09-27,0.4620000076293945
2016-09-28,0.44780000686645505
2016-09-29,0.4804000091552734
2016-09-30,0.46579999923706056
2016-10-03,0.47139999389648435
2016-10-04,0.4726000022888184
2016-10-05,0.4597999954223633
2016-10-06,0.45680000305175783
2016-10-07,0.4695999908447266
2016-10-10,0.4676000022888184
2016-10-11,0.5071999931335449
2016-10-12,0.5181999969482421
2016-10-13,0.5338000106811523
2016-10-14,0.522400016784668
2016-10-17,0.5241999816894531
2016-10-18,0.5055999946594238
2016-10-19,0.4881999969482422
2016-10-20,0.475
2016-10-21,0.46680000305175784
2016-10-24,0.46040000915527346
2016-10-25,0.46920000076293944
2016-10-26,0.4847999954223633
2016-10-27,0.5071999931335449
2016-10-28,0.5238000106811523
2016-10-31,0.5411999893188476
2016-11-01,0.5711999893188476
2016-11-02,0.5863999938964843
2016-11-03,0.6415999984741211
2016-11-04,0.6502000045776367
2016-11-07,0.5741999816894532
2016-11-08,0.5747999954223633
2016-11-09,0.48760000228881833
2016-11-10,0.4947999954223633
2016-11-11,0.4834000015258789
2016-11-14,0.48959999084472655
2016-11-15,0.4673999977111816
2016-11-16,0.4744000053405762
2016-11-17,0.46700000762939453
2016-11-18,0.4570000076293945
2016-11-21,0.4484000015258789
2016-11-22,0.4481999969482422
2016-11-23,0.44860000610351564
2016-11-25,0.4468000030517578
2016-11-28,0.46299999237060546
2016-11-29,0.45799999237060546
2016-11-30,0.4665999984741211
2016-12-01,0.48139999389648436
2016-12-02,0.48239999771118164
2016-12-05,0.4428000068664551
2016-12-06,0.43579999923706053
2016-12-07,0.44440000534057617
2016-12-08,0.45280000686645505
2016-12-09,0.435
2016-12-12,0.45280000686645505
2016-12-13,0.4544000053405762
2016-12-14,0.463799991607666
2016-12-15,0.45579999923706055
2016-12-16,0.4439999961853027
2016-12-19,0.43420000076293946
2016-12-20,0.4289999961853027
2016-12-21,0.42540000915527343
2016-12-22,0.4286000061035156
2016-12-23,0.428799991607666
2016-12-27,0.43979999542236325
2016-12-28,0.45899999618530274
2016-12-29,0.4673999977111816
2016-12-30,0.48079999923706057
2017-01-03,0.4570000076293945
2017-01-04,0.4370000076293945
2017-01-05,0.4334000015258789
2017-01-06,0.42639999389648436
2017-01-09,0.43120000839233397
2017-01-10,0.42979999542236325
2017-01-11,0.42520000457763674
2017-01-12,0.4307999992370605
2017-01-13,0.42459999084472655
2017-01-17,0.43739999771118165
2017-01-18,0.44959999084472657
2017-01-19,0.4555999946594238
2017-01-20,0.4307999992370605
2017-01-23,0.43540000915527344
2017-01-24,0.42139999389648436
2017-01-25,0.41620000839233395
2017-01-26,0.4126000022888183
2017-01-27,0.4115999984741211
2017-01-30,0.43760000228881835
2017-01-31,0.43979999542236325
2017-02-01,0.43620000839233397
2017-02-02,0.4386000061035156
2017-02-03,0.4194000053405762
2017-02-06,0.42739999771118165
2017-02-07,0.4257999992370606
2017-02-08,0.4289999961853027
2017-02-09,0.41760000228881833
2017-02-10,0.41700000762939454
2017-02-13,0.42139999389648436
2017-02-14,0.4147999954223633
2017-02-15,0.43940000534057616
2017-02-16,0.43520000457763675
2017-02-17,0.42979999542236325
2017-02-21,0.43139999389648437
2017-02-22,0.43479999542236325
2017-02-23,0.43420000076293946
2017-02-24,0.42940000534057615
2017-02-27,0.4418000030517578
2017-02-28,0.4584000015258789
2017-03-01,0.45079999923706054
2017-03-02,0.43620000839233397
2017-03-03,0.41920000076293945
2017-03-06,0.4247999954223633
2017-03-07,0.4289999961853027
2017-03-08,0.4371999931335449
2017-03-09,0.4460000038146973
2017-03-10,0.4331999969482422
2017-03-13,0.4270000076293945
2017-03-14,0.4460000038146973
2017-03-15,0.43260000228881834
2017-03-16,0.42420000076293946
2017-03-17,0.42559999465942383
2017-03-20,0.4268000030517578
2017-03-21,0.44940000534057617
2017-03-22,0.456200008392334
2017-03-23,0.4623999977111816
2017-03-24,0.45920000076293943
2017-03-27,0.45
2017-03-28,0.43059999465942383
2017-03-29,0.42840000152587887
2017-03-30,0.4307999992370605
2017-03-31,0.44739999771118166
2017-04-03,0.44760000228881835
2017-04-04,0.43579999923706053
2017-04-05,0.45780000686645506
2017-04-06,0.44780000686645505
2017-04-07,0.4573999977111816
2017-04-10,0.48100000381469726
2017-04-11,0.5013999938964844
2017-04-12,0.5154000091552734
2017-04-13,0.5192000007629395
2017-04-17,0.4931999969482422
2017-04-18,0.4884000015258789
2017-04-19,0.4986000061035156
2017-04-20,0.4829999923706055
2017-04-21,0.49260000228881834
2017-04-24,0.4168000030517578
2017-04-25,0.4152000045776367
2017-04-26,0.41700000762939454
2017-04-27,0.40719999313354494
2017-04-28,0.41639999389648436
2017-05-01,0.40219999313354493
2017-05-02,0.4118000030517578
2017-05-03,0.4136000061035156
2017-05-04,0.40920000076293944
2017-05-05,0.4113999938964844
2017-05-08,0.3954000091552734
2017-05-09,0.39920000076293943
2017-05-10,0.40420000076293944
2017-05-11,0.41200000762939454
2017-05-12,0.40799999237060547
2017-05-15,0.4084000015258789
2017-05-16,0.4129999923706055
2017-05-17,0.5118000030517578
2017-05-18,0.4931999969482422
2017-05-19,0.44079999923706054
2017-05-22,0.4186000061035156
2017-05-23,0.4144000053405762
2017-05-24,0.4004000091552734
2017-05-25,0.3997999954223633
2017-05-26,0.396200008392334
2017-05-30,0.4076000022888184
2017-05-31,0.40819999694824216
2017-06-01,0.39780000686645506
2017-06-02,0.395
2017-06-05,0.4013999938964844
2017-06-06,0.40899999618530275
2017-06-07,0.40780000686645507
2017-06-08,0.40319999694824216
2017-06-09,0.4139999961853027
2017-06-12,0.42920000076293946
2017-06-13,0.4084000015258789
2017-06-14,0.41280000686645507
2017-06-15,0.4179999923706055
2017-06-16,0.4076000022888184
2017-06-19,0.4073999977111816
2017-06-20,0.41719999313354494
2017-06-21,0.415
2017-06-22,0.40959999084472654
2017-06-23,0.4004000091552734
2017-06-26,0.39799999237060546
2017-06-27,0.42120000839233396
2017-06-28,0.4005999946594238
2017-06-29,0.428799991607666
2017-06-30,0.4236000061035156
2017-07-03,0.4244000053405762
2017-07-05,0.42139999389648436
2017-07-06,0.45079999923706054
2017-07-07,0.423799991607666
2017-07-10,0.42219999313354495
2017-07-11,0.4178000068664551
2017-07-12,0.40600000381469725
2017-07-13,0.39799999237060546
2017-07-14,0.3902000045776367
2017-07-17,0.3963999938964844
2017-07-18,0.39780000686645506
2017-07-19,0.39579999923706055
2017-07-20,0.3915999984741211
2017-07-21,0.3871999931335449
2017-07-24,0.38860000610351564
2017-07-25,0.38860000610351564
2017-07-26,0.3920000076293945
2017-07-27,0.40219999313354493
2017-07-28,0.40579999923706056
2017-07-31,0.4052000045776367
2017-08-01,0.4018000030517578
2017-08-02,0.4055999946594238
2017-08-03,0.408799991607666
2017-08-04,0.4005999946594238
2017-08-07,0.39860000610351565
2017-08-08,0.41920000076293945
2017-08-09,0.42219999313354495
2017-08-10,0.5208000183105469
2017-08-11,0.5102000045776367
2017-08-14,0.4465999984741211
2017-08-15,0.44079999923706054
2017-08-16,0.43479999542236325
2017-08-17,0.5110000038146972
2017-08-18,0.48520000457763673
2017-08-21,0.463799991607666
2017-08-22,0.4270000076293945
2017-08-23,0.445
2017-08-24,0.44459999084472657
2017-08-25,0.42559999465942383
2017-08-28,0.42639999389648436
2017-08-29,0.4339999961853027
2017-08-30,0.4244000053405762
2017-08-31,0.4118000030517578
2017-09-01,0.40260000228881837
2017-09-05,0.44459999084472657
2017-09-06,0.43260000228881834
2017-09-07,0.4310000038146973
2017-09-08,0.44239999771118166
2017-09-11,0.41459999084472654
2017-09-12,0.4115999984741211
2017-09-13,0.41000000000000003
2017-09-14,0.408799991607666
2017-09-15,0.4034000015258789
2017-09-18,0.40299999237060546
2017-09-19,0.40360000610351565
2017-09-20,0.39559999465942386
2017-09-21,0.3934000015258789
2017-09-22,0.39180000305175783
2017-09-25,0.40420000076293944
2017-09-26,0.4034000015258789
2017-09-27,0.3973999977111816
2017-09-28,0.39100000381469724
2017-09-29,0.3902000045776367
2017-10-02,0.38899999618530273
2017-10-03,0.3902000045776367
2017-10-04,0.39260000228881836
2017-10-05,0.383799991607666
2017-10-06,0.39299999237060546
2017-10-09,0.4065999984741211
2017-10-10,0.4015999984741211
2017-10-11,0.3970000076293945
2017-10-12,0.39819999694824215
2017-10-13,0.3921999931335449
2017-10-16,0.39819999694824215
2017-10-17,0.406200008392334
2017-10-18,0.4013999938964844
2017-10-19,0.40100000381469725
2017-10-20,0.3994000053405762
2017-10-23,0.42139999389648436
2017-10-24,0.4231999969482422
2017-10-25,0.42459999084472655
2017-10-26,0.42600000381469727
2017-10-27,0.39600000381469724
2017-10-30,0.41000000000000003
2017-10-31,0.40360000610351565
2017-11-01,0.40399999618530275
2017-11-02,0.39860000610351565
2017-11-03,0.3828000068664551
2017-11-06,0.38799999237060545
2017-11-07,0.39780000686645506
2017-11-08,0.39559999465942386
2017-11-09,0.41000000000000003
2017-11-10,0.4257999992370606
2017-11-13,0.43
2017-11-14,0.4318000030517578
2017-11-15,0.46260000228881837
2017-11-16,0.43520000457763675
2017-11-17,0.4286000061035156
2017-11-20,0.4129999923706055
2017-11-21,0.3945999908447266
2017-11-22,0.39760000228881837
2017-11-24,0.3934000015258789
2017-11-27,0.3973999977111816
2017-11-28,0.4005999946594238
2017-11-29,0.4139999961853027
2017-11-30,0.42559999465942383
2017-12-01,0.4286000061035156
2017-12-04,0.4336000061035156
2017-12-05,0.4265999984741211
2017-12-06,0.4204000091552734
2017-12-07,0.40319999694824216
2017-12-08,0.3915999984741211
2017-12-11,0.3868000030517578
2017-12-12,0.3984000015258789
2017-12-13,0.40360000610351565
2017-12-14,0.4097999954223633
2017-12-15,0.3884000015258789
2017-12-18,0.39059999465942385
2017-12-19,0.4005999946594238
2017-12-20,0.3944000053405762
2017-12-21,0.3923999977111816
2017-12-22,0.39799999237060546
2017-12-26,0.405
2017-12-27,0.4094000053405762
2017-12-28,0.40360000610351565
2017-12-29,0.4207999992370606
2018-01-02,0.3954000091552734
2018-01-03,0.38299999237060545
2018-01-04,0.38440000534057617
2018-01-05,0.38440000534057617
2018-01-08,0.39040000915527345
2018-01-09,0.4015999984741211
2018-01-10,0.3963999938964844
2018-01-11,0.39760000228881837
2018-01-12,0.40319999694824216
2018-01-16,0.4331999969482422
2018-01-17,0.4381999969482422
2018-01-18,0.44440000534057617
2018-01-19,0.42540000915527343
2018-01-22,0.4205999946594238
2018-01-23,0.42200000762939455
2018-01-24,0.42940000534057615
2018-01-25,0.4315999984741211
2018-01-26,0.4215999984741211
2018-01-29,0.4768000030517578
2018-01-30,0.49579999923706053
2018-01-31,0.47079999923706056
2018-02-01,0.4694000053405762
2018-02-02,0.5461999893188476
2018-02-05,0.9463999938964844
2018-02-06,0.7995999908447265
2018-02-07,0.7545999908447265
2018-02-08,0.8691999816894531
2018-02-09,0.7811999893188477
2018-02-12,0.7122000122070312
2018-02-13,0.6993999862670899
2018-02-14,0.5852000045776368
2018-02-15,0.582599983215332
2018-02-16,0.5891999816894531
2018-02-20,0.6120000076293945
2018-02-21,0.6004000091552735
2018-02-22,0.5743999862670899
2018-02-23,0.5297999954223633
2018-02-26,0.5160000038146972
2018-02-27,0.5718000030517578
2018-02-28,0.5970000076293945
2018-03-01,0.6493999862670898
2018-03-02,0.5918000030517578
2018-03-05,0.5745999908447266
2018-03-06,0.5672000122070313
2018-03-07,0.5552000045776367
2018-03-08,0.5308000183105469
2018-03-09,0.4928000068664551
2018-03-12,0.5155999946594239
2018-03-13,0.5270000076293946
2018-03-14,0.5445999908447265
2018-03-15,0.5318000030517578
2018-03-16,0.5160000038146972
2018-03-19,0.5804000091552735
2018-03-20,0.5640000152587891
2018-03-21,0.5572000122070313
2018-03-22,0.6668000030517578
2018-03-23,0.697400016784668
2018-03-26,0.6206000137329102
2018-03-27,0.65
2018-03-28,0.657400016784668
2018-03-29,0.5993999862670898
2018-04-02,0.672400016784668
2018-04-03,0.6220000076293946
2018-04-04,0.6011999893188477
2018-04-05,0.5788000106811524
2018-04-06,0.6297999954223633
2018-04-09,0.6354000091552734
2018-04-10,0.6093999862670898
2018-04-11,0.6047999954223633
2018-04-12,0.5697999954223633
2018-04-13,0.5481999969482422
2018-04-16,0.5311999893188477
2018-04-17,0.505
2018-04-18,0.5120000076293946
2018-04-19,0.5192000007629395
2018-04-20,0.537599983215332
2018-04-23,0.5268000030517578
2018-04-24,0.5604000091552734
2018-04-25,0.5568000030517578
2018-04-26,0.5247999954223633
2018-04-27,0.5081999969482421
2018-04-30,0.5186000061035156
2018-05-01,0.5097999954223633
2018-05-02,0.5194000053405762
2018-05-03,0.5179999923706055
2018-05-04,0.49540000915527344
2018-05-07,0.495
2018-05-08,0.49420000076293946
2018-05-09,0.4684000015258789
2018-05-10,0.4645999908447266
2018-05-11,0.45299999237060545
2018-05-14,0.45860000610351564
2018-05-15,0.49260000228881834
2018-05-16,0.4684000015258789
2018-05-17,0.4686000061035156
2018-05-18,0.4684000015258789
2018-05-21,0.4615999984741211
2018-05-22,0.4644000053405762
2018-05-23,0.4515999984741211
2018-05-24,0.4505999946594238
2018-05-25,0.4644000053405762
2018-05-29,0.5404000091552734
2018-05-30,0.498799991607666
2018-05-31,0.5086000061035156
2018-06-01,0.46920000076293944
2018-06-04,0.45479999542236327
2018-06-05,0.44799999237060545
2018-06-06,0.4328000068664551
2018-06-07,0.44260000228881835
2018-06-08,0.44360000610351563
2018-06-11,0.4470000076293945
2018-06-12,0.4468000030517578
2018-06-13,0.458799991607666
2018-06-14,0.44239999771118166
2018-06-15,0.43959999084472656
2018-06-18,0.446200008392334
2018-06-19,0.46700000762939453
2018-06-20,0.45579999923706055
2018-06-21,0.4928000068664551
2018-06-22,0.4754000091552734
2018-06-25,0.5465999984741211
2018-06-26,0.518400001525879
2018-06-27,0.5581999969482422
2018-06-28,0.5370000076293945
2018-06-29,0.5218000030517578
2018-07-02,0.5120000076293946
2018-07-03,0.5227999877929688
2018-07-05,0.49940000534057616
2018-07-06,0.4673999977111816
2018-07-09,0.45379999160766604
2018-07-10,0.45280000686645505
2018-07-11,0.4726000022888184
2018-07-12,0.4515999984741211
2018-07-13,0.44360000610351563
2018-07-16,0.4565999984741211
2018-07-17,0.441200008392334
2018-07-18,0.4420000076293945
2018-07-19,0.4573999977111816
2018-07-20,0.4571999931335449
2018-07-23,0.45239999771118167
2018-07-24,0.4481999969482422
2018-07-25,0.44579999923706054
2018-07-26,0.4428000068664551
2018-07-27,0.4605999946594238
2018-07-30,0.48520000457763673
2018-07-31,0.4565999984741211
2018-08-01,0.46299999237060546
2018-08-02,0.44379999160766603
2018-08-03,0.4328000068664551
2018-08-06,0.42540000915527343
2018-08-07,0.4186000061035156
2018-08-08,0.41700000762939454
2018-08-09,0.42540000915527343
2018-08-10,0.4631999969482422
2018-08-13,0.49559999465942384
2018-08-14,0.466200008392334
2018-08-15,0.4928000068664551
2018-08-16,0.46899999618530275
2018-08-17,0.45280000686645505
2018-08-20,0.44979999542236326
2018-08-21,0.4571999931335449
2018-08-22,0.445
2018-08-23,0.4481999969482422
2018-08-24,0.43979999542236325
2018-08-27,0.4431999969482422
2018-08-28,0.45
2018-08-29,0.445
2018-08-30,0.4705999946594238
2018-08-31,0.4571999931335449
2018-09-04,0.4631999969482422
2018-09-05,0.47819999694824217
2018-09-06,0.4929999923706055
2018-09-07,0.49760000228881834
2018-09-10,0.48319999694824217
2018-09-11,0.4644000053405762
2018-09-12,0.46280000686645506
2018-09-13,0.44739999771118166
2018-09-14,0.4413999938964844
2018-09-17,0.4736000061035156
2018-09-18,0.45579999923706055
2018-09-19,0.435
2018-09-20,0.4360000038146973
2018-09-21,0.4336000061035156
2018-09-24,0.4439999961853027
2018-09-25,0.4484000015258789
2018-09-26,0.45780000686645506
2018-09-27,0.4481999969482422
2018-09-28,0.44239999771118166
2018-10-01,0.44
2018-10-02,0.4410000038146973
2018-10-03,0.4321999931335449
2018-10-04,0.48440000534057615
2018-10-05,0.49639999389648437
2018-10-08,0.513799991607666
2018-10-09,0.5189999961853027
2018-10-10,0.6591999816894532
2018-10-11,0.6995999908447266
2018-10-12,0.6261999893188477
2018-10-15,0.625999984741211
2018-10-16,0.552400016784668
2018-10-17,0.5479999923706055
2018-10-18,0.6011999893188477
2018-10-19,0.5977999877929687
2018-10-22,0.5927999877929687
2018-10-23,0.6141999816894531
2018-10-24,0.7045999908447266
2018-10-25,0.6843999862670899
2018-10-26,0.6831999969482422
2018-10-29,0.6940000152587891
2018-10-30,0.6670000076293945
2018-10-31,0.6245999908447266
2018-11-01,0.5868000030517578
2018-11-02,0.5902000045776368
2018-11-05,0.5991999816894531
2018-11-06,0.5981999969482422
2018-11-07,0.5272000122070313
2018-11-08,0.5343999862670898
2018-11-09,0.5472000122070313
2018-11-12,0.6090000152587891
2018-11-13,0.6004000091552735
2018-11-14,0.625
2018-11-15,0.5995999908447266
2018-11-16,0.5627999877929688
2018-11-19,0.6020000076293945
2018-11-20,0.6495999908447265
2018-11-21,0.615999984741211
2018-11-23,0.6304000091552735
2018-11-26,0.5779999923706055
2018-11-27,0.5804000091552735
2018-11-28,0.5697999954223633
2018-11-29,0.5758000183105468
2018-11-30,0.5613999938964844
2018-12-03,0.5288000106811523
2018-12-04,0.6147999954223633
2018-12-06,0.6238000106811523
2018-12-07,0.6645999908447265
2018-12-10,0.6527999877929688
2018-12-11,0.6352000045776367
2018-12-12,0.6291999816894531
2018-12-13,0.6129999923706054
2018-12-14,0.6325999832153321
2018-12-17,0.6904000091552734
2018-12-18,0.711599998474121
2018-12-19,0.711599998474121
2018-12-20,0.767599983215332
2018-12-21,0.8022000122070312
2018-12-24,0.9213999938964843
2018-12-26,0.8081999969482422
2018-12-27,0.799199981689453
2018-12-28,0.7668000030517579
2018-12-31,0.7084000015258789
2019-01-02,0.6643999862670898
2019-01-03,0.7090000152587891
2019-01-04,0.6275999832153321
2019-01-07,0.6279999923706054
2019-01-08,0.6093999862670898
2019-01-09,0.5995999908447266
2019-01-10,0.59
2019-01-11,0.5638000106811524
2019-01-14,0.5813999938964843
2019-01-15,0.5720000076293945
2019-01-16,0.5808000183105468
2019-01-17,0.5611999893188476
2019-01-18,0.5559999847412109
2019-01-22,0.615999984741211
2019-01-23,0.5904000091552735
2019-01-24,0.5777999877929687
2019-01-25,0.5484000015258789
2019-01-28,0.577400016784668
2019-01-29,0.582599983215332
2019-01-30,0.5531999969482422
2019-01-31,0.5313999938964844
2019-02-01,0.5227999877929688
2019-02-04,0.5145999908447265
2019-02-05,0.5113999938964844
2019-02-06,0.5076000022888184
2019-02-07,0.527400016784668
2019-02-08,0.5144000053405762
2019-02-11,0.5194000053405762
2019-02-12,0.5086000061035156
2019-02-13,0.5129999923706055
2019-02-14,0.5243999862670898
2019-02-15,0.4981999969482422
2019-02-19,0.49760000228881834
2019-02-20,0.4804000091552734
2019-02-21,0.48920000076293946
2019-02-22,0.4702000045776367
2019-02-25,0.49700000762939456
2019-02-26,0.5034000015258789
2019-02-27,0.4939999961853027
2019-02-28,0.49559999465942384
2019-03-01,0.47139999389648435
2019-03-04,0.49260000228881834
2019-03-05,0.4947999954223633
2019-03-06,0.5147999954223633
2019-03-07,0.5318000030517578
2019-03-08,0.5209999847412109
2019-03-11,0.4865999984741211
2019-03-12,0.4754000091552734
2019-03-13,0.4681999969482422
2019-03-14,0.47
2019-03-15,0.45760000228881836
2019-03-18,0.4620000076293945
2019-03-19,0.471200008392334
2019-03-20,0.47819999694824217
2019-03-21,0.4726000022888184
2019-03-22,0.5295999908447265
2019-03-25,0.5265999984741211
2019-03-26,0.4936000061035156
2019-03-27,0.5029999923706054
2019-03-28,0.4886000061035156
2019-03-29,0.47420000076293944
2019-04-01,0.46799999237060547
2019-04-02,0.46719999313354493
2019-04-03,0.4747999954223633
2019-04-04,0.4715999984741211
2019-04-05,0.4563999938964844
2019-04-08,0.4636000061035156
2019-04-09,0.48559999465942383
2019-04-10,0.46600000381469725
2019-04-11,0.46040000915527346
2019-04-12,0.4402000045776367
2019-04-15,0.4463999938964844
2019-04-16,0.44360000610351563
2019-04-17,0.4520000076293945
2019-04-18,0.4418000030517578
2019-04-22,0.4484000015258789
2019-04-23,0.44559999465942385
2019-04-24,0.46280000686645506
2019-04-25,0.46499999999999997
2019-04-26,0.4545999908447266
2019-04-29,0.46219999313354493
2019-04-30,0.4623999977111816
2019-05-01,0.4960000038146973
2019-05-02,0.4884000015258789
2019-05-03,0.4573999977111816
2019-05-06,0.508799991607666
2019-05-07,0.5863999938964843
2019-05-08,0.5879999923706055
2019-05-09,0.5820000076293945
2019-05-10,0.5208000183105469
2019-05-13,0.610999984741211
2019-05-14,0.5611999893188476
2019-05-15,0.5288000106811523
2019-05-16,0.5057999992370605
2019-05-17,0.5192000007629395
2019-05-20,0.5261999893188477
2019-05-21,0.4989999961853027
2019-05-22,0.495
2019-05-23,0.5384000015258789
2019-05-24,0.5170000076293946
2019-05-28,0.55
2019-05-29,0.5579999923706055
2019-05-30,0.5459999847412109
2019-05-31,0.5741999816894532
2019-06-03,0.5772000122070312
2019-06-04,0.5393999862670898
2019-06-05,0.5218000030517578
2019-06-06,0.5186000061035156
2019-06-07,0.5259999847412109
2019-06-10,0.518799991607666
2019-06-11,0.5197999954223633
2019-06-12,0.5181999969482421
2019-06-13,0.5163999938964844
2019-06-14,0.5055999946594238
2019-06-17,0.5070000076293946
2019-06-18,0.5029999923706054
2019-06-19,0.4865999984741211
2019-06-20,0.495
2019-06-21,0.5079999923706054
2019-06-24,0.5052000045776367
2019-06-25,0.5256000137329102
2019-06-26,0.5241999816894531
2019-06-27,0.5163999938964844
2019-06-28,0.5015999984741211
2019-07-01,0.481200008392334
2019-07-02,0.45860000610351564
2019-07-03,0.4513999938964844
2019-07-05,0.4655999946594238
2019-07-08,0.47920000076293945
2019-07-09,0.4818000030517578
2019-07-10,0.4605999946594238
2019-07-11,0.45860000610351564
2019-07-12,0.44780000686645505
2019-07-15,0.45360000610351564
2019-07-16,0.4571999931335449
2019-07-17,0.4794000053405762
2019-07-18,0.4705999946594238
2019-07-19,0.4889999961853027
2019-07-22,0.4705999946594238
2019-07-23,0.4521999931335449
2019-07-24,0.4413999938964844
2019-07-25,0.45479999542236327
2019-07-26,0.4431999969482422
2019-07-29,0.4565999984741211
2019-07-30,0.478799991607666
2019-07-31,0.522400016784668
2019-08-01,0.557400016784668
2019-08-02,0.5522000122070313
2019-08-05,0.6918000030517578
2019-08-06,0.6034000015258789
2019-08-07,0.5897999954223633
2019-08-08,0.5381999969482422
2019-08-09,0.5593999862670899
2019-08-12,0.6218000030517579
2019-08-13,0.5504000091552734
2019-08-14,0.6420000076293946
2019-08-15,0.6236000061035156
2019-08-16,0.5693999862670899
2019-08-19,0.537599983215332
2019-08-20,0.55
2019-08-21,0.5160000038146972
2019-08-22,0.5336000061035157
2019-08-23,0.597400016784668
2019-08-26,0.5863999938964843
2019-08-27,0.6061999893188477
2019-08-28,0.5870000076293945
2019-08-29,0.557599983215332
2019-08-30,0.5795999908447266
2019-09-03,0.5931999969482422
2019-09-04,0.5465999984741211
2019-09-05,0.5254000091552734
2019-09-06,0.5
2019-09-09,0.5054000091552734
2019-09-10,0.5039999961853028
2019-09-11,0.4921999931335449
2019-09-12,0.48440000534057615
2019-09-13,0.4747999954223633
2019-09-16,0.49340000152587893
2019-09-17,0.488799991607666
2019-09-18,0.47899999618530276
2019-09-19,0.48100000381469726
2019-09-20,0.5063999938964844
2019-09-23,0.4981999969482422
2019-09-24,0.5409999847412109
2019-09-25,0.5192000007629395
2019-09-26,0.5213999938964844
2019-09-27,0.5443999862670899
2019-09-30,0.5247999954223633
2019-10-01,0.5711999893188476
2019-10-02,0.6111999893188477
2019-10-03,0.582400016784668
2019-10-04,0.5408000183105469
2019-10-07,0.5572000122070313
2019-10-08,0.6056000137329102
2019-10-09,0.5727999877929688
2019-10-10,0.5513999938964844
2019-10-11,0.5115999984741211
2019-10-14,0.49139999389648437
2019-10-15,0.47079999923706056
2019-10-16,0.4736000061035156
2019-10-17,0.47579999923706057
2019-10-18,0.485
2019-10-21,0.48
2019-10-22,0.48920000076293946
2019-10-23,0.48020000457763673
2019-10-24,0.47420000076293944
2019-10-25,0.45299999237060545
2019-10-28,0.46219999313354493
2019-10-29,0.46399999618530274
2019-10-30,0.4465999984741211
2019-10-31,0.4644000053405762
2019-11-01,0.4460000038146973
2019-11-04,0.4565999984741211
2019-11-05,0.4620000076293945
2019-11-06,0.45239999771118167
2019-11-07,0.4545999908447266
2019-11-08,0.4413999938964844
2019-11-11,0.45379999160766604
2019-11-12,0.45360000610351564
2019-11-13,0.46
2019-11-14,0.46100000381469725
2019-11-15,0.4410000038146973
2019-11-18,0.4492000007629394
2019-11-19,0.4571999931335449
2019-11-20,0.4555999946594238
2019-11-21,0.46260000228881837
2019-11-22,0.4468000030517578
2019-11-25,0.43739999771118165
2019-11-26,0.4307999992370605
2019-11-27,0.435
2019-11-29,0.45239999771118167
2019-12-02,0.4981999969482422
2019-12-03,0.5192000007629395
2019-12-04,0.4960000038146973
2019-12-05,0.49040000915527343
2019-12-06,0.47239999771118163
2019-12-09,0.5171999931335449
2019-12-10,0.5136000061035156
2019-12-11,0.4997999954223633
2019-12-12,0.478799991607666
2019-12-13,0.45260000228881836
2019-12-16,0.4428000068664551
2019-12-17,0.44579999923706054
2019-12-18,0.4515999984741211
2019-12-19,0.45
2019-12-20,0.4502000045776367
2019-12-23,0.4521999931335449
2019-12-24,0.4534000015258789
2019-12-26,0.45299999237060545
2019-12-27,0.4686000061035156
2019-12-30,0.49639999389648437
2019-12-31,0.4755999946594238
2020-01-02,0.44940000534057617
2020-01-03,0.4804000091552734
2020-01-06,0.47700000762939454
2020-01-07,0.47579999923706057
2020-01-08,0.46899999618530275
2020-01-09,0.45079999923706054
2020-01-10,0.451200008392334
2020-01-13,0.4463999938964844
2020-01-14,0.44780000686645505
2020-01-15,0.4484000015258789
2020-01-16,0.4463999938964844
2020-01-17,0.4420000076293945
2020-01-21,0.4570000076293945
2020-01-22,0.4581999969482422
2020-01-23,0.4595999908447266
2020-01-24,0.49120000839233396
2020-01-27,0.5645999908447266
2020-01-28,0.5256000137329102
2020-01-29,0.5277999877929688
2020-01-30,0.5097999954223633
2020-01-31,0.5768000030517578
2020-02-03,0.5593999862670899
2020-02-04,0.5209999847412109
2020-02-05,0.5029999923706054
2020-02-06,0.49920000076293947
2020-02-07,0.5094000053405762
2020-02-10,0.5007999992370605
2020-02-11,0.5036000061035156
2020-02-12,0.4747999954223633
2020-02-13,0.4829999923706055
2020-02-14,0.4736000061035156
2020-02-18,0.4965999984741211
2020-02-19,0.48760000228881833
2020-02-20,0.511200008392334
2020-02-21,0.5415999984741211
2020-02-24,0.7006000137329101
2020-02-25,0.7570000076293946
2020-02-26,0.7511999893188477
2020-02-27,0.9831999969482421
2020-02-28,1.0022000122070311
2020-03-02,0.8683999633789062
2020-03-03,0.9363999938964844
2020-03-04,0.8397999954223633
2020-03-05,0.9923999786376954
2020-03-06,1.0387999725341797
2020-03-09,1.2891999816894533
2020-03-10,1.145999984741211
2020-03-11,1.2780000305175783
2020-03-12,1.7094000244140626
2020-03-13,1.3566000366210937
2020-03-16,1.853800048828125
2020-03-17,1.7182000732421876
2020-03-18,1.7289999389648438
2020-03-19,1.6400000000000001
2020-03-20,1.5208000183105468
2020-03-23,1.431800003051758
2020-03-24,1.4333999633789063
2020-03-25,1.479000015258789
2020-03-26,1.42
2020-03-27,1.510800018310547
2020-03-30,1.3416000366210938
2020-03-31,1.2708000183105468
2020-04-01,1.3412000274658205
2020-04-02,1.2181999969482422
2020-04-03,1.135999984741211
2020-04-06,1.104800033569336
2020-04-07,1.1340000152587892
2020-04-08,1.066999969482422
2020-04-09,1.0333999633789062
2020-04-13,1.0233999633789064
2020-04-14,0.9551999664306641
2020-04-15,1.0168000030517579
2020-04-16,1.0022000122070311
2020-04-17,0.9630000305175781
2020-04-20,1.0766000366210937
2020-04-21,1.1081999969482421
2020-04-22,1.0395999908447267
2020-04-23,1.0276000213623047
2020-04-24,0.9186000061035156
2020-04-27,0.8658000183105469
2020-04-28,0.8713999938964844
2020-04-29,0.8245999908447266
2020-04-30,0.8830000305175781
2020-05-01,0.9437999725341797
2020-05-04,0.9194000244140625
2020-05-05,0.8722000122070312
2020-05-06,0.8823999786376953
2020-05-07,0.8288000106811524
2020-05-08,0.7595999908447266
2020-05-11,0.7513999938964844
2020-05-12,0.8608000183105469
2020-05-13,0.9055999755859375
2020-05-14,0.8522000122070312
2020-05-15,0.8377999877929687
2020-05-18,0.7859999847412109
2020-05-19,0.8106000137329101
2020-05-20,0.7597999954223633
2020-05-21,0.7906000137329101
2020-05-22,0.7631999969482421
2020-05-26,0.7602000045776367
2020-05-27,0.752400016784668
2020-05-28,0.7718000030517578
2020-05-29,0.7502000045776367
2020-06-01,0.7645999908447265
2020-06-02,0.7368000030517579
2020-06-03,0.7131999969482422
2020-06-04,0.7161999893188477
2020-06-05,0.6904000091552734
2020-06-08,0.7161999893188477
2020-06-09,0.7513999938964844
2020-06-10,0.7513999938964844
2020-06-11,1.015800018310547
2020-06-12,0.9218000030517578
2020-06-15,0.8880000305175781
2020-06-16,0.8733999633789062
2020-06-17,0.8694000244140625
2020-06-18,0.8587999725341797
2020-06-19,0.9023999786376953
2020-06-22,0.8354000091552735
2020-06-23,0.827400016784668
2020-06-24,0.8768000030517578
2020-06-25,0.8444000244140626
2020-06-26,0.8945999908447266
2020-06-29,0.8356000137329102
2020-06-30,0.8086000061035157
2020-07-01,0.772400016784668
2020-07-02,0.7536000061035156
2020-07-06,0.7588000106811523
2020-07-07,0.7886000061035157
2020-07-08,0.7615999984741211
2020-07-09,0.7852000045776367
2020-07-10,0.7458000183105469
2020-07-13,0.8437999725341797
2020-07-14,0.7904000091552734
2020-07-15,0.7552000045776367
2020-07-16,0.76
2020-07-17,0.7136000061035156
2020-07-20,0.6891999816894532
2020-07-21,0.6968000030517578
2020-07-22,0.6863999938964844
2020-07-23,0.721599998474121
2020-07-24,0.7168000030517578
2020-07-27,0.6947999954223633
2020-07-28,0.7088000106811523
2020-07-29,0.6820000076293945
2020-07-30,0.6952000045776368
2020-07-31,0.6891999816894532
2020-08-03,0.6856000137329101
2020-08-04,0.6752000045776367
2020-08-05,0.6597999954223632
2020-08-06,0.6529999923706055
2020-08-07,0.6441999816894531
2020-08-10,0.6425999832153321
2020-08-11,0.6806000137329101
2020-08-12,0.6456000137329101
2020-08-13,0.6425999832153321
2020-08-14,0.6409999847412109
2020-08-17,0.6270000076293946
2020-08-18,0.6302000045776367
2020-08-19,0.6508000183105469
2020-08-20,0.6543999862670898
2020-08-21,0.6508000183105469
2020-08-24,0.647400016784668
2020-08-25,0.6406000137329102
2020-08-26,0.6654000091552734
2020-08-27,0.6893999862670899
2020-08-28,0.6591999816894532
2020-08-31,0.7281999969482422
2020-09-01,0.722400016784668
2020-09-02,0.7313999938964844
2020-09-03,0.8719999694824219
2020-09-04,0.815
2020-09-08,0.8291999816894531
2020-09-09,0.7761999893188476
2020-09-10,0.7941999816894532
2020-09-11,0.7374000167846679
2020-09-14,0.7170000076293945
2020-09-15,0.7118000030517578
2020-09-16,0.7208000183105469
2020-09-17,0.7291999816894531
2020-09-18,0.7165999984741211
2020-09-21,0.7556000137329102
2020-09-22,0.7372000122070312
2020-09-23,0.7715999984741211
2020-09-24,0.7702000045776367
2020-09-25,0.727599983215332
2020-09-28,0.7238000106811524
2020-09-29,0.7254000091552735
2020-09-30,0.7274000167846679
2020-10-01,0.7340000152587891
2020-10-02,0.7525999832153321
2020-10-05,0.7591999816894531
2020-10-06,0.7895999908447267
2020-10-07,0.7611999893188477
2020-10-08,0.7272000122070312
2020-10-09,0.7
2020-10-12,0.7013999938964843
2020-10-13,0.7213999938964843
2020-10-14,0.7279999923706055
2020-10-15,0.7393999862670899
2020-10-16,0.7481999969482422
2020-10-19,0.7836000061035157
2020-10-20,0.7870000076293946
2020-10-21,0.7729999923706055
2020-10-22,0.7622000122070313
2020-10-23,0.750999984741211
2020-10-26,0.8491999816894531
2020-10-27,0.8669999694824219
2020-10-28,1.0055999755859375
2020-10-29,0.9518000030517578
2020-10-30,0.9604000091552735
2020-11-02,0.9426000213623047
2020-11-03,0.9109999847412109
2020-11-04,0.7913999938964844
2020-11-05,0.7515999984741211
2020-11-06,0.6972000122070312
2020-11-09,0.715
2020-11-10,0.6959999847412109
2020-11-11,0.669000015258789
2020-11-12,0.7070000076293945
2020-11-13,0.6620000076293946
2020-11-16,0.649000015258789
2020-11-17,0.6541999816894531
2020-11-18,0.6768000030517578
2020-11-19,0.6622000122070313
2020-11-20,0.674000015258789
2020-11-23,0.6531999969482422
2020-11-24,0.6327999877929688
2020-11-25,0.625
2020-11-27,0.6168000030517579
2020-11-30,0.6113999938964844
2020-12-01,0.6154000091552735
2020-12-02,0.6234000015258789
2020-12-03,0.6256000137329102
2020-12-04,0.6158000183105469
2020-12-07,0.625999984741211
2020-12-08,0.6136000061035156
2020-12-09,0.6454000091552734
2020-12-10,0.6504000091552734
2020-12-11,0.6661999893188477
2020-12-14,0.6943999862670899
2020-12-15,0.6577999877929688
2020-12-16,0.65
2020-12-17,0.6386000061035156
2020-12-18,0.6313999938964844
2020-12-21,0.7031999969482422
2020-12-22,0.6845999908447266
2020-12-23,0.6661999893188477
2020-12-24,0.6306000137329102
2020-12-28,0.634000015258789
2020-12-29,0.6615999984741211
2020-12-30,0.6554000091552734
2020-12-31,0.655
2021-01-04,0.7393999862670899
2021-01-05,0.7068000030517578
2021-01-06,0.7013999938964843
2021-01-07,0.647400016784668
2021-01-08,0.6311999893188477
2021-01-11,0.6815999984741211
2021-01-12,0.6665999984741211
2021-01-13,0.6441999816894531
2021-01-14,0.665
2021-01-15,0.6868000030517578
2021-01-19,0.6647999954223633
2021-01-20,0.6315999984741211
2021-01-21,0.6263999938964844
2021-01-22,0.6381999969482421
2021-01-25,0.6638000106811524
2021-01-26,0.6604000091552734
2021-01-27,0.9441999816894531
2021-01-28,0.8041999816894532
2021-01-29,0.8618000030517579
2021-02-01,0.8047999954223632
2021-02-02,0.7111999893188476
2021-02-03,0.6581999969482422
2021-02-04,0.6354000091552734
2021-02-05,0.6174000167846679
2021-02-08,0.6247999954223633
2021-02-09,0.6325999832153321
2021-02-10,0.6397999954223633
2021-02-11,0.625
2021-02-12,0.5993999862670898
2021-02-16,0.6291999816894531
2021-02-17,0.63
2021-02-18,0.6497999954223632
2021-02-19,0.6409999847412109
2021-02-22,0.669000015258789
2021-02-23,0.6622000122070313
2021-02-24,0.6268000030517578
2021-02-25,0.7777999877929688
2021-02-26,0.759000015258789
2021-03-01,0.6670000076293945
2021-03-02,0.6820000076293945
2021-03-03,0.7334000015258789
2021-03-04,0.7713999938964844
2021-03-05,0.6931999969482422
2021-03-08,0.7093999862670899
2021-03-09,0.6806000137329101
2021-03-10,0.6511999893188476
2021-03-11,0.6381999969482421
2021-03-12,0.6138000106811523
2021-03-15,0.6006000137329102
2021-03-16,0.5958000183105469
2021-03-17,0.5845999908447266
2021-03-18,0.6315999984741211
2021-03-19,0.6190000152587891
2021-03-22,0.577599983215332
2021-03-23,0.605999984741211
2021-03-24,0.624000015258789
2021-03-25,0.5961999893188477
2021-03-26,0.5772000122070312
2021-03-29,0.6147999954223633
2021-03-30,0.5922000122070312
2021-03-31,0.5879999923706055
2021-04-01,0.5465999984741211
2021-04-05,0.5581999969482422
2021-04-06,0.562400016784668
2021-04-07,0.5431999969482422
2021-04-08,0.539000015258789
2021-04-09,0.5338000106811523
2021-04-12,0.5381999969482422
2021-04-13,0.5329999923706055
2021-04-14,0.5397999954223632
2021-04-15,0.5313999938964844
2021-04-16,0.525
2021-04-19,0.5458000183105469
2021-04-20,0.5736000061035156
2021-04-21,0.55
2021-04-22,0.5741999816894532
2021-04-23,0.5465999984741211
2021-04-26,0.5527999877929688
2021-04-27,0.5511999893188476
2021-04-28,0.5456000137329101
2021-04-29,0.5522000122070313
2021-04-30,0.5722000122070312
2021-05-03,0.5661999893188476
2021-05-04,0.5895999908447266
2021-05-05,0.5829999923706055
2021-05-06,0.5677999877929687
2021-05-07,0.5338000106811523
2021-05-10,0.5931999969482422
2021-05-11,0.6368000030517578
2021-05-12,0.7518000030517578
2021-05-13,0.662599983215332
2021-05-14,0.5761999893188476
2021-05-17,0.5943999862670899
2021-05-18,0.6268000030517578
2021-05-19,0.6436000061035156
2021-05-20,0.6134000015258789
2021-05-21,0.6029999923706055
2021-05-24,0.5679999923706055
2021-05-25,0.5768000030517578
2021-05-26,0.5472000122070313
2021-05-27,0.5347999954223632
2021-05-28,0.5352000045776367
2021-06-01,0.5579999923706055
2021-06-02,0.5495999908447265
2021-06-03,0.5608000183105468
2021-06-04,0.528400001525879
2021-06-07,0.528400001525879
2021-06-08,0.5413999938964844
2021-06-09,0.5577999877929688
2021-06-10,0.5220000076293946
2021-06-11,0.5129999923706055
2021-06-14,0.5277999877929688
2021-06-15,0.5404000091552734
2021-06-16,0.5629999923706055
2021-06-17,0.555
2021-06-18,0.6140000152587891
2021-06-21,0.5577999877929688
2021-06-22,0.5331999969482422
2021-06-23,0.5263999938964844
2021-06-24,0.5194000053405762
2021-06-25,0.5123999977111816
2021-06-28,0.5152000045776367
2021-06-29,0.5204000091552734
2021-06-30,0.5165999984741211
2021-07-01,0.5095999908447265
2021-07-02,0.5013999938964844
2021-07-06,0.5288000106811523
2021-07-07,0.524000015258789
2021-07-08,0.58
2021-07-09,0.5236000061035156
2021-07-12,0.523400001525879
2021-07-13,0.542400016784668
2021-07-14,0.5265999984741211
2021-07-15,0.5402000045776367
2021-07-16,0.5690000152587891
2021-07-19,0.65
2021-07-20,0.5945999908447266
2021-07-21,0.5581999969482422
2021-07-22,0.5538000106811524
2021-07-23,0.544000015258789
2021-07-26,0.5515999984741211
2021-07-27,0.5872000122070312
2021-07-28,0.5661999893188476
2021-07-29,0.5540000152587891
2021-07-30,0.5647999954223633
2021-08-02,0.5891999816894531
2021-08-03,0.5608000183105468
2021-08-04,0.5593999862670899
2021-08-05,0.5456000137329101
2021-08-06,0.5229999923706055
2021-08-09,0.5343999862670898
2021-08-10,0.5358000183105469
2021-08-11,0.523400001525879
2021-08-12,0.5118000030517578
2021-08-13,0.5089999961853028
2021-08-16,0.522400016784668
2021-08-17,0.5581999969482422
2021-08-18,0.6313999938964844
2021-08-19,0.6334000015258789
2021-08-20,0.5711999893188476
2021-08-23,0.5429999923706055
2021-08-24,0.5443999862670899
2021-08-25,0.5358000183105469
2021-08-26,0.5768000030517578
2021-08-27,0.5277999877929688
2021-08-30,0.5238000106811523
2021-08-31,0.5295999908447265
2021-09-01,0.5222000122070313
2021-09-02,0.5281999969482422
2021-09-03,0.5281999969482422
2021-09-07,0.5627999877929688
2021-09-08,0.5591999816894532
2021-09-09,0.575999984741211
2021-09-10,0.6190000152587891
2021-09-13,0.587400016784668
2021-09-14,0.5891999816894531
2021-09-15,0.5636000061035156
2021-09-16,0.5738000106811524
2021-09-17,0.6161999893188477
2021-09-20,0.7141999816894531
2021-09-21,0.6872000122070312
2021-09-22,0.6174000167846679
2021-09-23,0.572599983215332
2021-09-24,0.555
2021-09-27,0.5752000045776368
2021-09-28,0.665
2021-09-29,0.6511999893188476
2021-09-30,0.6627999877929688
2021-10-01,0.6220000076293946
2021-10-04,0.6591999816894532
2021-10-05,0.625999984741211
2021-10-06,0.62
2021-10-07,0.5908000183105468
2021-10-08,0.5754000091552735
2021-10-11,0.6
2021-10-12,0.5970000076293945
2021-10-13,0.5727999877929688
2021-10-14,0.5372000122070313
2021-10-15,0.5259999847412109
2021-10-18,0.5261999893188477
2021-10-19,0.5139999961853028
2021-10-20,0.5097999954223633
2021-10-21,0.5002000045776367
2021-10-22,0.5086000061035156
2021-10-25,0.5047999954223633
2021-10-26,0.5195999908447265
2021-10-27,0.5395999908447265
2021-10-28,0.5306000137329101
2021-10-29,0.5252000045776367
2021-11-01,0.5281999969482422
2021-11-02,0.5206000137329102
2021-11-03,0.5020000076293946
2021-11-04,0.508799991607666
2021-11-05,0.5295999908447265
2021-11-08,0.5443999862670899
2021-11-09,0.5556000137329101
2021-11-10,0.5745999908447266
2021-11-11,0.5531999969482422
2021-11-12,0.5258000183105469
2021-11-15,0.5297999954223633
2021-11-16,0.527400016784668
2021-11-17,0.5422000122070313
2021-11-18,0.5518000030517578
2021-11-19,0.5581999969482422
2021-11-22,0.5834000015258789
2021-11-23,0.587599983215332
2021-11-24,0.5715999984741211
2021-11-26,0.772400016784668
2021-11-29,0.6591999816894532
2021-11-30,0.7438000106811523
2021-12-01,0.8224000167846679
2021-12-02,0.759000015258789
2021-12-03,0.8134000015258789
2021-12-06,0.7436000061035156
2021-12-07,0.6377999877929688
2021-12-08,0.5979999923706054
2021-12-09,0.6315999984741211
2021-12-10,0.5738000106811524
2021-12-13,0.6061999893188477
2021-12-14,0.6377999877929688
2021-12-15,0.5858000183105468
2021-12-16,0.6113999938964844
2021-12-17,0.6313999938964844
2021-12-20,0.657400016784668
2021-12-21,0.6202000045776367
2021-12-22,0.572599983215332
2021-12-23,0.5591999816894532
2021-12-27,0.5536000061035157
2021-12-28,0.5508000183105469
2021-12-29,0.539000015258789
2021-12-30,0.5465999984741211
2021-12-31,0.5443999862670899
2022-01-03,0.5320000076293945
2022-01-04,0.5381999969482422
2022-01-05,0.5945999908447266
2022-01-06,0.5922000122070312
2022-01-07,0.5752000045776368
2022-01-10,0.5879999923706055
2022-01-11,0.5681999969482422
2022-01-12,0.552400016784668
2022-01-13,0.6061999893188477
2022-01-14,0.5838000106811524
2022-01-18,0.6558000183105469
2022-01-19,0.6770000076293945
2022-01-20,0.7118000030517578
2022-01-21,0.7770000076293946
2022-01-24,0.7979999923706055
2022-01-25,0.8231999969482422
2022-01-26,0.8391999816894531
2022-01-27,0.8097999954223634
2022-01-28,0.7531999969482421
2022-01-31,0.6965999984741211
2022-02-01,0.6391999816894531
2022-02-02,0.6418000030517579
2022-02-03,0.6870000076293945
2022-02-04,0.6643999862670898
2022-02-07,0.6572000122070313
2022-02-08,0.6288000106811523
2022-02-09,0.5991999816894531
2022-02-10,0.6781999969482422
2022-02-11,0.7472000122070312
2022-02-14,0.7665999984741211
2022-02-15,0.7140000152587891
2022-02-16,0.6858000183105468
2022-02-17,0.7622000122070313
2022-02-18,0.755
2022-02-22,0.7761999893188476
2022-02-23,0.8204000091552734
2022-02-24,0.8063999938964843
2022-02-25,0.7518000030517578
2022-02-28,0.8029999923706055
2022-03-01,0.8663999938964844
2022-03-02,0.8147999954223633
2022-03-03,0.8095999908447266
2022-03-04,0.8395999908447266
2022-03-07,0.9290000152587891
2022-03-08,0.9026000213623047
2022-03-09,0.8490000152587891
2022-03-10,0.8045999908447266
2022-03-11,0.815
2022-03-14,0.8354000091552735
2022-03-15,0.7965999984741211
2022-03-16,0.7334000015258789
2022-03-17,0.7134000015258789
2022-03-18,0.677400016784668
2022-03-21,0.6706000137329102
2022-03-22,0.6588000106811523
2022-03-23,0.6713999938964844
2022-03-24,0.6334000015258789
2022-03-25,0.6161999893188477
2022-03-28,0.592599983215332
2022-03-29,0.5779999923706055
2022-03-30,0.5865999984741211
2022-03-31,0.6111999893188477
2022-04-01,0.592599983215332
2022-04-04,0.5713999938964844
2022-04-05,0.6206000137329102
2022-04-06,0.6420000076293946
2022-04-07,0.6309999847412109
2022-04-08,0.6231999969482422
2022-04-11,0.687400016784668
2022-04-12,0.6852000045776367
2022-04-13,0.6363999938964844
2022-04-14,0.654000015258789
2022-04-18,0.643400001525879
2022-04-19,0.627400016784668
2022-04-20,0.6063999938964844
2022-04-21,0.6536000061035157
2022-04-22,0.7641999816894531
2022-04-25,0.7404000091552734
2022-04-26,0.8704000091552735
2022-04-27,0.8320000076293945
2022-04-28,0.7997999954223634
2022-04-29,0.8680000305175781
2022-05-02,0.8468000030517578
2022-05-03,0.785
2022-05-04,0.7084000015258789
2022-05-05,0.8240000152587891
2022-05-06,0.8038000106811524
2022-05-09,0.895
2022-05-10,0.8598000335693359
2022-05-11,0.8512000274658202
2022-05-12,0.8354000091552735
2022-05-13,0.777400016784668
2022-05-16,0.7493999862670898
2022-05-17,0.7220000076293945
2022-05-18,0.8191999816894531
2022-05-19,0.7870000076293946
2022-05-20,0.7886000061035157
2022-05-23,0.7695999908447266
2022-05-24,0.789000015258789
2022-05-25,0.767400016784668
2022-05-26,0.75
2022-05-27,0.7143999862670898
2022-05-31,0.7238000106811524
2022-06-01,0.7138000106811524
2022-06-02,0.6943999862670899
2022-06-03,0.6958000183105468
2022-06-06,0.7013999938964843
2022-06-07,0.6804000091552734
2022-06-08,0.6791999816894532
2022-06-09,0.7218000030517578
2022-06-10,0.755
2022-06-13,0.8804000091552735
2022-06-14,0.8537999725341797
2022-06-15,0.792400016784668
2022-06-16,0.8590000152587891
2022-06-17,0.8225999832153321
2022-06-21,0.8038000106811524
2022-06-22,0.779000015258789
2022-06-23,0.780999984741211
2022-06-24,0.7445999908447265
2022-06-27,0.739000015258789
2022-06-28,0.7672000122070313
2022-06-29,0.7631999969482421
2022-06-30,0.7741999816894531
2022-07-01,0.7340000152587891
2022-07-05,0.7508000183105469
2022-07-06,0.7345999908447266
2022-07-07,0.721599998474121
2022-07-08,0.6927999877929687
2022-07-11,0.7234000015258789
2022-07-12,0.7458000183105469
2022-07-13,0.7363999938964844
2022-07-14,0.7279999923706055
2022-07-15,0.6845999908447266
2022-07-18,0.705999984741211
2022-07-19,0.69
2022-07-20,0.6775999832153321
2022-07-21,0.6622000122070313
2022-07-22,0.6606000137329102
2022-07-25,0.6672000122070313
2022-07-26,0.6938000106811524
2022-07-27,0.6647999954223633
2022-07-28,0.6465999984741211
2022-07-29,0.6265999984741211
2022-08-01,0.6568000030517578
2022-08-02,0.6786000061035156
2022-08-03,0.6390000152587891
2022-08-04,0.6288000106811523
2022-08-05,0.6229999923706054
2022-08-08,0.6258000183105469
2022-08-09,0.6354000091552734
2022-08-10,0.5947999954223633
2022-08-11,0.6040000152587891
2022-08-12,0.5906000137329102
2022-08-15,0.5990000152587891
2022-08-16,0.5938000106811523
2022-08-17,0.5979999923706054
2022-08-18,0.5911999893188477
2022-08-19,0.6120000076293945
2022-08-22,0.6759999847412109
2022-08-23,0.6822000122070313
2022-08-24,0.6563999938964844
2022-08-25,0.6356000137329102
2022-08-26,0.7111999893188476
2022-08-29,0.7241999816894531
2022-08-30,0.7241999816894531
2022-08-31,0.7174000167846679
2022-09-01,0.7111999893188476
2022-09-02,0.7093999862670899
2022-09-06,0.7381999969482422
2022-09-07,0.6927999877929687
2022-09-08,0.6722000122070313
2022-09-09,0.6558000183105469
2022-09-12,0.677400016784668
2022-09-13,0.7454000091552735
2022-09-14,0.7231999969482422
2022-09-15,0.7254000091552735
2022-09-16,0.725999984741211
2022-09-19,0.7152000045776368
2022-09-20,0.7431999969482421
2022-09-21,0.7597999954223633
2022-09-22,0.7470000076293946
2022-09-23,0.798400001525879
2022-09-26,0.8451999664306641
2022-09-27,0.8519999694824218
2022-09-28,0.8036000061035156
2022-09-29,0.8368000030517578
2022-09-30,0.8324000167846679
2022-10-03,0.8020000076293945
2022-10-04,0.7813999938964844
2022-10-05,0.770999984741211
2022-10-06,0.8104000091552734
2022-10-07,0.8272000122070313
2022-10-10,0.8490000152587891
2022-10-11,0.8726000213623046
2022-10-12,0.8713999938964844
2022-10-13,0.8388000106811524
2022-10-14,0.8404000091552735
2022-10-17,0.827400016784668
2022-10-18,0.81
2022-10-19,0.8152000045776367
2022-10-20,0.7995999908447265
2022-10-21,0.7938000106811524
2022-10-24,0.7970000076293946
2022-10-25,0.7691999816894531
2022-10-26,0.7456000137329102
2022-10-27,0.7477999877929687
2022-10-28,0.715
2022-10-31,0.717599983215332
2022-11-01,0.7161999893188477
2022-11-02,0.7172000122070312
2022-11-03,0.705999984741211
2022-11-04,0.6909999847412109
2022-11-07,0.6870000076293945
2022-11-08,0.7108000183105468
2022-11-09,0.7218000030517578
2022-11-10,0.6706000137329102
2022-11-11,0.6504000091552734
2022-11-14,0.6745999908447265
2022-11-15,0.6908000183105469
2022-11-16,0.6822000122070313
2022-11-17,0.6786000061035156
2022-11-18,0.662400016784668
2022-11-21,0.6472000122070313
2022-11-22,0.6258000183105469
2022-11-23,0.6070000076293945
2022-11-25,0.61
2022-11-28,0.6441999816894531
2022-11-29,0.6377999877929688
2022-11-30,0.611599998474121
2022-12-01,0.5968000030517578
2022-12-02,0.5811999893188476
2022-12-05,0.615
2022-12-06,0.643400001525879
2022-12-07,0.6536000061035157
2022-12-08,0.6458000183105469
2022-12-09,0.6565999984741211
2022-12-12,0.7
2022-12-13,0.6509999847412109
2022-12-14,0.6227999877929687
2022-12-15,0.6565999984741211
2022-12-16,0.652400016784668
2022-12-19,0.6484000015258788
2022-12-20,0.6295999908447265
2022-12-21,0.6013999938964844
2022-12-22,0.6393999862670898
2022-12-23,0.6174000167846679
2022-12-27,0.6329999923706054
2022-12-28,0.6427999877929688
2022-12-29,0.6288000106811523
2022-12-30,0.6334000015258789
2023-01-03,0.6579999923706055
2023-01-04,0.6402000045776367
2023-01-05,0.6491999816894531
2023-01-06,0.622599983215332
2023-01-09,0.6393999862670898
2023-01-10,0.611599998474121
2023-01-11,0.6218000030517579
2023-01-12,0.5765999984741211
2023-01-13,0.5670000076293945
2023-01-17,0.5872000122070312
2023-01-18,0.6068000030517579
2023-01-19,0.6104000091552735
2023-01-20,0.5970000076293945
2023-01-23,0.5961999893188477
2023-01-24,0.5840000152587891
2023-01-25,0.5815999984741211
2023-01-26,0.5745999908447266
2023-01-27,0.5702000045776368
2023-01-30,0.5988000106811524
2023-01-31,0.5879999923706055
2023-02-01,0.557400016784668
2023-02-02,0.5745999908447266
2023-02-03,0.5665999984741211
2023-02-06,0.5886000061035156
2023-02-07,0.5731999969482422
2023-02-08,0.592599983215332
2023-02-09,0.6141999816894531
2023-02-10,0.6106000137329102
2023-02-13,0.6068000030517579
2023-02-14,0.5781999969482422
2023-02-15,0.5645999908447266
2023-02-16,0.6034000015258789
2023-02-17,0.6004000091552735
2023-02-21,0.657400016784668
2023-02-22,0.6458000183105469
2023-02-23,0.6227999877929687
2023-02-24,0.6334000015258789
2023-02-27,0.6190000152587891
2023-02-28,0.6140000152587891
2023-03-01,0.611599998474121
2023-03-02,0.5918000030517578
2023-03-03,0.5697999954223633
2023-03-06,0.5722000122070312
2023-03-07,0.5918000030517578
2023-03-08,0.5822000122070312
2023-03-09,0.6522000122070313
2023-03-10,0.6959999847412109
2023-03-13,0.7304000091552735
2023-03-14,0.6745999908447265
2023-03-15,0.7227999877929687
2023-03-16,0.6597999954223632
2023-03-17,0.7102000045776367
2023-03-20,0.6829999923706055
2023-03-21,0.6275999832153321
2023-03-22,0.6452000045776367
2023-03-23,0.6522000122070313
2023-03-24,0.6347999954223633
2023-03-27,0.6120000076293945
2023-03-28,0.5993999862670898
2023-03-29,0.582400016784668
2023-03-30,0.5804000091552735
2023-03-31,0.5740000152587891
2023-04-03,0.5709999847412109
2023-04-04,0.58
2023-04-05,0.5815999984741211
2023-04-06,0.5679999923706055
2023-04-10,0.5793999862670899
2023-04-11,0.5820000076293945
2023-04-12,0.5818000030517578
2023-04-13,0.5559999847412109
2023-04-14,0.5413999938964844
2023-04-17,0.539000015258789
2023-04-18,0.5365999984741211
2023-04-19,0.5291999816894531
2023-04-20,0.5434000015258789
2023-04-21,0.5354000091552734
2023-04-24,0.5377999877929688
2023-04-25,0.5752000045776368
2023-04-26,0.5768000030517578
2023-04-27,0.5406000137329101
2023-04-28,0.5155999946594239
2023-05-01,0.5215999984741211
2023-05-02,0.5556000137329101
2023-05-03,0.5668000030517578
2023-05-04,0.6018000030517578
2023-05-05,0.5438000106811524
2023-05-08,0.5395999908447265
2023-05-09,0.5541999816894532
2023-05-10,0.5388000106811524
2023-05-11,0.5386000061035157
2023-05-12,0.5406000137329101
2023-05-15,0.542400016784668
2023-05-16,0.5597999954223633
2023-05-17,0.537400016784668
2023-05-18,0.5209999847412109
2023-05-19,0.5361999893188476
2023-05-22,0.5441999816894532
2023-05-23,0.5706000137329101
2023-05-24,0.6006000137329102
2023-05-25,0.5827999877929687
2023-05-26,0.5590000152587891
2023-05-30,0.5491999816894532
2023-05-31,0.5588000106811524
2023-06-01,0.5129999923706055
2023-06-02,0.49200000762939455
2023-06-05,0.49459999084472656
2023-06-06,0.47920000076293945
2023-06-07,0.478799991607666
2023-06-08,0.47299999237060547
2023-06-09,0.4765999984741211
2023-06-12,0.5002000045776367
2023-06-13,0.4921999931335449
2023-06-14,0.4776000022888184
2023-06-15,0.49
2023-06-16,0.47079999923706056
2023-06-20,0.4776000022888184
2023-06-21,0.46399999618530274
2023-06-22,0.4581999969482422
2023-06-23,0.468799991607666
2023-06-26,0.485
2023-06-27,0.4747999954223633
2023-06-28,0.4686000061035156
2023-06-29,0.47079999923706056
2023-06-30,0.4718000030517578
2023-07-03,0.47139999389648435
2023-07-05,0.4836000061035156
2023-07-06,0.508799991607666
2023-07-07,0.4965999984741211
2023-07-10,0.5013999938964844
2023-07-11,0.4968000030517578
2023-07-12,0.47079999923706056
2023-07-13,0.47219999313354494
2023-07-14,0.46680000305175784
2023-07-17,0.4695999908447266
2023-07-18,0.46600000381469725
2023-07-19,0.4752000045776367
2023-07-20,0.4797999954223633
2023-07-21,0.47200000762939454
2023-07-24,0.47819999694824217
2023-07-25,0.47719999313354494
2023-07-26,0.463799991607666
2023-07-27,0.4881999969482422
2023-07-28,0.4665999984741211
2023-07-31,0.4726000022888184
2023-08-01,0.4786000061035156
2023-08-02,0.5218000030517578
2023-08-03,0.518400001525879
2023-08-04,0.5420000076293945
2023-08-07,0.5154000091552734
2023-08-08,0.5197999954223633
2023-08-09,0.5192000007629395
2023-08-10,0.5170000076293946
2023-08-11,0.4968000030517578
2023-08-14,0.49639999389648437
2023-08-15,0.5291999816894531
2023-08-16,0.5356000137329101
2023-08-17,0.5577999877929688
2023-08-18,0.5459999847412109
2023-08-21,0.542599983215332
2023-08-22,0.5393999862670898
2023-08-23,0.5195999908447265
2023-08-24,0.544000015258789
2023-08-25,0.5136000061035156
2023-08-28,0.5015999984741211
2023-08-29,0.4889999961853027
2023-08-30,0.4776000022888184
2023-08-31,0.47139999389648435
2023-09-01,0.46180000305175783
2023-09-05,0.48020000457763673
2023-09-06,0.4889999961853027
2023-09-07,0.4879999923706055
2023-09-08,0.4768000030517578
2023-09-11,0.47600000381469726
2023-09-12,0.48459999084472655
2023-09-13,0.4695999908447266
2023-09-14,0.4563999938964844
2023-09-15,0.47579999923706057
2023-09-18,0.48
2023-09-19,0.48219999313354495
2023-09-20,0.5028000068664551
2023-09-21,0.5508000183105469
2023-09-22,0.544000015258789
2023-09-25,0.5379999923706055
2023-09-26,0.5788000106811524
2023-09-27,0.5643999862670899
2023-09-28,0.5468000030517578
2023-09-29,0.5504000091552734
2023-10-02,0.5522000122070313
2023-10-03,0.5956000137329102
2023-10-04,0.5715999984741211
2023-10-05,0.5697999954223633
2023-10-06,0.549000015258789
2023-10-09,0.5540000152587891
2023-10-10,0.5406000137329101
2023-10-11,0.5218000030517578
2023-10-12,0.5338000106811523
2023-10-13,0.5863999938964843
2023-10-16,0.5441999816894532
2023-10-17,0.557599983215332
2023-10-18,0.5843999862670899
2023-10-19,0.6279999923706054
2023-10-20,0.6341999816894531
2023-10-23,0.6074000167846679
2023-10-24,0.5793999862670899
2023-10-25,0.6038000106811523
2023-10-26,0.6136000061035156
2023-10-27,0.6254000091552734
2023-10-30,0.595
2023-10-31,0.5627999877929688
2023-11-01,0.537400016784668
2023-11-02,0.5131999969482421
2023-11-03,0.4981999969482422
2023-11-06,0.4978000068664551
2023-11-07,0.49620000839233397
2023-11-08,0.4889999961853027
2023-11-09,0.5057999992370605
2023-11-10,0.4834000015258789
2023-11-13,0.49520000457763674
2023-11-14,0.48319999694824217
2023-11-15,0.4836000061035156
2023-11-16,0.48639999389648436
2023-11-17,0.47600000381469726
2023-11-20,0.4681999969482422
2023-11-21,0.46700000762939453
2023-11-22,0.4570000076293945
2023-11-24,0.4492000007629394
2023-11-27,0.45379999160766604
2023-11-28,0.45379999160766604
2023-11-29,0.4595999908447266
2023-11-30,0.4584000015258789
2023-12-01,0.45260000228881836
2023-12-04,0.4615999984741211
2023-12-05,0.4570000076293945
2023-12-06,0.4594000053405762
2023-12-07,0.461200008392334
2023-12-08,0.4470000076293945
2023-12-11,0.45260000228881836
2023-12-12,0.4413999938964844
2023-12-13,0.44379999160766603
2023-12-14,0.44959999084472657
2023-12-15,0.44559999465942385
2023-12-18,0.451200008392334
2023-12-19,0.4505999946594238
2023-12-20,0.4734000015258789
2023-12-21,0.47299999237060547
2023-12-22,0.4605999946594238
2023-12-26,0.4597999954223633
2023-12-27,0.44860000610351564
2023-12-28,0.44940000534057617
2023-12-29,0.44899999618530273
2024-01-02,0.46399999618530274
2024-01-03,0.48079999923706057
2024-01-04,0.4826000022888184
2024-01-05,0.46700000762939453
2024-01-08,0.4615999984741211
2024-01-09,0.4552000045776367
2024-01-10,0.45379999160766604
2024-01-11,0.44879999160766604
2024-01-12,0.45399999618530273
2024-01-16,0.4768000030517578
2024-01-17,0.49579999923706053
2024-01-18,0.4826000022888184
2024-01-19,0.46600000381469725
2024-01-22,0.463799991607666
2024-01-23,0.4510000038146973
2024-01-24,0.46280000686645506
2024-01-25,0.46899999618530275
2024-01-26,0.4652000045776367
2024-01-29,0.47200000762939454
2024-01-30,0.466200008392334
2024-01-31,0.48700000762939455
2024-02-01,0.4776000022888184
2024-02-02,0.47700000762939454
2024-02-05,0.4734000015258789
2024-02-06,0.461200008392334
2024-02-07,0.4565999984741211
2024-02-08,0.45579999923706055
2024-02-09,0.45860000610351564
2024-02-12,0.4786000061035156
2024-02-13,0.5170000076293946
2024-02-14,0.48760000228881833
2024-02-15,0.48020000457763673
2024-02-16,0.4847999954223633
2024-02-20,0.5084000015258789
2024-02-21,0.5068000030517578
2024-02-22,0.4907999992370605
2024-02-23,0.475
2024-02-26,0.4747999954223633
2024-02-27,0.4686000061035156
2024-02-28,0.4768000030517578
2024-02-29,0.46799999237060547
2024-03-01,0.46219999313354493
2024-03-04,0.4697999954223633
2024-03-05,0.48920000076293946
2024-03-06,0.49
2024-03-07,0.488799991607666
2024-03-08,0.4947999954223633
2024-03-11,0.5044000053405762
2024-03-12,0.4768000030517578
2024-03-13,0.475
2024-03-14,0.4879999923706055
2024-03-15,0.4881999969482422
2024-03-18,0.4865999984741211
2024-03-19,0.47639999389648435
2024-03-20,0.46079999923706055
2024-03-21,0.4584000015258789
2024-03-22,0.461200008392334
2024-03-25,0.463799991607666
2024-03-26,0.4647999954223633
2024-03-27,0.4555999946594238
2024-03-28,0.4602000045776367
2024-04-01,0.47299999237060547
2024-04-02,0.4921999931335449
2024-04-03,0.4865999984741211
2024-04-04,0.5270000076293946
2024-04-05,0.5206000137329102
2024-04-08,0.503799991607666
2024-04-09,0.49959999084472656
2024-04-10,0.5160000038146972
2024-04-11,0.4981999969482422
2024-04-12,0.5461999893188476
2024-04-15,0.5845999908447266
2024-04-16,0.5679999923706055
2024-04-17,0.5641999816894532
2024-04-18,0.56
2024-04-19,0.5741999816894532
2024-04-22,0.5388000106811524
2024-04-23,0.513799991607666
2024-04-24,0.5194000053405762
2024-04-25,0.5073999977111816
2024-04-26,0.5005999946594238
2024-04-29,0.49340000152587893
2024-04-30,0.5129999923706055
2024-05-01,0.5078000068664551
2024-05-02,0.4936000061035156
2024-05-03,0.4697999954223633
2024-05-06,0.4697999954223633
2024-05-07,0.4645999908447266
2024-05-08,0.46
2024-05-09,0.45379999160766604
2024-05-10,0.4510000038146973
2024-05-13,0.47200000762939454
2024-05-14,0.4684000015258789
2024-05-15,0.44899999618530273
2024-05-16,0.4484000015258789
2024-05-17,0.43979999542236325
2024-05-20,0.44299999237060544
2024-05-21,0.4371999931335449
2024-05-22,0.44579999923706054
2024-05-23,0.45540000915527346
2024-05-24,0.4386000061035156
2024-05-28,0.4584000015258789
2024-05-29,0.48559999465942383
2024-05-30,0.48940000534057615
2024-05-31,0.4584000015258789
2024-06-03,0.46219999313354493
2024-06-04,0.4631999969482422
2024-06-05,0.45260000228881836
2024-06-06,0.4515999984741211
2024-06-07,0.44440000534057617
2024-06-10,0.45479999542236327
2024-06-11,0.4570000076293945
2024-06-12,0.44079999923706054
2024-06-13,0.43879999160766603
2024-06-14,0.4531999969482422
2024-06-17,0.455
2024-06-18,0.4460000038146973
2024-06-20,0.4655999946594238
2024-06-21,0.46399999618530274
2024-06-24,0.4665999984741211
2024-06-25,0.45680000305175783
2024-06-26,0.4510000038146973
2024-06-27,0.44479999542236326
2024-06-28,0.44879999160766604
2024-07-01,0.44440000534057617
2024-07-02,0.44059999465942384
2024-07-03,0.4418000030517578
2024-07-05,0.44959999084472657
2024-07-08,0.44739999771118166
2024-07-09,0.4502000045776367
2024-07-10,0.4570000076293945
2024-07-11,0.4584000015258789
2024-07-12,0.4492000007629394
2024-07-15,0.4623999977111816
2024-07-16,0.463799991607666
2024-07-17,0.48959999084472655
2024-07-18,0.5186000061035156
2024-07-19,0.5304000091552734
2024-07-22,0.4981999969482422
2024-07-23,0.49440000534057615
2024-07-24,0.5608000183105468
2024-07-25,0.5691999816894531
2024-07-26,0.5277999877929688
2024-07-29,0.5320000076293945
2024-07-30,0.5538000106811524
2024-07-31,0.5272000122070313
2024-08-01,0.5718000030517578
2024-08-02,0.6677999877929688
2024-08-05,0.9713999938964843
2024-08-06,0.7541999816894531
2024-08-07,0.7570000076293946
2024-08-08,0.6758000183105468
2024-08-09,0.6074000167846679
2024-08-12,0.6141999816894531
2024-08-13,0.562400016784668
2024-08-14,0.5238000106811523
2024-08-15,0.5045999908447265
2024-08-16,0.4960000038146973
2024-08-19,0.4929999923706055
2024-08-20,0.5176000022888183
2024-08-21,0.5254000091552734
2024-08-22,0.5509999847412109
2024-08-23,0.5171999931335449
2024-08-26,0.5229999923706055
2024-08-27,0.5086000061035156
2024-08-28,0.5422000122070313
2024-08-29,0.5129999923706055
2024-08-30,0.5
2024-09-03,0.6143999862670898
2024-09-04,0.6263999938964844
2024-09-05,0.5979999923706054
2024-09-06,0.6475999832153321
2024-09-09,0.5890000152587891
2024-09-10,0.5815999984741211
2024-09-11,0.5538000106811524
2024-09-12,0.5413999938964844
2024-09-13,0.5311999893188477
2024-09-16,0.5427999877929688
2024-09-17,0.5522000122070313
2024-09-18,0.5645999908447266
2024-09-19,0.5265999984741211
2024-09-20,0.5229999923706055
2024-09-23,0.5178000068664551
2024-09-24,0.5078000068664551
2024-09-25,0.5081999969482421
2024-09-26,0.5073999977111816
2024-09-27,0.5391999816894532
2024-09-30,0.5345999908447265
2024-10-01,0.5852000045776368
2024-10-02,0.5779999923706055
2024-10-03,0.6097999954223633
2024-10-04,0.5841999816894531
2024-10-07,0.6527999877929688
2024-10-08,0.6284000015258789
2024-10-09,0.6172000122070312
2024-10-10,0.6186000061035156
2024-10-11,0.6091999816894531
2024-10-14,0.5940000152587891
2024-10-15,0.6127999877929687
2024-10-16,0.5915999984741211
2024-10-17,0.5822000122070312
2024-10-18,0.5606000137329101
2024-10-21,0.567400016784668
2024-10-22,0.5640000152587891
2024-10-23,0.5847999954223633
2024-10-24,0.5815999984741211
2024-10-25,0.606599998474121
2024-10-28,0.595999984741211
2024-10-29,0.5868000030517578
2024-10-30,0.6070000076293945
2024-10-31,0.6631999969482422
2024-11-01,0.6375999832153321
2024-11-04,0.6395999908447265
2024-11-05,0.6097999954223633
2024-11-06,0.5254000091552734
2024-11-07,0.5039999961853028
2024-11-08,0.498799991607666
2024-11-11,0.49940000534057616
2024-11-12,0.49420000076293946
2024-11-13,0.4804000091552734
2024-11-14,0.48620000839233396
2024-11-15,0.5227999877929688
2024-11-18,0.5115999984741211
2024-11-19,0.5270000076293946
2024-11-20,0.5431999969482422
2024-11-21,0.537400016784668
2024-11-22,0.5047999954223633
2024-11-25,0.49200000762939455
2024-11-26,0.48200000762939454
2024-11-27,0.48200000762939454
2024-11-29,0.4702000045776367
2024-12-02,0.46680000305175784
2024-12-03,0.46600000381469725
2024-12-04,0.46899999618530275
2024-12-05,0.47079999923706056
2024-12-06,0.45540000915527346
2024-12-09,0.483799991607666
2024-12-10,0.4836000061035156
2024-12-11,0.4715999984741211
2024-12-12,0.4784000015258789
2024-12-13,0.476200008392334
2024-12-16,0.493799991607666
2024-12-17,0.5173999977111816
2024-12-18,0.752400016784668
2024-12-19,0.6818000030517578
2024-12-20,0.5672000122070313
2024-12-23,0.5356000137329101
2024-12-24,0.4854000091552734
2024-12-26,0.49459999084472656
2024-12-27,0.5189999961853027
2024-12-30,0.5479999923706055
2024-12-31,0.5470000076293945
2025-01-02,0.5586000061035157
2025-01-03,0.5225999832153321
2025-01-06,0.5208000183105469
2025-01-07,0.5563999938964844
2025-01-08,0.5540000152587891
2025-01-10,0.5908000183105468
2025-01-13,0.5838000106811524
2025-01-14,0.5741999816894532
2025-01-15,0.522400016784668
2025-01-16,0.5320000076293945
2025-01-17,0.5194000053405762
2025-01-21,0.501200008392334
2025-01-22,0.5020000076293946
2025-01-23,0.5004000091552734
2025-01-24,0.49700000762939456
2025-01-27,0.5579999923706055
2025-01-28,0.5281999969482422
2025-01-29,0.5311999893188477
2025-01-30,0.5168000030517578
2025-01-31,0.5286000061035157
2025-02-03,0.572400016784668
2025-02-04,0.5441999816894532
2025-02-05,0.5154000091552734
2025-02-06,0.51
2025-02-07,0.5308000183105469
2025-02-10,0.5162000083923339
2025-02-11,0.5204000091552734
2025-02-12,0.5178000068664551
2025-02-13,0.5020000076293946
2025-02-14,0.49540000915527344
2025-02-18,0.5070000076293946
2025-02-19,0.5054000091552734
2025-02-20,0.5131999969482421
2025-02-21,0.5641999816894532
2025-02-24,0.5795999908447266
2025-02-25,0.5886000061035156
2025-02-26,0.5820000076293945
2025-02-27,0.622599983215332
2025-02-28,0.592599983215332
2025-03-03,0.6556000137329101
2025-03-04,0.6702000045776367
2025-03-05,0.6386000061035156
2025-03-06,0.697400016784668
2025-03-07,0.667400016784668
2025-03-10,0.7572000122070313
2025-03-11,0.7384000015258789
2025-03-12,0.6845999908447266
2025-03-13,0.6931999969482422
2025-03-14,0.6354000091552734
2025-03-17,0.6102000045776367
2025-03-18,0.634000015258789
2025-03-19,0.5979999923706054
2025-03-20,0.595999984741211
2025-03-21,0.5856000137329102
2025-03-24,0.5495999908447265
2025-03-25,0.5429999923706055
2025-03-26,0.5665999984741211
2025-03-27,0.5738000106811524
2025-03-28,0.6329999923706054
2025-03-31,0.6456000137329101
2025-04-01,0.6354000091552734
2025-04-02,0.6302000045776367
2025-04-03,0.8004000091552734
2025-04-04,1.1062000274658204
2025-04-07,1.1395999908447267
2025-04-08,1.2466000366210936
2025-04-09,0.8723999786376953
2025-04-10,1.0144000244140625
2025-04-11,0.9512000274658203
2025-04-14,0.8177999877929687
2025-04-15,0.802400016784668
2025-04-16,0.8527999877929688
2025-04-17,0.7929999923706055
2025-04-21,0.8763999938964844
2025-04-22,0.8113999938964844
2025-04-23,0.769000015258789
2025-04-24,0.7293999862670899
2025-04-25,0.6968000030517578
2025-04-28,0.7029999923706055
2025-04-29,0.6834000015258789
2025-04-30,0.6940000152587891
2025-05-01,0.6920000076293945
2025-05-02,0.6536000061035157
2025-05-05,0.6727999877929688
2025-05-06,0.6952000045776368
2025-05-07,0.6709999847412109
2025-05-08,0.6495999908447265
2025-05-09,0.6379999923706055
2025-05-12,0.5677999877929687
2025-05-13,0.5643999862670899
2025-05-14,0.572400016784668
2025-05-15,0.5565999984741211
2025-05-16,0.5447999954223632
2025-05-19,0.5627999877929688
2025-05-20,0.5618000030517578
2025-05-21,0.6174000167846679
2025-05-22,0.6056000137329102
2025-05-23,0.6458000183105469
2025-05-27,0.5791999816894531
2025-05-28,0.5861999893188476
2025-05-29,0.5836000061035156
2025-05-30,0.5713999938964844
2025-06-02,0.5672000122070313
2025-06-03,0.5538000106811524
2025-06-04,0.5522000122070313
2025-06-05,0.5695999908447266
2025-06-06,0.5354000091552734
2025-06-09,0.5431999969482422
2025-06-10,0.539000015258789
2025-06-11,0.5452000045776367
2025-06-12,0.5604000091552734
2025-06-13,0.6163999938964844
2025-06-16,0.5822000122070312
2025-06-17,0.6320000076293946
2025-06-18,0.6027999877929687
2025-06-20,0.6124000167846679
2025-06-23,0.596599998474121
2025-06-24,0.5495999908447265
2025-06-25,0.5352000045776367
2025-06-26,0.5318000030517578
2025-06-27,0.5263999938964844
2025-06-30,0.5345999908447265
2025-07-01,0.5365999984741211
2025-07-02,0.5327999877929688
2025-07-03,0.5275999832153321
2025-07-07,0.5558000183105469
2025-07-08,0.5361999893188476
2025-07-09,0.518799991607666
2025-07-10,0.5155999946594239
2025-07-11,0.5279999923706055
2025-07-14,0.544000015258789
2025-07-15,0.547599983215332
2025-07-16,0.5431999969482422
2025-07-17,0.5304000091552734
2025-07-18,0.5281999969482422
2025-07-21,0.5329999923706055
2025-07-22,0.53
2025-07-23,0.5073999977111816
2025-07-24,0.5078000068664551
2025-07-25,0.4986000061035156
2025-07-28,0.5005999946594238
2025-07-29,0.5195999908447265
2025-07-30,0.5095999908447265
2025-07-31,0.5343999862670898
2025-08-01,0.607599983215332
2025-08-04,0.5504000091552734
2025-08-05,0.5570000076293945
2025-08-06,0.5354000091552734
2025-08-07,0.5313999938964844
2025-08-08,0.5029999923706054
2025-08-11,0.525
2025-08-12,0.49459999084472656
2025-08-13,0.4897999954223633
2025-08-14,0.4965999984741211
2025-08-15,0.5018000030517578
2025-08-18,0.4997999954223633
2025-08-19,0.5113999938964844
2025-08-20,0.513799991607666
2025-08-21,0.5320000076293945
2025-08-22,0.48440000534057615
2025-08-25,0.49579999923706053
2025-08-26,0.49239999771118165
2025-08-27,0.49700000762939456
2025-08-28,0.4886000061035156
2025-08-29,0.5071999931335449
2025-09-02,0.5434000015258789
2025-09-03,0.5270000076293946
2025-09-04,0.5060000038146972
2025-09-05,0.5036000061035156
2025-09-08,0.5021999931335449
2025-09-09,0.5007999992370605
2025-09-10,0.5070000076293946
2025-09-11,0.49420000076293946
2025-09-12,0.49520000457763674
2025-09-15,0.513799991607666
2025-09-16,0.5272000122070313
2025-09-17,0.5144000053405762
2025-09-18,0.5139999961853028
2025-09-19,0.5089999961853028
2025-09-22,0.5220000076293946
2025-09-23,0.5327999877929688
2025-09-24,0.5236000061035156
2025-09-25,0.5347999954223632
2025-09-26,0.5057999992370605
2025-09-29,0.522400016784668
2025-09-30,0.5256000137329102
2025-10-01,0.5258000183105469
2025-10-02,0.5325999832153321
2025-10-03,0.5329999923706055
2025-10-06,0.527400016784668
2025-10-07,0.5447999954223632
2025-10-08,0.5259999847412109
2025-10-09,0.5286000061035157
2025-10-10,0.6331999969482422
2025-10-13,0.5806000137329101
2025-10-14,0.6161999893188477
2025-10-15,0.6127999877929687
2025-10-16,0.7061999893188476
2025-10-17,0.6156000137329102
2025-10-20,0.5645999908447266
2025-10-21,0.557400016784668
2025-10-22,0.5720000076293945
2025-10-23,0.5459999847412109
2025-10-24,0.527400016784668
2025-10-27,0.5157999992370605
2025-10-28,0.528400001525879
2025-10-29,0.5384000015258789
2025-10-30,0.5381999969482422
2025-10-31,0.5488000106811524
2025-11-03,0.5434000015258789
2025-11-04,0.58
2025-11-05,0.5602000045776367
2025-11-06,0.59
2025-11-07,0.5815999984741211
2025-11-10,0.5520000076293945
2025-11-11,0.5456000137329101
2025-11-12,0.5502000045776367
2025-11-13,0.6
2025-11-14,0.596599998474121
2025-11-17,0.6475999832153321
2025-11-18,0.6938000106811524
2025-11-19,0.6731999969482422
2025-11-20,0.7284000015258789
2025-11-21,0.6686000061035157
2025-11-24,0.6104000091552735
2025-11-25,0.5711999893188476
2025-11-26,0.5438000106811524
2025-11-28,0.5270000076293946
2025-12-01,0.5447999954223632
2025-12-02,0.5318000030517578
2025-12-03,0.5215999984741211
2025-12-04,0.5155999946594239
2025-12-05,0.5081999969482421
2025-12-08,0.5331999969482422
2025-12-09,0.5386000061035157
2025-12-10,0.5154000091552734
2025-12-11,0.49700000762939456
2025-12-12,0.5147999954223633
2025-12-15,0.53
2025-12-16,0.5295999908447265
2025-12-17,0.552400016784668
2025-12-18,0.537400016784668
2025-12-19,0.4981999969482422
2025-12-22,0.4815999984741211
2025-12-23,0.48
2025-12-24,0.4694000053405762
2025-12-26,0.47200000762939454
2025-12-29,0.48399999618530276
2025-12-30,0.4865999984741211
2025-12-31,0.4989999961853027
2026-01-02,0.49020000457763674
2026-01-05,0.4979999923706055
2026-01-06,0.495
2026-01-07,0.5076000022888184
2026-01-08,0.5089999961853028
2026-01-09,0.4897999954223633
2026-01-12,0.5023999977111816
2026-01-13,0.5195999908447265
2026-01-14,0.535
2026-01-15,0.5168000030517578
2026-01-16,0.5171999931335449
2026-01-20,0.6018000030517578
2026-01-21,0.5379999923706055
2026-01-22,0.5128000068664551
2026-01-23,0.5218000030517578
2026-01-26,0.5229999923706055
2026-01-27,0.5270000076293946
2026-01-28,0.5270000076293946
2026-01-29,0.537599983215332
2026-01-30,0.5488000106811524
2026-02-02,0.5268000030517578
2026-02-03,0.56
2026-02-04,0.5727999877929688
2026-02-05,0.6354000091552734
2026-02-06,0.6074000167846679
2026-02-09,0.5472000122070313
2026-02-10,0.5558000183105469
2026-02-11,0.5529999923706055
2026-02-12,0.6163999938964844
2026-02-13,0.6120000076293945
2026-02-17,0.6058000183105469
2026-02-18,0.5924000167846679
2026-02-19,0.6045999908447266
2026-02-20,0.5818000030517578
2026-02-23,0.6202000045776367
2026-02-24,0.590999984741211
2026-02-25,0.5586000061035157
2026-02-26,0.572599983215332
2026-02-27,0.5972000122070312
2026-03-02,0.6288000106811523
2026-03-03,0.6713999938964844
2026-03-04,0.6229999923706054
2026-03-05,0.675
2026-03-06,0.7897999954223633
2026-03-09,0.71
2026-03-10,0.6986000061035156
2026-03-11,0.6845999908447266
2026-03-12,0.7458000183105469
2026-03-13,0.7438000106811523
2026-03-16,0.6702000045776367
2026-03-17,0.647400016784668
2026-03-18,0.7018000030517578
2026-03-19,0.6811999893188476
2026-03-20,0.7356000137329102
2026-03-23,0.7229999923706054
2026-03-24,0.739000015258789
2026-03-25,0.7065999984741211
2026-03-26,0.7488000106811523
2026-03-27,0.8209999847412109
2026-03-30,0.8122000122070312
2026-03-31,0.7050000000000001
2026-04-01,0.6908000183105469
2026-04-02,0.677400016784668
